/*******************************************************************************
 * Size: 128 px
 * Bpp: 1
 * Opts: --bpp 1 --size 128 --no-compress --font helvn_b.ttf --symbols 0123456789-?%. ABCDEFGHIJKLMNOPQRSTUVWXYZabsdefghijklmnopqrstuvwxyz --format lvgl -o big_fault_font.c
 ******************************************************************************/

#ifdef LV_LVGL_H_INCLUDE_SIMPLE
#include "lvgl.h"
#else
#include "lvgl/lvgl.h"
#endif

#ifndef BIG_FAULT_FONT
#define BIG_FAULT_FONT 1
#endif

#if BIG_FAULT_FONT

/*-----------------
 *    BITMAPS
 *----------------*/

/*Store the image of the glyphs*/
static LV_ATTRIBUTE_LARGE_CONST const uint8_t glyph_bitmap[] = {
    /* U+0020 " " */
    0x0,

    /* U+0025 "%" */
    0x0, 0x1, 0xfe, 0x0, 0x0, 0x0, 0x0, 0xf,
    0xf0, 0x0, 0x0, 0x0, 0xf, 0xff, 0xc0, 0x0,
    0x0, 0x0, 0xf, 0xf0, 0x0, 0x0, 0x0, 0x3f,
    0xff, 0xe0, 0x0, 0x0, 0x0, 0x1f, 0xe0, 0x0,
    0x0, 0x0, 0x7f, 0xff, 0xf8, 0x0, 0x0, 0x0,
    0x1f, 0xe0, 0x0, 0x0, 0x0, 0xff, 0xff, 0xfc,
    0x0, 0x0, 0x0, 0x3f, 0xc0, 0x0, 0x0, 0x1,
    0xff, 0xff, 0xfe, 0x0, 0x0, 0x0, 0x3f, 0xc0,
    0x0, 0x0, 0x3, 0xff, 0xff, 0xff, 0x0, 0x0,
    0x0, 0x7f, 0x80, 0x0, 0x0, 0x7, 0xff, 0xff,
    0xff, 0x80, 0x0, 0x0, 0x7f, 0x80, 0x0, 0x0,
    0xf, 0xff, 0xff, 0xff, 0xc0, 0x0, 0x0, 0x7f,
    0x80, 0x0, 0x0, 0xf, 0xff, 0xff, 0xff, 0xc0,
    0x0, 0x0, 0xff, 0x0, 0x0, 0x0, 0x1f, 0xff,
    0xff, 0xff, 0xe0, 0x0, 0x0, 0xff, 0x0, 0x0,
    0x0, 0x3f, 0xff, 0xff, 0xff, 0xe0, 0x0, 0x1,
    0xfe, 0x0, 0x0, 0x0, 0x3f, 0xff, 0xff, 0xff,
    0xf0, 0x0, 0x1, 0xfe, 0x0, 0x0, 0x0, 0x3f,
    0xff, 0x7, 0xff, 0xf0, 0x0, 0x3, 0xfc, 0x0,
    0x0, 0x0, 0x7f, 0xfe, 0x1, 0xff, 0xf8, 0x0,
    0x3, 0xfc, 0x0, 0x0, 0x0, 0x7f, 0xfc, 0x0,
    0xff, 0xf8, 0x0, 0x7, 0xf8, 0x0, 0x0, 0x0,
    0x7f, 0xf8, 0x0, 0x7f, 0xf8, 0x0, 0x7, 0xf8,
    0x0, 0x0, 0x0, 0xff, 0xf0, 0x0, 0x3f, 0xf8,
    0x0, 0xf, 0xf0, 0x0, 0x0, 0x0, 0xff, 0xf0,
    0x0, 0x3f, 0xfc, 0x0, 0xf, 0xf0, 0x0, 0x0,
    0x0, 0xff, 0xe0, 0x0, 0x3f, 0xfc, 0x0, 0xf,
    0xf0, 0x0, 0x0, 0x0, 0xff, 0xe0, 0x0, 0x1f,
    0xfc, 0x0, 0x1f, 0xe0, 0x0, 0x0, 0x0, 0xff,
    0xe0, 0x0, 0x1f, 0xfc, 0x0, 0x1f, 0xe0, 0x0,
    0x0, 0x0, 0xff, 0xe0, 0x0, 0x1f, 0xfc, 0x0,
    0x3f, 0xc0, 0x0, 0x0, 0x0, 0xff, 0xe0, 0x0,
    0x1f, 0xfc, 0x0, 0x3f, 0xc0, 0x0, 0x0, 0x0,
    0xff, 0xe0, 0x0, 0x1f, 0xfc, 0x0, 0x7f, 0x80,
    0x0, 0x0, 0x0, 0xff, 0xe0, 0x0, 0x1f, 0xfc,
    0x0, 0x7f, 0x80, 0x0, 0x0, 0x0, 0xff, 0xe0,
    0x0, 0x3f, 0xfc, 0x0, 0xff, 0x0, 0x0, 0x0,
    0x0, 0xff, 0xf0, 0x0, 0x3f, 0xfc, 0x0, 0xff,
    0x0, 0x0, 0x0, 0x0, 0xff, 0xf0, 0x0, 0x3f,
    0xf8, 0x0, 0xfe, 0x0, 0x0, 0x0, 0x0, 0x7f,
    0xf8, 0x0, 0x7f, 0xf8, 0x1, 0xfe, 0x0, 0x0,
    0x0, 0x0, 0x7f, 0xfc, 0x0, 0xff, 0xf8, 0x1,
    0xfe, 0x0, 0x0, 0x0, 0x0, 0x7f, 0xfe, 0x1,
    0xff, 0xf8, 0x3, 0xfc, 0x0, 0x0, 0x0, 0x0,
    0x3f, 0xff, 0x7, 0xff, 0xf0, 0x3, 0xfc, 0x0,
    0x0, 0x0, 0x0, 0x3f, 0xff, 0xff, 0xff, 0xf0,
    0x7, 0xf8, 0x0, 0x0, 0x0, 0x0, 0x3f, 0xff,
    0xff, 0xff, 0xe0, 0x7, 0xf8, 0x0, 0x0, 0x0,
    0x0, 0x1f, 0xff, 0xff, 0xff, 0xe0, 0xf, 0xf0,
    0x0, 0x0, 0x0, 0x0, 0x1f, 0xff, 0xff, 0xff,
    0xc0, 0xf, 0xf0, 0x0, 0x0, 0x0, 0x0, 0xf,
    0xff, 0xff, 0xff, 0xc0, 0xf, 0xe0, 0x0, 0x0,
    0x0, 0x0, 0x7, 0xff, 0xff, 0xff, 0x80, 0x1f,
    0xe0, 0x0, 0x0, 0x0, 0x0, 0x3, 0xff, 0xff,
    0xff, 0x0, 0x1f, 0xc0, 0x0, 0x0, 0x0, 0x0,
    0x1, 0xff, 0xff, 0xfe, 0x0, 0x3f, 0xc0, 0x0,
    0x0, 0x0, 0x0, 0x0, 0xff, 0xff, 0xfc, 0x0,
    0x3f, 0xc0, 0x0, 0x0, 0x0, 0x0, 0x0, 0x7f,
    0xff, 0xf8, 0x0, 0x7f, 0x80, 0x0, 0x0, 0x0,
    0x0, 0x0, 0x3f, 0xff, 0xf0, 0x0, 0x7f, 0x80,
    0x0, 0x0, 0x0, 0x0, 0x0, 0xf, 0xff, 0xc0,
    0x0, 0xff, 0x0, 0x0, 0x0, 0x0, 0x0, 0x0,
    0x1, 0xfe, 0x0, 0x0, 0xff, 0x0, 0x0, 0xff,
    0x0, 0x0, 0x0, 0x0, 0x0, 0x0, 0x1, 0xfe,
    0x0, 0x3, 0xff, 0xe0, 0x0, 0x0, 0x0, 0x0,
    0x0, 0x1, 0xfe, 0x0, 0xf, 0xff, 0xf8, 0x0,
    0x0, 0x0, 0x0, 0x0, 0x1, 0xfc, 0x0, 0x3f,
    0xff, 0xfe, 0x0, 0x0, 0x0, 0x0, 0x0, 0x3,
    0xfc, 0x0, 0x7f, 0xff, 0xff, 0x0, 0x0, 0x0,
    0x0, 0x0, 0x3, 0xf8, 0x0, 0xff, 0xff, 0xff,
    0x80, 0x0, 0x0, 0x0, 0x0, 0x7, 0xf8, 0x1,
    0xff, 0xff, 0xff, 0xc0, 0x0, 0x0, 0x0, 0x0,
    0x7, 0xf8, 0x3, 0xff, 0xff, 0xff, 0xe0, 0x0,
    0x0, 0x0, 0x0, 0xf, 0xf0, 0x7, 0xff, 0xff,
    0xff, 0xe0, 0x0, 0x0, 0x0, 0x0, 0xf, 0xf0,
    0x7, 0xff, 0xff, 0xff, 0xf0, 0x0, 0x0, 0x0,
    0x0, 0x1f, 0xe0, 0xf, 0xff, 0xff, 0xff, 0xf8,
    0x0, 0x0, 0x0, 0x0, 0x1f, 0xe0, 0xf, 0xff,
    0xff, 0xff, 0xf8, 0x0, 0x0, 0x0, 0x0, 0x1f,
    0xc0, 0x1f, 0xff, 0xff, 0xff, 0xfc, 0x0, 0x0,
    0x0, 0x0, 0x3f, 0xc0, 0x1f, 0xff, 0xc1, 0xff,
    0xfc, 0x0, 0x0, 0x0, 0x0, 0x3f, 0x80, 0x3f,
    0xff, 0x0, 0x7f, 0xfc, 0x0, 0x0, 0x0, 0x0,
    0x7f, 0x80, 0x3f, 0xfe, 0x0, 0x3f, 0xfe, 0x0,
    0x0, 0x0, 0x0, 0x7f, 0x0, 0x3f, 0xfc, 0x0,
    0x1f, 0xfe, 0x0, 0x0, 0x0, 0x0, 0xff, 0x0,
    0x3f, 0xfc, 0x0, 0x1f, 0xfe, 0x0, 0x0, 0x0,
    0x0, 0xff, 0x0, 0x7f, 0xf8, 0x0, 0xf, 0xff,
    0x0, 0x0, 0x0, 0x1, 0xfe, 0x0, 0x7f, 0xf8,
    0x0, 0xf, 0xff, 0x0, 0x0, 0x0, 0x1, 0xfe,
    0x0, 0x7f, 0xf0, 0x0, 0x7, 0xff, 0x0, 0x0,
    0x0, 0x3, 0xfc, 0x0, 0x7f, 0xf0, 0x0, 0x7,
    0xff, 0x0, 0x0, 0x0, 0x3, 0xfc, 0x0, 0x7f,
    0xf0, 0x0, 0x7, 0xff, 0x0, 0x0, 0x0, 0x3,
    0xf8, 0x0, 0x7f, 0xf0, 0x0, 0x7, 0xff, 0x0,
    0x0, 0x0, 0x7, 0xf8, 0x0, 0x7f, 0xf0, 0x0,
    0x7, 0xff, 0x0, 0x0, 0x0, 0x7, 0xf0, 0x0,
    0x7f, 0xf0, 0x0, 0x7, 0xff, 0x0, 0x0, 0x0,
    0xf, 0xf0, 0x0, 0x7f, 0xf0, 0x0, 0x7, 0xff,
    0x0, 0x0, 0x0, 0xf, 0xe0, 0x0, 0x7f, 0xf8,
    0x0, 0xf, 0xff, 0x0, 0x0, 0x0, 0x1f, 0xe0,
    0x0, 0x7f, 0xf8, 0x0, 0xf, 0xff, 0x0, 0x0,
    0x0, 0x1f, 0xe0, 0x0, 0x3f, 0xfc, 0x0, 0x1f,
    0xfe, 0x0, 0x0, 0x0, 0x3f, 0xc0, 0x0, 0x3f,
    0xfc, 0x0, 0x1f, 0xfe, 0x0, 0x0, 0x0, 0x3f,
    0xc0, 0x0, 0x3f, 0xfe, 0x0, 0x3f, 0xfe, 0x0,
    0x0, 0x0, 0x3f, 0x80, 0x0, 0x3f, 0xff, 0x0,
    0x7f, 0xfc, 0x0, 0x0, 0x0, 0x7f, 0x80, 0x0,
    0x1f, 0xff, 0xc1, 0xff, 0xfc, 0x0, 0x0, 0x0,
    0x7f, 0x0, 0x0, 0x1f, 0xff, 0xff, 0xff, 0xfc,
    0x0, 0x0, 0x0, 0xff, 0x0, 0x0, 0xf, 0xff,
    0xff, 0xff, 0xf8, 0x0, 0x0, 0x0, 0xfe, 0x0,
    0x0, 0xf, 0xff, 0xff, 0xff, 0xf8, 0x0, 0x0,
    0x1, 0xfe, 0x0, 0x0, 0x7, 0xff, 0xff, 0xff,
    0xf0, 0x0, 0x0, 0x1, 0xfc, 0x0, 0x0, 0x7,
    0xff, 0xff, 0xff, 0xe0, 0x0, 0x0, 0x3, 0xfc,
    0x0, 0x0, 0x3, 0xff, 0xff, 0xff, 0xe0, 0x0,
    0x0, 0x3, 0xfc, 0x0, 0x0, 0x1, 0xff, 0xff,
    0xff, 0xc0, 0x0, 0x0, 0x7, 0xf8, 0x0, 0x0,
    0x0, 0xff, 0xff, 0xff, 0x80, 0x0, 0x0, 0x7,
    0xf8, 0x0, 0x0, 0x0, 0x7f, 0xff, 0xff, 0x0,
    0x0, 0x0, 0x7, 0xf0, 0x0, 0x0, 0x0, 0x3f,
    0xff, 0xfe, 0x0, 0x0, 0x0, 0xf, 0xf0, 0x0,
    0x0, 0x0, 0xf, 0xff, 0xf8, 0x0, 0x0, 0x0,
    0xf, 0xe0, 0x0, 0x0, 0x0, 0x7, 0xff, 0xe0,
    0x0, 0x0, 0x0, 0x1f, 0xe0, 0x0, 0x0, 0x0,
    0x0, 0xff, 0x80, 0x0, 0x0, 0x0, 0x1f, 0xc0,
    0x0, 0x0, 0x0, 0x0, 0x0, 0x0, 0x0,

    /* U+002D "-" */
    0xff, 0xff, 0xff, 0xff, 0xff, 0xff, 0xff, 0xff,
    0xff, 0xff, 0xff, 0xff, 0xff, 0xff, 0xff, 0xff,
    0xff, 0xff, 0xff, 0xff, 0xff, 0xff, 0xff, 0xff,
    0xff, 0xff, 0xff, 0xff, 0xff, 0xff, 0xff, 0xff,
    0xff, 0xff, 0xff, 0xff, 0xff, 0xff, 0xff, 0xff,
    0xff, 0xff, 0xff, 0xff, 0xff, 0xff, 0xff, 0xff,
    0xff, 0xff, 0xff, 0xff, 0xff, 0xff, 0xff, 0xff,
    0xff, 0xff,

    /* U+002E "." */
    0xff, 0xff, 0xff, 0xff, 0xff, 0xff, 0xff, 0xff,
    0xff, 0xff, 0xff, 0xff, 0xff, 0xff, 0xff, 0xff,
    0xff, 0xff, 0xff, 0xff, 0xff, 0xff, 0xff, 0xff,
    0xff, 0xff, 0xff, 0xff, 0xff, 0xff, 0xff, 0xff,
    0xff, 0xff, 0xff, 0xff,

    /* U+0030 "0" */
    0x0, 0x0, 0x7, 0xfe, 0x0, 0x0, 0x0, 0x0,
    0x7, 0xff, 0xfe, 0x0, 0x0, 0x0, 0x1, 0xff,
    0xff, 0xf8, 0x0, 0x0, 0x0, 0x7f, 0xff, 0xff,
    0xe0, 0x0, 0x0, 0xf, 0xff, 0xff, 0xff, 0x0,
    0x0, 0x1, 0xff, 0xff, 0xff, 0xf8, 0x0, 0x0,
    0x3f, 0xff, 0xff, 0xff, 0xc0, 0x0, 0x7, 0xff,
    0xff, 0xff, 0xfe, 0x0, 0x0, 0xff, 0xff, 0xff,
    0xff, 0xf0, 0x0, 0xf, 0xff, 0xff, 0xff, 0xff,
    0x0, 0x1, 0xff, 0xff, 0xff, 0xff, 0xf8, 0x0,
    0x3f, 0xff, 0xff, 0xff, 0xff, 0xc0, 0x3, 0xff,
    0xff, 0xff, 0xff, 0xfc, 0x0, 0x7f, 0xff, 0xff,
    0xff, 0xff, 0xe0, 0x7, 0xff, 0xff, 0xff, 0xff,
    0xfe, 0x0, 0xff, 0xff, 0xe0, 0x7f, 0xff, 0xf0,
    0xf, 0xff, 0xf8, 0x1, 0xff, 0xff, 0x0, 0xff,
    0xff, 0x0, 0xf, 0xff, 0xf0, 0x1f, 0xff, 0xe0,
    0x0, 0x7f, 0xff, 0x81, 0xff, 0xfc, 0x0, 0x3,
    0xff, 0xf8, 0x1f, 0xff, 0xc0, 0x0, 0x3f, 0xff,
    0x81, 0xff, 0xfc, 0x0, 0x3, 0xff, 0xf8, 0x3f,
    0xff, 0x80, 0x0, 0x1f, 0xff, 0xc3, 0xff, 0xf8,
    0x0, 0x1, 0xff, 0xfc, 0x3f, 0xff, 0x80, 0x0,
    0x1f, 0xff, 0xc3, 0xff, 0xf0, 0x0, 0x0, 0xff,
    0xfc, 0x7f, 0xff, 0x0, 0x0, 0xf, 0xff, 0xc7,
    0xff, 0xf0, 0x0, 0x0, 0xff, 0xfe, 0x7f, 0xff,
    0x0, 0x0, 0xf, 0xff, 0xe7, 0xff, 0xf0, 0x0,
    0x0, 0xff, 0xfe, 0x7f, 0xff, 0x0, 0x0, 0xf,
    0xff, 0xe7, 0xff, 0xf0, 0x0, 0x0, 0xff, 0xfe,
    0x7f, 0xfe, 0x0, 0x0, 0xf, 0xff, 0xe7, 0xff,
    0xe0, 0x0, 0x0, 0x7f, 0xfe, 0xff, 0xfe, 0x0,
    0x0, 0x7, 0xff, 0xef, 0xff, 0xe0, 0x0, 0x0,
    0x7f, 0xff, 0xff, 0xfe, 0x0, 0x0, 0x7, 0xff,
    0xff, 0xff, 0xe0, 0x0, 0x0, 0x7f, 0xff, 0xff,
    0xfe, 0x0, 0x0, 0x7, 0xff, 0xff, 0xff, 0xe0,
    0x0, 0x0, 0x7f, 0xff, 0xff, 0xfe, 0x0, 0x0,
    0x7, 0xff, 0xff, 0xff, 0xe0, 0x0, 0x0, 0x7f,
    0xff, 0xff, 0xfe, 0x0, 0x0, 0x7, 0xff, 0xff,
    0xff, 0xe0, 0x0, 0x0, 0x7f, 0xff, 0xff, 0xfe,
    0x0, 0x0, 0x7, 0xff, 0xff, 0xff, 0xe0, 0x0,
    0x0, 0x7f, 0xff, 0xff, 0xfe, 0x0, 0x0, 0x7,
    0xff, 0xff, 0xff, 0xe0, 0x0, 0x0, 0x7f, 0xff,
    0xff, 0xfe, 0x0, 0x0, 0x7, 0xff, 0xff, 0xff,
    0xe0, 0x0, 0x0, 0x7f, 0xff, 0xff, 0xfe, 0x0,
    0x0, 0x7, 0xff, 0xff, 0xff, 0xe0, 0x0, 0x0,
    0x7f, 0xff, 0xff, 0xfe, 0x0, 0x0, 0x7, 0xff,
    0xff, 0xff, 0xe0, 0x0, 0x0, 0x7f, 0xff, 0xff,
    0xfe, 0x0, 0x0, 0x7, 0xff, 0xff, 0xff, 0xe0,
    0x0, 0x0, 0x7f, 0xff, 0xff, 0xfe, 0x0, 0x0,
    0x7, 0xff, 0xff, 0xff, 0xe0, 0x0, 0x0, 0x7f,
    0xff, 0xff, 0xfe, 0x0, 0x0, 0x7, 0xff, 0xff,
    0xff, 0xe0, 0x0, 0x0, 0x7f, 0xfe, 0x7f, 0xfe,
    0x0, 0x0, 0x7, 0xff, 0xe7, 0xff, 0xe0, 0x0,
    0x0, 0xff, 0xfe, 0x7f, 0xff, 0x0, 0x0, 0xf,
    0xff, 0xe7, 0xff, 0xf0, 0x0, 0x0, 0xff, 0xfe,
    0x7f, 0xff, 0x0, 0x0, 0xf, 0xff, 0xe7, 0xff,
    0xf0, 0x0, 0x0, 0xff, 0xfe, 0x7f, 0xff, 0x0,
    0x0, 0xf, 0xff, 0xe7, 0xff, 0xf0, 0x0, 0x0,
    0xff, 0xfc, 0x3f, 0xff, 0x0, 0x0, 0x1f, 0xff,
    0xc3, 0xff, 0xf8, 0x0, 0x1, 0xff, 0xfc, 0x3f,
    0xff, 0x80, 0x0, 0x1f, 0xff, 0xc3, 0xff, 0xf8,
    0x0, 0x1, 0xff, 0xfc, 0x1f, 0xff, 0xc0, 0x0,
    0x3f, 0xff, 0x81, 0xff, 0xfc, 0x0, 0x3, 0xff,
    0xf8, 0x1f, 0xff, 0xc0, 0x0, 0x7f, 0xff, 0x81,
    0xff, 0xfe, 0x0, 0x7, 0xff, 0xf8, 0xf, 0xff,
    0xf0, 0x0, 0xff, 0xff, 0x0, 0xff, 0xff, 0x80,
    0x1f, 0xff, 0xf0, 0xf, 0xff, 0xfe, 0x7, 0xff,
    0xfe, 0x0, 0x7f, 0xff, 0xff, 0xff, 0xff, 0xe0,
    0x7, 0xff, 0xff, 0xff, 0xff, 0xfe, 0x0, 0x3f,
    0xff, 0xff, 0xff, 0xff, 0xc0, 0x3, 0xff, 0xff,
    0xff, 0xff, 0xfc, 0x0, 0x1f, 0xff, 0xff, 0xff,
    0xff, 0x80, 0x0, 0xff, 0xff, 0xff, 0xff, 0xf0,
    0x0, 0xf, 0xff, 0xff, 0xff, 0xff, 0x0, 0x0,
    0x7f, 0xff, 0xff, 0xff, 0xe0, 0x0, 0x3, 0xff,
    0xff, 0xff, 0xfc, 0x0, 0x0, 0x1f, 0xff, 0xff,
    0xff, 0x80, 0x0, 0x0, 0xff, 0xff, 0xff, 0xf0,
    0x0, 0x0, 0x7, 0xff, 0xff, 0xfe, 0x0, 0x0,
    0x0, 0x1f, 0xff, 0xff, 0x80, 0x0, 0x0, 0x0,
    0x7f, 0xff, 0xe0, 0x0, 0x0, 0x0, 0x0, 0x7f,
    0xe0, 0x0, 0x0,

    /* U+0031 "1" */
    0x0, 0x0, 0xf, 0xff, 0x80, 0x0, 0x7, 0xff,
    0xc0, 0x0, 0x3, 0xff, 0xe0, 0x0, 0x1, 0xff,
    0xf0, 0x0, 0x0, 0xff, 0xf8, 0x0, 0x0, 0x7f,
    0xfc, 0x0, 0x0, 0x7f, 0xfe, 0x0, 0x0, 0x3f,
    0xff, 0x0, 0x0, 0x3f, 0xff, 0x80, 0x0, 0x3f,
    0xff, 0xc0, 0x0, 0x1f, 0xff, 0xe0, 0x0, 0x1f,
    0xff, 0xf0, 0x0, 0x3f, 0xff, 0xf8, 0x0, 0x3f,
    0xff, 0xfc, 0x0, 0x7f, 0xff, 0xfe, 0x1, 0xff,
    0xff, 0xff, 0xff, 0xff, 0xff, 0xff, 0xff, 0xff,
    0xff, 0xff, 0xff, 0xff, 0xff, 0xff, 0xff, 0xff,
    0xff, 0xff, 0xff, 0xff, 0xff, 0xff, 0xff, 0xff,
    0xff, 0xff, 0xff, 0xff, 0xff, 0xff, 0xff, 0xff,
    0xff, 0xff, 0xff, 0xff, 0xff, 0xff, 0xff, 0xff,
    0xff, 0xff, 0xff, 0xff, 0xff, 0xff, 0xff, 0xff,
    0xff, 0xff, 0xff, 0xf0, 0x0, 0x3, 0xff, 0xf8,
    0x0, 0x1, 0xff, 0xfc, 0x0, 0x0, 0xff, 0xfe,
    0x0, 0x0, 0x7f, 0xff, 0x0, 0x0, 0x3f, 0xff,
    0x80, 0x0, 0x1f, 0xff, 0xc0, 0x0, 0xf, 0xff,
    0xe0, 0x0, 0x7, 0xff, 0xf0, 0x0, 0x3, 0xff,
    0xf8, 0x0, 0x1, 0xff, 0xfc, 0x0, 0x0, 0xff,
    0xfe, 0x0, 0x0, 0x7f, 0xff, 0x0, 0x0, 0x3f,
    0xff, 0x80, 0x0, 0x1f, 0xff, 0xc0, 0x0, 0xf,
    0xff, 0xe0, 0x0, 0x7, 0xff, 0xf0, 0x0, 0x3,
    0xff, 0xf8, 0x0, 0x1, 0xff, 0xfc, 0x0, 0x0,
    0xff, 0xfe, 0x0, 0x0, 0x7f, 0xff, 0x0, 0x0,
    0x3f, 0xff, 0x80, 0x0, 0x1f, 0xff, 0xc0, 0x0,
    0xf, 0xff, 0xe0, 0x0, 0x7, 0xff, 0xf0, 0x0,
    0x3, 0xff, 0xf8, 0x0, 0x1, 0xff, 0xfc, 0x0,
    0x0, 0xff, 0xfe, 0x0, 0x0, 0x7f, 0xff, 0x0,
    0x0, 0x3f, 0xff, 0x80, 0x0, 0x1f, 0xff, 0xc0,
    0x0, 0xf, 0xff, 0xe0, 0x0, 0x7, 0xff, 0xf0,
    0x0, 0x3, 0xff, 0xf8, 0x0, 0x1, 0xff, 0xfc,
    0x0, 0x0, 0xff, 0xfe, 0x0, 0x0, 0x7f, 0xff,
    0x0, 0x0, 0x3f, 0xff, 0x80, 0x0, 0x1f, 0xff,
    0xc0, 0x0, 0xf, 0xff, 0xe0, 0x0, 0x7, 0xff,
    0xf0, 0x0, 0x3, 0xff, 0xf8, 0x0, 0x1, 0xff,
    0xfc, 0x0, 0x0, 0xff, 0xfe, 0x0, 0x0, 0x7f,
    0xff, 0x0, 0x0, 0x3f, 0xff, 0x80, 0x0, 0x1f,
    0xff, 0xc0, 0x0, 0xf, 0xff, 0xe0, 0x0, 0x7,
    0xff, 0xf0, 0x0, 0x3, 0xff, 0xf8, 0x0, 0x1,
    0xff, 0xfc, 0x0, 0x0, 0xff, 0xfe, 0x0, 0x0,
    0x7f, 0xff, 0x0, 0x0, 0x3f, 0xff, 0x80, 0x0,
    0x1f, 0xff, 0xc0, 0x0, 0xf, 0xff, 0xe0, 0x0,
    0x7, 0xff, 0xf0, 0x0, 0x3, 0xff, 0xf8, 0x0,
    0x1, 0xff, 0xfc, 0x0, 0x0, 0xff, 0xfe, 0x0,
    0x0, 0x7f, 0xff, 0x0, 0x0, 0x3f, 0xff, 0x80,
    0x0, 0x1f, 0xff, 0xc0, 0x0, 0xf, 0xff, 0xe0,

    /* U+0032 "2" */
    0x0, 0x0, 0xf, 0xfe, 0x0, 0x0, 0x0, 0x0,
    0xf, 0xff, 0xf8, 0x0, 0x0, 0x0, 0xf, 0xff,
    0xff, 0xe0, 0x0, 0x0, 0x3, 0xff, 0xff, 0xff,
    0x0, 0x0, 0x1, 0xff, 0xff, 0xff, 0xf0, 0x0,
    0x0, 0x7f, 0xff, 0xff, 0xff, 0x0, 0x0, 0x1f,
    0xff, 0xff, 0xff, 0xf8, 0x0, 0x7, 0xff, 0xff,
    0xff, 0xff, 0x80, 0x1, 0xff, 0xff, 0xff, 0xff,
    0xf0, 0x0, 0x3f, 0xff, 0xff, 0xff, 0xff, 0x0,
    0xf, 0xff, 0xff, 0xff, 0xff, 0xf0, 0x3, 0xff,
    0xff, 0xff, 0xff, 0xff, 0x0, 0x7f, 0xff, 0xff,
    0xff, 0xff, 0xe0, 0x1f, 0xff, 0xff, 0xff, 0xff,
    0xfe, 0x3, 0xff, 0xff, 0xff, 0xff, 0xff, 0xc0,
    0x7f, 0xff, 0xe0, 0x3f, 0xff, 0xfc, 0x1f, 0xff,
    0xf0, 0x1, 0xff, 0xff, 0x83, 0xff, 0xfc, 0x0,
    0x1f, 0xff, 0xf0, 0x7f, 0xff, 0x0, 0x1, 0xff,
    0xff, 0x1f, 0xff, 0xc0, 0x0, 0x1f, 0xff, 0xe3,
    0xff, 0xf8, 0x0, 0x3, 0xff, 0xfc, 0x7f, 0xfe,
    0x0, 0x0, 0x3f, 0xff, 0x8f, 0xff, 0xc0, 0x0,
    0x7, 0xff, 0xf9, 0xff, 0xf8, 0x0, 0x0, 0xff,
    0xff, 0x7f, 0xff, 0x0, 0x0, 0xf, 0xff, 0xef,
    0xff, 0xc0, 0x0, 0x1, 0xff, 0xfd, 0xff, 0xf8,
    0x0, 0x0, 0x3f, 0xff, 0xbf, 0xff, 0x0, 0x0,
    0x7, 0xff, 0xf7, 0xff, 0xe0, 0x0, 0x0, 0xff,
    0xfe, 0xff, 0xfc, 0x0, 0x0, 0x1f, 0xff, 0xdf,
    0xff, 0x80, 0x0, 0x3, 0xff, 0xfb, 0xff, 0xf0,
    0x0, 0x0, 0x7f, 0xff, 0x0, 0x0, 0x0, 0x0,
    0xf, 0xff, 0xe0, 0x0, 0x0, 0x0, 0x3, 0xff,
    0xfc, 0x0, 0x0, 0x0, 0x0, 0x7f, 0xff, 0x80,
    0x0, 0x0, 0x0, 0xf, 0xff, 0xe0, 0x0, 0x0,
    0x0, 0x3, 0xff, 0xfc, 0x0, 0x0, 0x0, 0x0,
    0x7f, 0xff, 0x80, 0x0, 0x0, 0x0, 0x1f, 0xff,
    0xf0, 0x0, 0x0, 0x0, 0x3, 0xff, 0xfc, 0x0,
    0x0, 0x0, 0x0, 0xff, 0xff, 0x80, 0x0, 0x0,
    0x0, 0x3f, 0xff, 0xf0, 0x0, 0x0, 0x0, 0xf,
    0xff, 0xfc, 0x0, 0x0, 0x0, 0x3, 0xff, 0xff,
    0x80, 0x0, 0x0, 0x0, 0xff, 0xff, 0xe0, 0x0,
    0x0, 0x0, 0x3f, 0xff, 0xfc, 0x0, 0x0, 0x0,
    0xf, 0xff, 0xff, 0x0, 0x0, 0x0, 0x3, 0xff,
    0xff, 0xe0, 0x0, 0x0, 0x0, 0xff, 0xff, 0xf8,
    0x0, 0x0, 0x0, 0x3f, 0xff, 0xfe, 0x0, 0x0,
    0x0, 0xf, 0xff, 0xff, 0x80, 0x0, 0x0, 0x3,
    0xff, 0xff, 0xf0, 0x0, 0x0, 0x0, 0xff, 0xff,
    0xfc, 0x0, 0x0, 0x0, 0x3f, 0xff, 0xff, 0x0,
    0x0, 0x0, 0xf, 0xff, 0xff, 0xc0, 0x0, 0x0,
    0x7, 0xff, 0xff, 0xe0, 0x0, 0x0, 0x1, 0xff,
    0xff, 0xf8, 0x0, 0x0, 0x0, 0x7f, 0xff, 0xfe,
    0x0, 0x0, 0x0, 0x1f, 0xff, 0xff, 0x80, 0x0,
    0x0, 0x7, 0xff, 0xff, 0xe0, 0x0, 0x0, 0x1,
    0xff, 0xff, 0xf8, 0x0, 0x0, 0x0, 0x7f, 0xff,
    0xfc, 0x0, 0x0, 0x0, 0xf, 0xff, 0xff, 0x0,
    0x0, 0x0, 0x3, 0xff, 0xff, 0xc0, 0x0, 0x0,
    0x0, 0xff, 0xff, 0xf0, 0x0, 0x0, 0x0, 0x3f,
    0xff, 0xfc, 0x0, 0x0, 0x0, 0x7, 0xff, 0xff,
    0x0, 0x0, 0x0, 0x1, 0xff, 0xff, 0xc0, 0x0,
    0x0, 0x0, 0x7f, 0xff, 0xf0, 0x0, 0x0, 0x0,
    0xf, 0xff, 0xf8, 0x0, 0x0, 0x0, 0x3, 0xff,
    0xff, 0x0, 0x0, 0x0, 0x0, 0x7f, 0xff, 0xc0,
    0x0, 0x0, 0x0, 0x1f, 0xff, 0xf0, 0x0, 0x0,
    0x0, 0x3, 0xff, 0xfc, 0x0, 0x0, 0x0, 0x0,
    0xff, 0xff, 0x80, 0x0, 0x0, 0x0, 0x1f, 0xff,
    0xff, 0xff, 0xff, 0xff, 0xf3, 0xff, 0xff, 0xff,
    0xff, 0xff, 0xfe, 0xff, 0xff, 0xff, 0xff, 0xff,
    0xff, 0xdf, 0xff, 0xff, 0xff, 0xff, 0xff, 0xfb,
    0xff, 0xff, 0xff, 0xff, 0xff, 0xff, 0x7f, 0xff,
    0xff, 0xff, 0xff, 0xff, 0xef, 0xff, 0xff, 0xff,
    0xff, 0xff, 0xff, 0xff, 0xff, 0xff, 0xff, 0xff,
    0xff, 0xff, 0xff, 0xff, 0xff, 0xff, 0xff, 0xff,
    0xff, 0xff, 0xff, 0xff, 0xff, 0xff, 0xff, 0xff,
    0xff, 0xff, 0xff, 0xff, 0xff, 0xff, 0xff, 0xff,
    0xff, 0xff, 0xff, 0xff, 0xff, 0xff, 0xff, 0xff,
    0xff, 0xff, 0xff, 0xff, 0xff, 0xff, 0xff, 0xff,
    0xff, 0xff, 0xff, 0xff, 0xff, 0xff, 0xff, 0xff,
    0xff, 0xff, 0xff, 0xff, 0x80,

    /* U+0033 "3" */
    0x0, 0x0, 0xf, 0xfe, 0x0, 0x0, 0x0, 0x0,
    0xf, 0xff, 0xf8, 0x0, 0x0, 0x0, 0xf, 0xff,
    0xff, 0xe0, 0x0, 0x0, 0x7, 0xff, 0xff, 0xfe,
    0x0, 0x0, 0x1, 0xff, 0xff, 0xff, 0xf0, 0x0,
    0x0, 0x7f, 0xff, 0xff, 0xff, 0x0, 0x0, 0x1f,
    0xff, 0xff, 0xff, 0xf0, 0x0, 0x7, 0xff, 0xff,
    0xff, 0xff, 0x0, 0x1, 0xff, 0xff, 0xff, 0xff,
    0xf0, 0x0, 0x7f, 0xff, 0xff, 0xff, 0xff, 0x0,
    0xf, 0xff, 0xff, 0xff, 0xff, 0xe0, 0x3, 0xff,
    0xff, 0xff, 0xff, 0xfe, 0x0, 0xff, 0xff, 0xff,
    0xff, 0xff, 0xc0, 0x1f, 0xff, 0xff, 0xff, 0xff,
    0xfc, 0x3, 0xff, 0xff, 0xff, 0xff, 0xff, 0x80,
    0xff, 0xff, 0xc0, 0x7f, 0xff, 0xf8, 0x1f, 0xff,
    0xe0, 0x3, 0xff, 0xff, 0x3, 0xff, 0xf8, 0x0,
    0x3f, 0xff, 0xe0, 0xff, 0xfe, 0x0, 0x3, 0xff,
    0xfc, 0x1f, 0xff, 0xc0, 0x0, 0x7f, 0xff, 0xc3,
    0xff, 0xf0, 0x0, 0x7, 0xff, 0xf8, 0x7f, 0xfe,
    0x0, 0x0, 0xff, 0xff, 0x1f, 0xff, 0xc0, 0x0,
    0x1f, 0xff, 0xe3, 0xff, 0xf0, 0x0, 0x1, 0xff,
    0xfc, 0x7f, 0xfe, 0x0, 0x0, 0x3f, 0xff, 0x8f,
    0xff, 0xc0, 0x0, 0x7, 0xff, 0xf1, 0xff, 0xf8,
    0x0, 0x0, 0xff, 0xfe, 0x3f, 0xff, 0x0, 0x0,
    0x1f, 0xff, 0xc7, 0xff, 0xe0, 0x0, 0x3, 0xff,
    0xf8, 0xff, 0xfc, 0x0, 0x0, 0x7f, 0xff, 0x0,
    0x0, 0x0, 0x0, 0xf, 0xff, 0xe0, 0x0, 0x0,
    0x0, 0x3, 0xff, 0xf8, 0x0, 0x0, 0x0, 0x0,
    0x7f, 0xff, 0x0, 0x0, 0x0, 0x0, 0xf, 0xff,
    0xe0, 0x0, 0x0, 0x0, 0x3, 0xff, 0xfc, 0x0,
    0x0, 0x0, 0x0, 0xff, 0xff, 0x0, 0x0, 0x0,
    0x0, 0x3f, 0xff, 0xe0, 0x0, 0x0, 0x0, 0xf,
    0xff, 0xf8, 0x0, 0x0, 0x0, 0x7, 0xff, 0xfe,
    0x0, 0x0, 0x0, 0xff, 0xff, 0xff, 0x80, 0x0,
    0x0, 0x1f, 0xff, 0xff, 0xe0, 0x0, 0x0, 0x3,
    0xff, 0xff, 0xf8, 0x0, 0x0, 0x0, 0x7f, 0xff,
    0xfe, 0x0, 0x0, 0x0, 0xf, 0xff, 0xff, 0x80,
    0x0, 0x0, 0x1, 0xff, 0xff, 0xfc, 0x0, 0x0,
    0x0, 0x3f, 0xff, 0xff, 0xc0, 0x0, 0x0, 0x7,
    0xff, 0xff, 0xfc, 0x0, 0x0, 0x0, 0xff, 0xff,
    0xff, 0xc0, 0x0, 0x0, 0x1f, 0xff, 0xff, 0xfc,
    0x0, 0x0, 0x3, 0xff, 0xff, 0xff, 0xc0, 0x0,
    0x0, 0x7f, 0xff, 0xff, 0xfc, 0x0, 0x0, 0xf,
    0xff, 0xff, 0xff, 0x80, 0x0, 0x0, 0x3, 0xff,
    0xff, 0xf8, 0x0, 0x0, 0x0, 0x7, 0xff, 0xff,
    0x0, 0x0, 0x0, 0x0, 0x7f, 0xff, 0xe0, 0x0,
    0x0, 0x0, 0x3, 0xff, 0xfe, 0x0, 0x0, 0x0,
    0x0, 0x3f, 0xff, 0xc0, 0x0, 0x0, 0x0, 0x7,
    0xff, 0xf8, 0x0, 0x0, 0x0, 0x0, 0x7f, 0xff,
    0x0, 0x0, 0x0, 0x0, 0xf, 0xff, 0xf0, 0x0,
    0x0, 0x0, 0x0, 0xff, 0xfe, 0x0, 0x0, 0x0,
    0x0, 0x1f, 0xff, 0xc0, 0x0, 0x0, 0x0, 0x3,
    0xff, 0xf8, 0x0, 0x0, 0x0, 0x0, 0x7f, 0xff,
    0xff, 0xfe, 0x0, 0x0, 0xf, 0xff, 0xff, 0xff,
    0xc0, 0x0, 0x1, 0xff, 0xff, 0xff, 0xf8, 0x0,
    0x0, 0x3f, 0xff, 0xff, 0xff, 0x0, 0x0, 0x7,
    0xff, 0xff, 0xff, 0xe0, 0x0, 0x0, 0xff, 0xff,
    0xff, 0xfe, 0x0, 0x0, 0x1f, 0xff, 0xff, 0xff,
    0xc0, 0x0, 0x7, 0xff, 0xff, 0xff, 0xf8, 0x0,
    0x0, 0xff, 0xfe, 0x7f, 0xff, 0x0, 0x0, 0x1f,
    0xff, 0xcf, 0xff, 0xf0, 0x0, 0x7, 0xff, 0xf9,
    0xff, 0xfe, 0x0, 0x0, 0xff, 0xff, 0x3f, 0xff,
    0xe0, 0x0, 0x3f, 0xff, 0xc3, 0xff, 0xfe, 0x0,
    0xf, 0xff, 0xf8, 0x7f, 0xff, 0xe0, 0x3, 0xff,
    0xff, 0xf, 0xff, 0xff, 0x1, 0xff, 0xff, 0xc0,
    0xff, 0xff, 0xff, 0xff, 0xff, 0xf8, 0x1f, 0xff,
    0xff, 0xff, 0xff, 0xfe, 0x1, 0xff, 0xff, 0xff,
    0xff, 0xff, 0xc0, 0x3f, 0xff, 0xff, 0xff, 0xff,
    0xf0, 0x3, 0xff, 0xff, 0xff, 0xff, 0xfe, 0x0,
    0x3f, 0xff, 0xff, 0xff, 0xff, 0x80, 0x7, 0xff,
    0xff, 0xff, 0xff, 0xe0, 0x0, 0x7f, 0xff, 0xff,
    0xff, 0xf8, 0x0, 0x7, 0xff, 0xff, 0xff, 0xfe,
    0x0, 0x0, 0x7f, 0xff, 0xff, 0xff, 0x80, 0x0,
    0x7, 0xff, 0xff, 0xff, 0xe0, 0x0, 0x0, 0x3f,
    0xff, 0xff, 0xf0, 0x0, 0x0, 0x1, 0xff, 0xff,
    0xfc, 0x0, 0x0, 0x0, 0xf, 0xff, 0xfe, 0x0,
    0x0, 0x0, 0x0, 0x1f, 0xfc, 0x0, 0x0, 0x0,

    /* U+0034 "4" */
    0x0, 0x0, 0x0, 0xf, 0xff, 0xf8, 0x0, 0x0,
    0x0, 0x0, 0xff, 0xff, 0xc0, 0x0, 0x0, 0x0,
    0x7, 0xff, 0xfe, 0x0, 0x0, 0x0, 0x0, 0x7f,
    0xff, 0xf0, 0x0, 0x0, 0x0, 0x3, 0xff, 0xff,
    0x80, 0x0, 0x0, 0x0, 0x3f, 0xff, 0xfc, 0x0,
    0x0, 0x0, 0x1, 0xff, 0xff, 0xe0, 0x0, 0x0,
    0x0, 0x1f, 0xff, 0xff, 0x0, 0x0, 0x0, 0x0,
    0xff, 0xff, 0xf8, 0x0, 0x0, 0x0, 0xf, 0xff,
    0xff, 0xc0, 0x0, 0x0, 0x0, 0x7f, 0xff, 0xfe,
    0x0, 0x0, 0x0, 0x7, 0xff, 0xff, 0xf0, 0x0,
    0x0, 0x0, 0x3f, 0xff, 0xff, 0x80, 0x0, 0x0,
    0x3, 0xff, 0xff, 0xfc, 0x0, 0x0, 0x0, 0x1f,
    0xff, 0xff, 0xe0, 0x0, 0x0, 0x1, 0xff, 0xff,
    0xff, 0x0, 0x0, 0x0, 0xf, 0xff, 0xff, 0xf8,
    0x0, 0x0, 0x0, 0xff, 0xff, 0xff, 0xc0, 0x0,
    0x0, 0x7, 0xfe, 0xff, 0xfe, 0x0, 0x0, 0x0,
    0x7f, 0xf7, 0xff, 0xf0, 0x0, 0x0, 0x3, 0xff,
    0x3f, 0xff, 0x80, 0x0, 0x0, 0x3f, 0xf9, 0xff,
    0xfc, 0x0, 0x0, 0x1, 0xff, 0xcf, 0xff, 0xe0,
    0x0, 0x0, 0x1f, 0xfc, 0x7f, 0xff, 0x0, 0x0,
    0x0, 0xff, 0xe3, 0xff, 0xf8, 0x0, 0x0, 0xf,
    0xfe, 0x1f, 0xff, 0xc0, 0x0, 0x0, 0x7f, 0xf0,
    0xff, 0xfe, 0x0, 0x0, 0x7, 0xff, 0x7, 0xff,
    0xf0, 0x0, 0x0, 0x3f, 0xf8, 0x3f, 0xff, 0x80,
    0x0, 0x3, 0xff, 0x81, 0xff, 0xfc, 0x0, 0x0,
    0x1f, 0xfc, 0xf, 0xff, 0xe0, 0x0, 0x1, 0xff,
    0xc0, 0x7f, 0xff, 0x0, 0x0, 0xf, 0xfe, 0x3,
    0xff, 0xf8, 0x0, 0x0, 0xff, 0xe0, 0x1f, 0xff,
    0xc0, 0x0, 0x7, 0xff, 0x0, 0xff, 0xfe, 0x0,
    0x0, 0x7f, 0xf0, 0x7, 0xff, 0xf0, 0x0, 0x3,
    0xff, 0x80, 0x3f, 0xff, 0x80, 0x0, 0x3f, 0xfc,
    0x1, 0xff, 0xfc, 0x0, 0x1, 0xff, 0xc0, 0xf,
    0xff, 0xe0, 0x0, 0x1f, 0xfe, 0x0, 0x7f, 0xff,
    0x0, 0x0, 0xff, 0xe0, 0x3, 0xff, 0xf8, 0x0,
    0xf, 0xff, 0x0, 0x1f, 0xff, 0xc0, 0x0, 0x7f,
    0xf0, 0x0, 0xff, 0xfe, 0x0, 0x7, 0xff, 0x80,
    0x7, 0xff, 0xf0, 0x0, 0x3f, 0xf8, 0x0, 0x3f,
    0xff, 0x80, 0x3, 0xff, 0xc0, 0x1, 0xff, 0xfc,
    0x0, 0x1f, 0xfc, 0x0, 0xf, 0xff, 0xe0, 0x1,
    0xff, 0xe0, 0x0, 0x7f, 0xff, 0x0, 0xf, 0xfe,
    0x0, 0x3, 0xff, 0xf8, 0x0, 0xff, 0xf0, 0x0,
    0x1f, 0xff, 0xc0, 0x7, 0xff, 0x0, 0x0, 0xff,
    0xfe, 0x0, 0x7f, 0xf8, 0x0, 0x7, 0xff, 0xf0,
    0x3, 0xff, 0xc0, 0x0, 0x3f, 0xff, 0x80, 0x3f,
    0xfc, 0x0, 0x1, 0xff, 0xfc, 0x1, 0xff, 0xe0,
    0x0, 0xf, 0xff, 0xe0, 0x1f, 0xfe, 0x0, 0x0,
    0x7f, 0xff, 0x0, 0xff, 0xf0, 0x0, 0x3, 0xff,
    0xf8, 0x7, 0xff, 0xff, 0xff, 0xff, 0xff, 0xff,
    0xff, 0xff, 0xff, 0xff, 0xff, 0xff, 0xff, 0xff,
    0xff, 0xff, 0xff, 0xff, 0xff, 0xff, 0xff, 0xff,
    0xff, 0xff, 0xff, 0xff, 0xff, 0xff, 0xff, 0xff,
    0xff, 0xff, 0xff, 0xff, 0xff, 0xff, 0xff, 0xff,
    0xff, 0xff, 0xff, 0xff, 0xff, 0xff, 0xff, 0xff,
    0xff, 0xff, 0xff, 0xff, 0xff, 0xff, 0xff, 0xff,
    0xff, 0xff, 0xff, 0xff, 0xff, 0xff, 0xff, 0xff,
    0xff, 0xff, 0xff, 0xff, 0xff, 0xff, 0xff, 0xff,
    0xff, 0xff, 0xff, 0xff, 0xff, 0xff, 0xff, 0xff,
    0xff, 0xff, 0xff, 0xff, 0xff, 0xff, 0xff, 0xff,
    0xff, 0xff, 0xff, 0xff, 0xff, 0xff, 0xe0, 0x0,
    0x0, 0x0, 0x7f, 0xff, 0x0, 0x0, 0x0, 0x0,
    0x3, 0xff, 0xf8, 0x0, 0x0, 0x0, 0x0, 0x1f,
    0xff, 0xc0, 0x0, 0x0, 0x0, 0x0, 0xff, 0xfe,
    0x0, 0x0, 0x0, 0x0, 0x7, 0xff, 0xf0, 0x0,
    0x0, 0x0, 0x0, 0x3f, 0xff, 0x80, 0x0, 0x0,
    0x0, 0x1, 0xff, 0xfc, 0x0, 0x0, 0x0, 0x0,
    0xf, 0xff, 0xe0, 0x0, 0x0, 0x0, 0x0, 0x7f,
    0xff, 0x0, 0x0, 0x0, 0x0, 0x3, 0xff, 0xf8,
    0x0, 0x0, 0x0, 0x0, 0x1f, 0xff, 0xc0, 0x0,
    0x0, 0x0, 0x0, 0xff, 0xfe, 0x0, 0x0, 0x0,
    0x0, 0x7, 0xff, 0xf0, 0x0, 0x0, 0x0, 0x0,
    0x3f, 0xff, 0x80, 0x0, 0x0, 0x0, 0x1, 0xff,
    0xfc, 0x0, 0x0, 0x0, 0x0, 0xf, 0xff, 0xe0,
    0x0, 0x0, 0x0, 0x0, 0x7f, 0xff, 0x0, 0x0,
    0x0, 0x0, 0x3, 0xff, 0xf8, 0x0, 0x0, 0x0,
    0x0, 0x1f, 0xff, 0xc0, 0x0, 0x0, 0x0, 0x0,
    0xff, 0xfe, 0x0,

    /* U+0035 "5" */
    0x1, 0xff, 0xff, 0xff, 0xff, 0xff, 0x0, 0x3f,
    0xff, 0xff, 0xff, 0xff, 0xe0, 0x7, 0xff, 0xff,
    0xff, 0xff, 0xfc, 0x0, 0xff, 0xff, 0xff, 0xff,
    0xff, 0x80, 0x1f, 0xff, 0xff, 0xff, 0xff, 0xf0,
    0x3, 0xff, 0xff, 0xff, 0xff, 0xfe, 0x0, 0x7f,
    0xff, 0xff, 0xff, 0xff, 0xc0, 0xf, 0xff, 0xff,
    0xff, 0xff, 0xf8, 0x1, 0xff, 0xff, 0xff, 0xff,
    0xff, 0x0, 0x7f, 0xff, 0xff, 0xff, 0xff, 0xe0,
    0xf, 0xff, 0xff, 0xff, 0xff, 0xfc, 0x1, 0xff,
    0xff, 0xff, 0xff, 0xff, 0x80, 0x3f, 0xff, 0xff,
    0xff, 0xff, 0xf0, 0x7, 0xff, 0xff, 0xff, 0xff,
    0xfe, 0x0, 0xff, 0xff, 0xff, 0xff, 0xff, 0xc0,
    0x1f, 0xfe, 0x0, 0x0, 0x0, 0x0, 0x3, 0xff,
    0xc0, 0x0, 0x0, 0x0, 0x0, 0x7f, 0xf8, 0x0,
    0x0, 0x0, 0x0, 0x1f, 0xfe, 0x0, 0x0, 0x0,
    0x0, 0x3, 0xff, 0xc0, 0x0, 0x0, 0x0, 0x0,
    0x7f, 0xf8, 0x0, 0x0, 0x0, 0x0, 0xf, 0xff,
    0x0, 0x0, 0x0, 0x0, 0x1, 0xff, 0xe0, 0x0,
    0x0, 0x0, 0x0, 0x3f, 0xfc, 0x0, 0x0, 0x0,
    0x0, 0x7, 0xff, 0x80, 0x0, 0x0, 0x0, 0x0,
    0xff, 0xf0, 0x0, 0x0, 0x0, 0x0, 0x1f, 0xfc,
    0x0, 0x0, 0x0, 0x0, 0x3, 0xff, 0x80, 0x0,
    0x0, 0x0, 0x0, 0xff, 0xf0, 0x0, 0x0, 0x0,
    0x0, 0x1f, 0xfe, 0x0, 0x0, 0x0, 0x0, 0x3,
    0xff, 0xc0, 0x7f, 0xe0, 0x0, 0x0, 0x7f, 0xf8,
    0x3f, 0xff, 0x80, 0x0, 0xf, 0xff, 0x1f, 0xff,
    0xfc, 0x0, 0x1, 0xff, 0xef, 0xff, 0xff, 0xe0,
    0x0, 0x3f, 0xfb, 0xff, 0xff, 0xfe, 0x0, 0x7,
    0xff, 0xff, 0xff, 0xff, 0xe0, 0x0, 0xff, 0xff,
    0xff, 0xff, 0xfe, 0x0, 0x1f, 0xff, 0xff, 0xff,
    0xff, 0xe0, 0x7, 0xff, 0xff, 0xff, 0xff, 0xfe,
    0x0, 0xff, 0xff, 0xff, 0xff, 0xff, 0xe0, 0x1f,
    0xff, 0xff, 0xff, 0xff, 0xfc, 0x3, 0xff, 0xff,
    0xff, 0xff, 0xff, 0xc0, 0x7f, 0xff, 0xff, 0xff,
    0xff, 0xf8, 0xf, 0xff, 0xff, 0xff, 0xff, 0xff,
    0x81, 0xff, 0xff, 0xff, 0xff, 0xff, 0xf0, 0x3f,
    0xff, 0xf0, 0x1f, 0xff, 0xff, 0x7, 0xff, 0xf8,
    0x0, 0xff, 0xff, 0xe0, 0xff, 0xfe, 0x0, 0x7,
    0xff, 0xfc, 0x3f, 0xff, 0x80, 0x0, 0xff, 0xff,
    0xc7, 0xff, 0xe0, 0x0, 0xf, 0xff, 0xf8, 0xff,
    0xfc, 0x0, 0x0, 0xff, 0xff, 0x0, 0x0, 0x0,
    0x0, 0x1f, 0xff, 0xe0, 0x0, 0x0, 0x0, 0x1,
    0xff, 0xfe, 0x0, 0x0, 0x0, 0x0, 0x3f, 0xff,
    0xc0, 0x0, 0x0, 0x0, 0x7, 0xff, 0xf8, 0x0,
    0x0, 0x0, 0x0, 0x7f, 0xff, 0x0, 0x0, 0x0,
    0x0, 0xf, 0xff, 0xe0, 0x0, 0x0, 0x0, 0x1,
    0xff, 0xfc, 0x0, 0x0, 0x0, 0x0, 0x3f, 0xff,
    0x80, 0x0, 0x0, 0x0, 0x7, 0xff, 0xf0, 0x0,
    0x0, 0x0, 0x0, 0xff, 0xfe, 0x0, 0x0, 0x0,
    0x0, 0x1f, 0xff, 0xc0, 0x0, 0x0, 0x0, 0x3,
    0xff, 0xf8, 0x0, 0x0, 0x0, 0x0, 0x7f, 0xff,
    0x0, 0x0, 0x0, 0x0, 0xf, 0xff, 0xff, 0xff,
    0xc0, 0x0, 0x1, 0xff, 0xff, 0xff, 0xf8, 0x0,
    0x0, 0x7f, 0xff, 0x7f, 0xff, 0x0, 0x0, 0xf,
    0xff, 0xef, 0xff, 0xe0, 0x0, 0x1, 0xff, 0xfd,
    0xff, 0xfc, 0x0, 0x0, 0x7f, 0xff, 0xbf, 0xff,
    0xc0, 0x0, 0xf, 0xff, 0xf3, 0xff, 0xf8, 0x0,
    0x1, 0xff, 0xfc, 0x7f, 0xff, 0x80, 0x0, 0x7f,
    0xff, 0x8f, 0xff, 0xf0, 0x0, 0x1f, 0xff, 0xf1,
    0xff, 0xff, 0x0, 0x7, 0xff, 0xfc, 0x1f, 0xff,
    0xf0, 0x1, 0xff, 0xff, 0x83, 0xff, 0xff, 0xc0,
    0xff, 0xff, 0xf0, 0x7f, 0xff, 0xff, 0xff, 0xff,
    0xfc, 0x7, 0xff, 0xff, 0xff, 0xff, 0xff, 0x80,
    0xff, 0xff, 0xff, 0xff, 0xff, 0xe0, 0xf, 0xff,
    0xff, 0xff, 0xff, 0xfc, 0x0, 0xff, 0xff, 0xff,
    0xff, 0xff, 0x0, 0x1f, 0xff, 0xff, 0xff, 0xff,
    0xc0, 0x1, 0xff, 0xff, 0xff, 0xff, 0xf0, 0x0,
    0x1f, 0xff, 0xff, 0xff, 0xfe, 0x0, 0x1, 0xff,
    0xff, 0xff, 0xff, 0x80, 0x0, 0x1f, 0xff, 0xff,
    0xff, 0xc0, 0x0, 0x1, 0xff, 0xff, 0xff, 0xf0,
    0x0, 0x0, 0xf, 0xff, 0xff, 0xfc, 0x0, 0x0,
    0x0, 0xff, 0xff, 0xfe, 0x0, 0x0, 0x0, 0x3,
    0xff, 0xff, 0x0, 0x0, 0x0, 0x0, 0xf, 0xfe,
    0x0, 0x0, 0x0,

    /* U+0036 "6" */
    0x0, 0x0, 0x3, 0xfe, 0x0, 0x0, 0x0, 0x0,
    0x7, 0xff, 0xfc, 0x0, 0x0, 0x0, 0x3, 0xff,
    0xff, 0xf0, 0x0, 0x0, 0x1, 0xff, 0xff, 0xff,
    0x80, 0x0, 0x0, 0x7f, 0xff, 0xff, 0xf8, 0x0,
    0x0, 0x3f, 0xff, 0xff, 0xff, 0x80, 0x0, 0xf,
    0xff, 0xff, 0xff, 0xf8, 0x0, 0x3, 0xff, 0xff,
    0xff, 0xff, 0x80, 0x0, 0x7f, 0xff, 0xff, 0xff,
    0xf0, 0x0, 0x1f, 0xff, 0xff, 0xff, 0xff, 0x0,
    0x7, 0xff, 0xff, 0xff, 0xff, 0xf0, 0x0, 0xff,
    0xff, 0xff, 0xff, 0xfe, 0x0, 0x3f, 0xff, 0xff,
    0xff, 0xff, 0xe0, 0xf, 0xff, 0xff, 0xff, 0xff,
    0xfc, 0x1, 0xff, 0xff, 0xff, 0xff, 0xff, 0xc0,
    0x7f, 0xff, 0xf0, 0x3f, 0xff, 0xf8, 0xf, 0xff,
    0xf8, 0x1, 0xff, 0xff, 0x1, 0xff, 0xfe, 0x0,
    0x1f, 0xff, 0xe0, 0x7f, 0xff, 0x80, 0x1, 0xff,
    0xfe, 0xf, 0xff, 0xe0, 0x0, 0x1f, 0xff, 0xc1,
    0xff, 0xfc, 0x0, 0x3, 0xff, 0xf8, 0x7f, 0xff,
    0x0, 0x0, 0x7f, 0xff, 0xf, 0xff, 0xe0, 0x0,
    0xf, 0xff, 0xe1, 0xff, 0xf8, 0x0, 0x0, 0x0,
    0x0, 0x3f, 0xff, 0x0, 0x0, 0x0, 0x0, 0xf,
    0xff, 0xe0, 0x0, 0x0, 0x0, 0x1, 0xff, 0xfc,
    0x0, 0x0, 0x0, 0x0, 0x3f, 0xff, 0x0, 0x0,
    0x0, 0x0, 0x7, 0xff, 0xe0, 0x0, 0x0, 0x0,
    0x0, 0xff, 0xfc, 0x0, 0x0, 0x0, 0x0, 0x1f,
    0xff, 0x80, 0x0, 0x0, 0x0, 0x7, 0xff, 0xf0,
    0x0, 0x0, 0x0, 0x0, 0xff, 0xfc, 0x0, 0xff,
    0x80, 0x0, 0x1f, 0xff, 0x80, 0xff, 0xfe, 0x0,
    0x3, 0xff, 0xf0, 0x7f, 0xff, 0xf0, 0x0, 0x7f,
    0xfe, 0x1f, 0xff, 0xff, 0x80, 0xf, 0xff, 0xc7,
    0xff, 0xff, 0xf8, 0x1, 0xff, 0xf9, 0xff, 0xff,
    0xff, 0x80, 0x3f, 0xff, 0x7f, 0xff, 0xff, 0xf8,
    0x7, 0xff, 0xff, 0xff, 0xff, 0xff, 0x80, 0xff,
    0xff, 0xff, 0xff, 0xff, 0xf8, 0x1f, 0xff, 0xff,
    0xff, 0xff, 0xff, 0x83, 0xff, 0xff, 0xff, 0xff,
    0xff, 0xf0, 0x7f, 0xff, 0xff, 0xff, 0xff, 0xff,
    0xf, 0xff, 0xff, 0xff, 0xff, 0xff, 0xe1, 0xff,
    0xff, 0xff, 0xff, 0xff, 0xfe, 0x3f, 0xff, 0xff,
    0xff, 0xff, 0xff, 0xc7, 0xff, 0xff, 0xe0, 0x7f,
    0xff, 0xfc, 0xff, 0xff, 0xf0, 0x3, 0xff, 0xff,
    0x9f, 0xff, 0xfc, 0x0, 0x1f, 0xff, 0xf3, 0xff,
    0xff, 0x0, 0x1, 0xff, 0xff, 0x7f, 0xff, 0xc0,
    0x0, 0x3f, 0xff, 0xef, 0xff, 0xf0, 0x0, 0x3,
    0xff, 0xfd, 0xff, 0xfe, 0x0, 0x0, 0x7f, 0xff,
    0xbf, 0xff, 0x80, 0x0, 0x7, 0xff, 0xff, 0xff,
    0xf0, 0x0, 0x0, 0xff, 0xff, 0xff, 0xfe, 0x0,
    0x0, 0x1f, 0xff, 0xff, 0xff, 0xc0, 0x0, 0x1,
    0xff, 0xff, 0xff, 0xf8, 0x0, 0x0, 0x3f, 0xff,
    0xff, 0xfe, 0x0, 0x0, 0x7, 0xff, 0xf7, 0xff,
    0xc0, 0x0, 0x0, 0xff, 0xfe, 0xff, 0xf8, 0x0,
    0x0, 0x1f, 0xff, 0xdf, 0xff, 0x0, 0x0, 0x3,
    0xff, 0xfb, 0xff, 0xe0, 0x0, 0x0, 0x7f, 0xff,
    0x7f, 0xfc, 0x0, 0x0, 0xf, 0xff, 0xef, 0xff,
    0x80, 0x0, 0x1, 0xff, 0xfd, 0xff, 0xf8, 0x0,
    0x0, 0x3f, 0xff, 0xbf, 0xff, 0x0, 0x0, 0x7,
    0xff, 0xf3, 0xff, 0xe0, 0x0, 0x1, 0xff, 0xfc,
    0x7f, 0xfc, 0x0, 0x0, 0x3f, 0xff, 0x8f, 0xff,
    0x80, 0x0, 0x7, 0xff, 0xf1, 0xff, 0xf8, 0x0,
    0x0, 0xff, 0xfe, 0x3f, 0xff, 0x0, 0x0, 0x3f,
    0xff, 0xc3, 0xff, 0xf0, 0x0, 0x7, 0xff, 0xf0,
    0x7f, 0xfe, 0x0, 0x1, 0xff, 0xfe, 0xf, 0xff,
    0xe0, 0x0, 0x7f, 0xff, 0xc0, 0xff, 0xfe, 0x0,
    0xf, 0xff, 0xf0, 0x1f, 0xff, 0xe0, 0x7, 0xff,
    0xfe, 0x1, 0xff, 0xff, 0x83, 0xff, 0xff, 0xc0,
    0x3f, 0xff, 0xff, 0xff, 0xff, 0xf0, 0x7, 0xff,
    0xff, 0xff, 0xff, 0xfe, 0x0, 0x7f, 0xff, 0xff,
    0xff, 0xff, 0x80, 0x7, 0xff, 0xff, 0xff, 0xff,
    0xf0, 0x0, 0xff, 0xff, 0xff, 0xff, 0xfc, 0x0,
    0xf, 0xff, 0xff, 0xff, 0xff, 0x0, 0x0, 0xff,
    0xff, 0xff, 0xff, 0xe0, 0x0, 0x1f, 0xff, 0xff,
    0xff, 0xf8, 0x0, 0x1, 0xff, 0xff, 0xff, 0xfe,
    0x0, 0x0, 0x1f, 0xff, 0xff, 0xff, 0x80, 0x0,
    0x0, 0xff, 0xff, 0xff, 0xe0, 0x0, 0x0, 0xf,
    0xff, 0xff, 0xf0, 0x0, 0x0, 0x0, 0xff, 0xff,
    0xfc, 0x0, 0x0, 0x0, 0x3, 0xff, 0xfe, 0x0,
    0x0, 0x0, 0x0, 0xf, 0xfe, 0x0, 0x0, 0x0,

    /* U+0037 "7" */
    0xff, 0xff, 0xff, 0xff, 0xff, 0xff, 0xff, 0xff,
    0xff, 0xff, 0xff, 0xff, 0xff, 0xff, 0xff, 0xff,
    0xff, 0xff, 0xff, 0xff, 0xff, 0xff, 0xff, 0xff,
    0xff, 0xff, 0xff, 0xff, 0xff, 0xff, 0xff, 0xff,
    0xff, 0xff, 0xff, 0xff, 0xff, 0xff, 0xff, 0xff,
    0xff, 0xff, 0xff, 0xff, 0xff, 0xff, 0xff, 0xff,
    0xff, 0xff, 0xff, 0xff, 0xff, 0xff, 0xff, 0xff,
    0xff, 0xff, 0xff, 0xff, 0xff, 0xff, 0xff, 0xff,
    0xff, 0xff, 0xff, 0xff, 0xff, 0xff, 0xff, 0xff,
    0xff, 0xff, 0xff, 0xff, 0xff, 0xff, 0xff, 0xff,
    0xff, 0xff, 0xff, 0xff, 0xff, 0xff, 0xff, 0xff,
    0xff, 0xff, 0xff, 0xff, 0xff, 0xff, 0xff, 0xff,
    0xff, 0xff, 0xff, 0xff, 0xff, 0xff, 0xff, 0xff,
    0xff, 0xfe, 0x0, 0x0, 0x0, 0x0, 0x7, 0xff,
    0xe0, 0x0, 0x0, 0x0, 0x0, 0x7f, 0xfe, 0x0,
    0x0, 0x0, 0x0, 0x7, 0xff, 0xf0, 0x0, 0x0,
    0x0, 0x0, 0x3f, 0xff, 0x0, 0x0, 0x0, 0x0,
    0x3, 0xff, 0xf0, 0x0, 0x0, 0x0, 0x0, 0x3f,
    0xff, 0x80, 0x0, 0x0, 0x0, 0x1, 0xff, 0xf8,
    0x0, 0x0, 0x0, 0x0, 0x1f, 0xff, 0x80, 0x0,
    0x0, 0x0, 0x1, 0xff, 0xfc, 0x0, 0x0, 0x0,
    0x0, 0xf, 0xff, 0xc0, 0x0, 0x0, 0x0, 0x0,
    0xff, 0xfc, 0x0, 0x0, 0x0, 0x0, 0x7, 0xff,
    0xe0, 0x0, 0x0, 0x0, 0x0, 0x7f, 0xfe, 0x0,
    0x0, 0x0, 0x0, 0x7, 0xff, 0xf0, 0x0, 0x0,
    0x0, 0x0, 0x3f, 0xff, 0x0, 0x0, 0x0, 0x0,
    0x3, 0xff, 0xf0, 0x0, 0x0, 0x0, 0x0, 0x1f,
    0xff, 0x80, 0x0, 0x0, 0x0, 0x1, 0xff, 0xf8,
    0x0, 0x0, 0x0, 0x0, 0xf, 0xff, 0xc0, 0x0,
    0x0, 0x0, 0x0, 0xff, 0xfc, 0x0, 0x0, 0x0,
    0x0, 0x7, 0xff, 0xe0, 0x0, 0x0, 0x0, 0x0,
    0x7f, 0xfe, 0x0, 0x0, 0x0, 0x0, 0x3, 0xff,
    0xf0, 0x0, 0x0, 0x0, 0x0, 0x3f, 0xff, 0x80,
    0x0, 0x0, 0x0, 0x1, 0xff, 0xf8, 0x0, 0x0,
    0x0, 0x0, 0x1f, 0xff, 0xc0, 0x0, 0x0, 0x0,
    0x0, 0xff, 0xfc, 0x0, 0x0, 0x0, 0x0, 0xf,
    0xff, 0xe0, 0x0, 0x0, 0x0, 0x0, 0x7f, 0xfe,
    0x0, 0x0, 0x0, 0x0, 0x3, 0xff, 0xf0, 0x0,
    0x0, 0x0, 0x0, 0x3f, 0xff, 0x80, 0x0, 0x0,
    0x0, 0x1, 0xff, 0xf8, 0x0, 0x0, 0x0, 0x0,
    0x1f, 0xff, 0xc0, 0x0, 0x0, 0x0, 0x0, 0xff,
    0xfc, 0x0, 0x0, 0x0, 0x0, 0x7, 0xff, 0xe0,
    0x0, 0x0, 0x0, 0x0, 0x7f, 0xff, 0x0, 0x0,
    0x0, 0x0, 0x3, 0xff, 0xf0, 0x0, 0x0, 0x0,
    0x0, 0x1f, 0xff, 0x80, 0x0, 0x0, 0x0, 0x1,
    0xff, 0xfc, 0x0, 0x0, 0x0, 0x0, 0xf, 0xff,
    0xc0, 0x0, 0x0, 0x0, 0x0, 0x7f, 0xfe, 0x0,
    0x0, 0x0, 0x0, 0x7, 0xff, 0xf0, 0x0, 0x0,
    0x0, 0x0, 0x3f, 0xff, 0x80, 0x0, 0x0, 0x0,
    0x1, 0xff, 0xf8, 0x0, 0x0, 0x0, 0x0, 0x1f,
    0xff, 0xc0, 0x0, 0x0, 0x0, 0x0, 0xff, 0xfe,
    0x0, 0x0, 0x0, 0x0, 0x7, 0xff, 0xe0, 0x0,
    0x0, 0x0, 0x0, 0x7f, 0xff, 0x0, 0x0, 0x0,
    0x0, 0x3, 0xff, 0xf8, 0x0, 0x0, 0x0, 0x0,
    0x1f, 0xff, 0xc0, 0x0, 0x0, 0x0, 0x0, 0xff,
    0xfc, 0x0, 0x0, 0x0, 0x0, 0xf, 0xff, 0xe0,
    0x0, 0x0, 0x0, 0x0, 0x7f, 0xff, 0x0, 0x0,
    0x0, 0x0, 0x3, 0xff, 0xf8, 0x0, 0x0, 0x0,
    0x0, 0x1f, 0xff, 0xc0, 0x0, 0x0, 0x0, 0x0,
    0xff, 0xfc, 0x0, 0x0, 0x0, 0x0, 0xf, 0xff,
    0xe0, 0x0, 0x0, 0x0, 0x0, 0x7f, 0xff, 0x0,
    0x0, 0x0, 0x0, 0x3, 0xff, 0xf8, 0x0, 0x0,
    0x0, 0x0, 0x1f, 0xff, 0xc0, 0x0, 0x0, 0x0,
    0x0, 0xff, 0xfe, 0x0, 0x0, 0x0, 0x0, 0x7,
    0xff, 0xf0, 0x0, 0x0, 0x0, 0x0, 0x3f, 0xff,
    0x80, 0x0, 0x0, 0x0, 0x3, 0xff, 0xf8, 0x0,
    0x0, 0x0, 0x0, 0x1f, 0xff, 0xc0, 0x0, 0x0,
    0x0, 0x0, 0xff, 0xfe, 0x0, 0x0, 0x0, 0x0,
    0x7, 0xff, 0xf0, 0x0, 0x0, 0x0, 0x0, 0x3f,
    0xff, 0x80, 0x0, 0x0, 0x0, 0x1, 0xff, 0xfc,
    0x0, 0x0, 0x0, 0x0, 0xf, 0xff, 0xe0, 0x0,
    0x0, 0x0, 0x0, 0x7f, 0xff, 0x0, 0x0, 0x0,
    0x0, 0x3, 0xff, 0xf8, 0x0, 0x0, 0x0, 0x0,
    0x1f, 0xff, 0xc0, 0x0, 0x0, 0x0, 0x0, 0xff,
    0xfe, 0x0, 0x0, 0x0, 0x0,

    /* U+0038 "8" */
    0x0, 0x0, 0xf, 0xfe, 0x0, 0x0, 0x0, 0x0,
    0x7, 0xff, 0xfc, 0x0, 0x0, 0x0, 0x1, 0xff,
    0xff, 0xf8, 0x0, 0x0, 0x0, 0x7f, 0xff, 0xff,
    0xc0, 0x0, 0x0, 0x1f, 0xff, 0xff, 0xff, 0x0,
    0x0, 0x3, 0xff, 0xff, 0xff, 0xf8, 0x0, 0x0,
    0x7f, 0xff, 0xff, 0xff, 0xc0, 0x0, 0xf, 0xff,
    0xff, 0xff, 0xfe, 0x0, 0x1, 0xff, 0xff, 0xff,
    0xff, 0xf0, 0x0, 0x1f, 0xff, 0xff, 0xff, 0xff,
    0x80, 0x3, 0xff, 0xff, 0xff, 0xff, 0xf8, 0x0,
    0x7f, 0xff, 0xff, 0xff, 0xff, 0xc0, 0x7, 0xff,
    0xff, 0xff, 0xff, 0xfc, 0x0, 0xff, 0xff, 0xff,
    0xff, 0xff, 0xe0, 0xf, 0xff, 0xff, 0xff, 0xff,
    0xfe, 0x0, 0xff, 0xff, 0xe0, 0x7f, 0xff, 0xf0,
    0x1f, 0xff, 0xf8, 0x1, 0xff, 0xff, 0x1, 0xff,
    0xfe, 0x0, 0xf, 0xff, 0xf0, 0x1f, 0xff, 0xc0,
    0x0, 0x7f, 0xff, 0x3, 0xff, 0xfc, 0x0, 0x7,
    0xff, 0xf8, 0x3f, 0xff, 0x80, 0x0, 0x3f, 0xff,
    0x83, 0xff, 0xf8, 0x0, 0x3, 0xff, 0xf8, 0x3f,
    0xff, 0x0, 0x0, 0x1f, 0xff, 0x83, 0xff, 0xf0,
    0x0, 0x1, 0xff, 0xf8, 0x3f, 0xff, 0x0, 0x0,
    0x1f, 0xff, 0x83, 0xff, 0xf0, 0x0, 0x1, 0xff,
    0xf8, 0x3f, 0xff, 0x0, 0x0, 0x1f, 0xff, 0x83,
    0xff, 0xf0, 0x0, 0x1, 0xff, 0xf8, 0x3f, 0xff,
    0x0, 0x0, 0x1f, 0xff, 0x83, 0xff, 0xf0, 0x0,
    0x1, 0xff, 0xf8, 0x3f, 0xff, 0x80, 0x0, 0x1f,
    0xff, 0x1, 0xff, 0xf8, 0x0, 0x3, 0xff, 0xf0,
    0x1f, 0xff, 0x80, 0x0, 0x3f, 0xff, 0x1, 0xff,
    0xfc, 0x0, 0x7, 0xff, 0xf0, 0x1f, 0xff, 0xe0,
    0x0, 0x7f, 0xfe, 0x0, 0xff, 0xff, 0x0, 0xf,
    0xff, 0xe0, 0xf, 0xff, 0xf8, 0x1, 0xff, 0xfc,
    0x0, 0x7f, 0xff, 0xe0, 0x7f, 0xff, 0xc0, 0x3,
    0xff, 0xff, 0xff, 0xff, 0xf8, 0x0, 0x3f, 0xff,
    0xff, 0xff, 0xff, 0x0, 0x1, 0xff, 0xff, 0xff,
    0xff, 0xf0, 0x0, 0xf, 0xff, 0xff, 0xff, 0xfe,
    0x0, 0x0, 0x3f, 0xff, 0xff, 0xff, 0x80, 0x0,
    0x1, 0xff, 0xff, 0xff, 0xfc, 0x0, 0x0, 0x3f,
    0xff, 0xff, 0xff, 0xe0, 0x0, 0xf, 0xff, 0xff,
    0xff, 0xff, 0x0, 0x1, 0xff, 0xff, 0xff, 0xff,
    0xfc, 0x0, 0x3f, 0xff, 0xff, 0xff, 0xff, 0xc0,
    0x7, 0xff, 0xff, 0xff, 0xff, 0xfe, 0x0, 0xff,
    0xff, 0xff, 0xff, 0xff, 0xf0, 0xf, 0xff, 0xff,
    0xff, 0xff, 0xff, 0x81, 0xff, 0xff, 0xe0, 0x7f,
    0xff, 0xf8, 0x3f, 0xff, 0xf8, 0x1, 0xff, 0xff,
    0xc3, 0xff, 0xfe, 0x0, 0x7, 0xff, 0xfc, 0x7f,
    0xff, 0xc0, 0x0, 0x3f, 0xff, 0xe7, 0xff, 0xf8,
    0x0, 0x3, 0xff, 0xfe, 0x7f, 0xff, 0x80, 0x0,
    0x1f, 0xff, 0xe7, 0xff, 0xf0, 0x0, 0x1, 0xff,
    0xfe, 0xff, 0xff, 0x0, 0x0, 0xf, 0xff, 0xff,
    0xff, 0xf0, 0x0, 0x0, 0xff, 0xff, 0xff, 0xfe,
    0x0, 0x0, 0xf, 0xff, 0xff, 0xff, 0xe0, 0x0,
    0x0, 0x7f, 0xff, 0xff, 0xfe, 0x0, 0x0, 0x7,
    0xff, 0xff, 0xff, 0xe0, 0x0, 0x0, 0x7f, 0xff,
    0xff, 0xfe, 0x0, 0x0, 0x7, 0xff, 0xff, 0xff,
    0xe0, 0x0, 0x0, 0x7f, 0xff, 0xff, 0xfe, 0x0,
    0x0, 0x7, 0xff, 0xff, 0xff, 0xe0, 0x0, 0x0,
    0x7f, 0xff, 0xff, 0xfe, 0x0, 0x0, 0x7, 0xff,
    0xff, 0xff, 0xe0, 0x0, 0x0, 0xff, 0xff, 0xff,
    0xff, 0x0, 0x0, 0xf, 0xff, 0xef, 0xff, 0xf0,
    0x0, 0x0, 0xff, 0xfe, 0x7f, 0xff, 0x0, 0x0,
    0x1f, 0xff, 0xe7, 0xff, 0xf8, 0x0, 0x1, 0xff,
    0xfe, 0x7f, 0xff, 0xc0, 0x0, 0x3f, 0xff, 0xe7,
    0xff, 0xfc, 0x0, 0x3, 0xff, 0xfc, 0x7f, 0xff,
    0xe0, 0x0, 0x7f, 0xff, 0xc3, 0xff, 0xff, 0x80,
    0x1f, 0xff, 0xfc, 0x3f, 0xff, 0xfe, 0x7, 0xff,
    0xff, 0x81, 0xff, 0xff, 0xff, 0xff, 0xff, 0xf8,
    0x1f, 0xff, 0xff, 0xff, 0xff, 0xff, 0x0, 0xff,
    0xff, 0xff, 0xff, 0xff, 0xf0, 0xf, 0xff, 0xff,
    0xff, 0xff, 0xfe, 0x0, 0x7f, 0xff, 0xff, 0xff,
    0xff, 0xc0, 0x7, 0xff, 0xff, 0xff, 0xff, 0xfc,
    0x0, 0x3f, 0xff, 0xff, 0xff, 0xff, 0x80, 0x1,
    0xff, 0xff, 0xff, 0xff, 0xf0, 0x0, 0xf, 0xff,
    0xff, 0xff, 0xfe, 0x0, 0x0, 0x7f, 0xff, 0xff,
    0xff, 0xc0, 0x0, 0x1, 0xff, 0xff, 0xff, 0xf8,
    0x0, 0x0, 0xf, 0xff, 0xff, 0xfe, 0x0, 0x0,
    0x0, 0x3f, 0xff, 0xff, 0xc0, 0x0, 0x0, 0x0,
    0xff, 0xff, 0xe0, 0x0, 0x0, 0x0, 0x0, 0xff,
    0xf0, 0x0, 0x0,

    /* U+0039 "9" */
    0x0, 0x0, 0xf, 0xfe, 0x0, 0x0, 0x0, 0x0,
    0x7, 0xff, 0xfe, 0x0, 0x0, 0x0, 0x3, 0xff,
    0xff, 0xf8, 0x0, 0x0, 0x0, 0x7f, 0xff, 0xff,
    0xc0, 0x0, 0x0, 0x1f, 0xff, 0xff, 0xff, 0x0,
    0x0, 0x3, 0xff, 0xff, 0xff, 0xf8, 0x0, 0x0,
    0x7f, 0xff, 0xff, 0xff, 0xc0, 0x0, 0xf, 0xff,
    0xff, 0xff, 0xfe, 0x0, 0x1, 0xff, 0xff, 0xff,
    0xff, 0xf0, 0x0, 0x3f, 0xff, 0xff, 0xff, 0xff,
    0x0, 0x3, 0xff, 0xff, 0xff, 0xff, 0xf8, 0x0,
    0x7f, 0xff, 0xff, 0xff, 0xff, 0xc0, 0xf, 0xff,
    0xff, 0xff, 0xff, 0xfc, 0x0, 0xff, 0xff, 0xff,
    0xff, 0xff, 0xe0, 0x1f, 0xff, 0xff, 0xff, 0xff,
    0xfe, 0x1, 0xff, 0xff, 0xe0, 0x7f, 0xff, 0xf0,
    0x1f, 0xff, 0xf0, 0x1, 0xff, 0xff, 0x3, 0xff,
    0xfe, 0x0, 0xf, 0xff, 0xf0, 0x3f, 0xff, 0xc0,
    0x0, 0x7f, 0xff, 0x83, 0xff, 0xf8, 0x0, 0x3,
    0xff, 0xf8, 0x7f, 0xff, 0x80, 0x0, 0x3f, 0xff,
    0x87, 0xff, 0xf0, 0x0, 0x1, 0xff, 0xfc, 0x7f,
    0xff, 0x0, 0x0, 0x1f, 0xff, 0xc7, 0xff, 0xf0,
    0x0, 0x0, 0xff, 0xfc, 0x7f, 0xfe, 0x0, 0x0,
    0xf, 0xff, 0xcf, 0xff, 0xe0, 0x0, 0x0, 0xff,
    0xfe, 0xff, 0xfe, 0x0, 0x0, 0xf, 0xff, 0xef,
    0xff, 0xe0, 0x0, 0x0, 0xff, 0xfe, 0xff, 0xfe,
    0x0, 0x0, 0xf, 0xff, 0xef, 0xff, 0xe0, 0x0,
    0x0, 0x7f, 0xfe, 0xff, 0xfe, 0x0, 0x0, 0x7,
    0xff, 0xef, 0xff, 0xe0, 0x0, 0x0, 0x7f, 0xff,
    0xff, 0xfe, 0x0, 0x0, 0x7, 0xff, 0xff, 0xff,
    0xe0, 0x0, 0x0, 0x7f, 0xff, 0xff, 0xfe, 0x0,
    0x0, 0xf, 0xff, 0xff, 0xff, 0xe0, 0x0, 0x0,
    0xff, 0xff, 0xff, 0xfe, 0x0, 0x0, 0xf, 0xff,
    0xff, 0xff, 0xf0, 0x0, 0x0, 0xff, 0xff, 0xff,
    0xff, 0x0, 0x0, 0xf, 0xff, 0xff, 0xff, 0xf0,
    0x0, 0x1, 0xff, 0xff, 0x7f, 0xff, 0x80, 0x0,
    0x1f, 0xff, 0xf7, 0xff, 0xf8, 0x0, 0x3, 0xff,
    0xff, 0x7f, 0xff, 0xc0, 0x0, 0x3f, 0xff, 0xf7,
    0xff, 0xfc, 0x0, 0x7, 0xff, 0xff, 0x3f, 0xff,
    0xe0, 0x0, 0xff, 0xff, 0xf3, 0xff, 0xff, 0x0,
    0x1f, 0xff, 0xff, 0x3f, 0xff, 0xfe, 0x7, 0xff,
    0xff, 0xf1, 0xff, 0xff, 0xff, 0xff, 0xff, 0xff,
    0x1f, 0xff, 0xff, 0xff, 0xff, 0xff, 0xf0, 0xff,
    0xff, 0xff, 0xff, 0xff, 0xff, 0xf, 0xff, 0xff,
    0xff, 0xff, 0xff, 0xf0, 0x7f, 0xff, 0xff, 0xff,
    0xff, 0xff, 0x7, 0xff, 0xff, 0xff, 0xff, 0xff,
    0xf0, 0x3f, 0xff, 0xff, 0xff, 0xff, 0xff, 0x1,
    0xff, 0xff, 0xff, 0xff, 0xff, 0xf0, 0xf, 0xff,
    0xff, 0xff, 0x7f, 0xff, 0x0, 0x7f, 0xff, 0xff,
    0xe7, 0xff, 0xf0, 0x3, 0xff, 0xff, 0xfc, 0x7f,
    0xff, 0x0, 0x1f, 0xff, 0xff, 0x87, 0xff, 0xe0,
    0x0, 0x7f, 0xff, 0xf0, 0x7f, 0xfe, 0x0, 0x1,
    0xff, 0xfc, 0x7, 0xff, 0xe0, 0x0, 0x3, 0xfe,
    0x0, 0x7f, 0xfe, 0x0, 0x0, 0x0, 0x0, 0xf,
    0xff, 0xe0, 0x0, 0x0, 0x0, 0x0, 0xff, 0xfe,
    0x0, 0x0, 0x0, 0x0, 0xf, 0xff, 0xe0, 0x0,
    0x0, 0x0, 0x0, 0xff, 0xfc, 0x0, 0x0, 0x0,
    0x0, 0xf, 0xff, 0xc0, 0x0, 0x0, 0x0, 0x0,
    0xff, 0xfc, 0x0, 0x0, 0x0, 0x0, 0x1f, 0xff,
    0xc0, 0x0, 0x0, 0x0, 0x1, 0xff, 0xfc, 0x3f,
    0xff, 0x0, 0x0, 0x1f, 0xff, 0x83, 0xff, 0xf8,
    0x0, 0x3, 0xff, 0xf8, 0x3f, 0xff, 0x80, 0x0,
    0x3f, 0xff, 0x83, 0xff, 0xf8, 0x0, 0x7, 0xff,
    0xf0, 0x3f, 0xff, 0xc0, 0x0, 0x7f, 0xff, 0x3,
    0xff, 0xfc, 0x0, 0xf, 0xff, 0xf0, 0x1f, 0xff,
    0xe0, 0x1, 0xff, 0xfe, 0x1, 0xff, 0xff, 0x0,
    0x3f, 0xff, 0xe0, 0x1f, 0xff, 0xfc, 0xf, 0xff,
    0xfc, 0x0, 0xff, 0xff, 0xff, 0xff, 0xff, 0xc0,
    0xf, 0xff, 0xff, 0xff, 0xff, 0xf8, 0x0, 0xff,
    0xff, 0xff, 0xff, 0xff, 0x80, 0x7, 0xff, 0xff,
    0xff, 0xff, 0xf0, 0x0, 0x3f, 0xff, 0xff, 0xff,
    0xff, 0x0, 0x3, 0xff, 0xff, 0xff, 0xff, 0xe0,
    0x0, 0x1f, 0xff, 0xff, 0xff, 0xfc, 0x0, 0x0,
    0xff, 0xff, 0xff, 0xff, 0x80, 0x0, 0x7, 0xff,
    0xff, 0xff, 0xf0, 0x0, 0x0, 0x3f, 0xff, 0xff,
    0xfe, 0x0, 0x0, 0x1, 0xff, 0xff, 0xff, 0xc0,
    0x0, 0x0, 0xf, 0xff, 0xff, 0xf8, 0x0, 0x0,
    0x0, 0x3f, 0xff, 0xfe, 0x0, 0x0, 0x0, 0x0,
    0xff, 0xff, 0x80, 0x0, 0x0, 0x0, 0x1, 0xff,
    0x80, 0x0, 0x0,

    /* U+003F "?" */
    0x0, 0x0, 0xf, 0xfe, 0x0, 0x0, 0x0, 0x0,
    0x7, 0xff, 0xfe, 0x0, 0x0, 0x0, 0x3, 0xff,
    0xff, 0xfc, 0x0, 0x0, 0x0, 0xff, 0xff, 0xff,
    0xf0, 0x0, 0x0, 0x1f, 0xff, 0xff, 0xff, 0x80,
    0x0, 0x3, 0xff, 0xff, 0xff, 0xfe, 0x0, 0x0,
    0xff, 0xff, 0xff, 0xff, 0xf0, 0x0, 0x1f, 0xff,
    0xff, 0xff, 0xff, 0x80, 0x1, 0xff, 0xff, 0xff,
    0xff, 0xfc, 0x0, 0x3f, 0xff, 0xff, 0xff, 0xff,
    0xe0, 0x7, 0xff, 0xff, 0xff, 0xff, 0xff, 0x0,
    0xff, 0xff, 0xff, 0xff, 0xff, 0xf0, 0xf, 0xff,
    0xff, 0xff, 0xff, 0xff, 0x81, 0xff, 0xff, 0xff,
    0xff, 0xff, 0xf8, 0x1f, 0xff, 0xff, 0xff, 0xff,
    0xff, 0xc3, 0xff, 0xff, 0xe0, 0x7f, 0xff, 0xfc,
    0x3f, 0xff, 0xf0, 0x1, 0xff, 0xff, 0xc3, 0xff,
    0xfe, 0x0, 0x7, 0xff, 0xfe, 0x7f, 0xff, 0xc0,
    0x0, 0x7f, 0xff, 0xe7, 0xff, 0xf8, 0x0, 0x3,
    0xff, 0xfe, 0x7f, 0xff, 0x80, 0x0, 0x1f, 0xff,
    0xe7, 0xff, 0xf0, 0x0, 0x1, 0xff, 0xff, 0x7f,
    0xff, 0x0, 0x0, 0x1f, 0xff, 0xff, 0xff, 0xf0,
    0x0, 0x0, 0xff, 0xff, 0xff, 0xff, 0x0, 0x0,
    0xf, 0xff, 0xff, 0xff, 0xe0, 0x0, 0x0, 0xff,
    0xff, 0xff, 0xfe, 0x0, 0x0, 0xf, 0xff, 0xff,
    0xff, 0xe0, 0x0, 0x0, 0xff, 0xff, 0xff, 0xfe,
    0x0, 0x0, 0xf, 0xff, 0xff, 0xff, 0xe0, 0x0,
    0x0, 0xff, 0xff, 0x0, 0x0, 0x0, 0x0, 0xf,
    0xff, 0xf0, 0x0, 0x0, 0x0, 0x0, 0xff, 0xff,
    0x0, 0x0, 0x0, 0x0, 0x1f, 0xff, 0xf0, 0x0,
    0x0, 0x0, 0x1, 0xff, 0xfe, 0x0, 0x0, 0x0,
    0x0, 0x3f, 0xff, 0xe0, 0x0, 0x0, 0x0, 0x3,
    0xff, 0xfe, 0x0, 0x0, 0x0, 0x0, 0x7f, 0xff,
    0xc0, 0x0, 0x0, 0x0, 0xf, 0xff, 0xfc, 0x0,
    0x0, 0x0, 0x0, 0xff, 0xff, 0xc0, 0x0, 0x0,
    0x0, 0x1f, 0xff, 0xf8, 0x0, 0x0, 0x0, 0x3,
    0xff, 0xff, 0x80, 0x0, 0x0, 0x0, 0xff, 0xff,
    0xf0, 0x0, 0x0, 0x0, 0x1f, 0xff, 0xfe, 0x0,
    0x0, 0x0, 0x3, 0xff, 0xff, 0xc0, 0x0, 0x0,
    0x0, 0x7f, 0xff, 0xfc, 0x0, 0x0, 0x0, 0x7,
    0xff, 0xff, 0x80, 0x0, 0x0, 0x0, 0xff, 0xff,
    0xf0, 0x0, 0x0, 0x0, 0x1f, 0xff, 0xfe, 0x0,
    0x0, 0x0, 0x3, 0xff, 0xff, 0xc0, 0x0, 0x0,
    0x0, 0x3f, 0xff, 0xf8, 0x0, 0x0, 0x0, 0x7,
    0xff, 0xff, 0x0, 0x0, 0x0, 0x0, 0x7f, 0xff,
    0xe0, 0x0, 0x0, 0x0, 0x7, 0xff, 0xfc, 0x0,
    0x0, 0x0, 0x0, 0xff, 0xff, 0x80, 0x0, 0x0,
    0x0, 0xf, 0xff, 0xf0, 0x0, 0x0, 0x0, 0x0,
    0xff, 0xfe, 0x0, 0x0, 0x0, 0x0, 0xf, 0xff,
    0xe0, 0x0, 0x0, 0x0, 0x1, 0xff, 0xfc, 0x0,
    0x0, 0x0, 0x0, 0x1f, 0xff, 0xc0, 0x0, 0x0,
    0x0, 0x1, 0xff, 0xfc, 0x0, 0x0, 0x0, 0x0,
    0x1f, 0xff, 0x80, 0x0, 0x0, 0x0, 0x1, 0xff,
    0xf8, 0x0, 0x0, 0x0, 0x0, 0x1f, 0xff, 0x80,
    0x0, 0x0, 0x0, 0x1, 0xff, 0xf8, 0x0, 0x0,
    0x0, 0x0, 0x1f, 0xff, 0x80, 0x0, 0x0, 0x0,
    0x1, 0xff, 0xf8, 0x0, 0x0, 0x0, 0x0, 0x0,
    0x0, 0x0, 0x0, 0x0, 0x0, 0x0, 0x0, 0x0,
    0x0, 0x0, 0x0, 0x0, 0x0, 0x0, 0x0, 0x0,
    0x0, 0x0, 0x0, 0x0, 0x0, 0x0, 0x0, 0x0,
    0x0, 0x0, 0x0, 0x0, 0x0, 0x0, 0x0, 0x0,
    0x0, 0x0, 0x0, 0x0, 0x0, 0x0, 0x0, 0x0,
    0x0, 0x0, 0x0, 0x0, 0x0, 0x0, 0x0, 0x0,
    0x0, 0x0, 0x0, 0x0, 0x0, 0x0, 0x0, 0x0,
    0x0, 0x1, 0xff, 0xfc, 0x0, 0x0, 0x0, 0x0,
    0x1f, 0xff, 0xc0, 0x0, 0x0, 0x0, 0x1, 0xff,
    0xfc, 0x0, 0x0, 0x0, 0x0, 0x1f, 0xff, 0xc0,
    0x0, 0x0, 0x0, 0x1, 0xff, 0xfc, 0x0, 0x0,
    0x0, 0x0, 0x1f, 0xff, 0xc0, 0x0, 0x0, 0x0,
    0x1, 0xff, 0xfc, 0x0, 0x0, 0x0, 0x0, 0x1f,
    0xff, 0xc0, 0x0, 0x0, 0x0, 0x1, 0xff, 0xfc,
    0x0, 0x0, 0x0, 0x0, 0x1f, 0xff, 0xc0, 0x0,
    0x0, 0x0, 0x1, 0xff, 0xfc, 0x0, 0x0, 0x0,
    0x0, 0x1f, 0xff, 0xc0, 0x0, 0x0, 0x0, 0x1,
    0xff, 0xfc, 0x0, 0x0, 0x0, 0x0, 0x1f, 0xff,
    0xc0, 0x0, 0x0, 0x0, 0x1, 0xff, 0xfc, 0x0,
    0x0, 0x0, 0x0, 0x1f, 0xff, 0xc0, 0x0, 0x0,
    0x0, 0x1, 0xff, 0xfc, 0x0, 0x0, 0x0, 0x0,
    0x1f, 0xff, 0xc0, 0x0, 0x0,

    /* U+0041 "A" */
    0x0, 0x0, 0x0, 0x1f, 0xff, 0xf8, 0x0, 0x0,
    0x0, 0x0, 0x0, 0x0, 0x3f, 0xff, 0xfc, 0x0,
    0x0, 0x0, 0x0, 0x0, 0x0, 0x3f, 0xff, 0xfc,
    0x0, 0x0, 0x0, 0x0, 0x0, 0x0, 0x3f, 0xff,
    0xfc, 0x0, 0x0, 0x0, 0x0, 0x0, 0x0, 0x3f,
    0xff, 0xfe, 0x0, 0x0, 0x0, 0x0, 0x0, 0x0,
    0x7f, 0xff, 0xfe, 0x0, 0x0, 0x0, 0x0, 0x0,
    0x0, 0x7f, 0xff, 0xfe, 0x0, 0x0, 0x0, 0x0,
    0x0, 0x0, 0x7f, 0xff, 0xfe, 0x0, 0x0, 0x0,
    0x0, 0x0, 0x0, 0xff, 0xff, 0xff, 0x0, 0x0,
    0x0, 0x0, 0x0, 0x0, 0xff, 0xff, 0xff, 0x0,
    0x0, 0x0, 0x0, 0x0, 0x0, 0xff, 0xff, 0xff,
    0x0, 0x0, 0x0, 0x0, 0x0, 0x0, 0xff, 0xff,
    0xff, 0x80, 0x0, 0x0, 0x0, 0x0, 0x1, 0xff,
    0xff, 0xff, 0x80, 0x0, 0x0, 0x0, 0x0, 0x1,
    0xff, 0xff, 0xff, 0x80, 0x0, 0x0, 0x0, 0x0,
    0x1, 0xff, 0xff, 0xff, 0x80, 0x0, 0x0, 0x0,
    0x0, 0x3, 0xff, 0xff, 0xff, 0xc0, 0x0, 0x0,
    0x0, 0x0, 0x3, 0xff, 0xff, 0xff, 0xc0, 0x0,
    0x0, 0x0, 0x0, 0x3, 0xff, 0xff, 0xff, 0xc0,
    0x0, 0x0, 0x0, 0x0, 0x7, 0xff, 0xff, 0xff,
    0xe0, 0x0, 0x0, 0x0, 0x0, 0x7, 0xff, 0xff,
    0xff, 0xe0, 0x0, 0x0, 0x0, 0x0, 0x7, 0xff,
    0xff, 0xff, 0xe0, 0x0, 0x0, 0x0, 0x0, 0x7,
    0xff, 0xff, 0xff, 0xe0, 0x0, 0x0, 0x0, 0x0,
    0xf, 0xff, 0xef, 0xff, 0xf0, 0x0, 0x0, 0x0,
    0x0, 0xf, 0xff, 0xe7, 0xff, 0xf0, 0x0, 0x0,
    0x0, 0x0, 0xf, 0xff, 0xe7, 0xff, 0xf0, 0x0,
    0x0, 0x0, 0x0, 0x1f, 0xff, 0xe7, 0xff, 0xf8,
    0x0, 0x0, 0x0, 0x0, 0x1f, 0xff, 0xc3, 0xff,
    0xf8, 0x0, 0x0, 0x0, 0x0, 0x1f, 0xff, 0xc3,
    0xff, 0xf8, 0x0, 0x0, 0x0, 0x0, 0x1f, 0xff,
    0xc3, 0xff, 0xf8, 0x0, 0x0, 0x0, 0x0, 0x3f,
    0xff, 0x83, 0xff, 0xfc, 0x0, 0x0, 0x0, 0x0,
    0x3f, 0xff, 0x81, 0xff, 0xfc, 0x0, 0x0, 0x0,
    0x0, 0x3f, 0xff, 0x81, 0xff, 0xfc, 0x0, 0x0,
    0x0, 0x0, 0x7f, 0xff, 0x81, 0xff, 0xfe, 0x0,
    0x0, 0x0, 0x0, 0x7f, 0xff, 0x1, 0xff, 0xfe,
    0x0, 0x0, 0x0, 0x0, 0x7f, 0xff, 0x0, 0xff,
    0xfe, 0x0, 0x0, 0x0, 0x0, 0x7f, 0xff, 0x0,
    0xff, 0xfe, 0x0, 0x0, 0x0, 0x0, 0xff, 0xff,
    0x0, 0xff, 0xff, 0x0, 0x0, 0x0, 0x0, 0xff,
    0xfe, 0x0, 0xff, 0xff, 0x0, 0x0, 0x0, 0x0,
    0xff, 0xfe, 0x0, 0x7f, 0xff, 0x0, 0x0, 0x0,
    0x1, 0xff, 0xfe, 0x0, 0x7f, 0xff, 0x80, 0x0,
    0x0, 0x1, 0xff, 0xfe, 0x0, 0x7f, 0xff, 0x80,
    0x0, 0x0, 0x1, 0xff, 0xfc, 0x0, 0x7f, 0xff,
    0x80, 0x0, 0x0, 0x3, 0xff, 0xfc, 0x0, 0x3f,
    0xff, 0x80, 0x0, 0x0, 0x3, 0xff, 0xfc, 0x0,
    0x3f, 0xff, 0xc0, 0x0, 0x0, 0x3, 0xff, 0xf8,
    0x0, 0x3f, 0xff, 0xc0, 0x0, 0x0, 0x3, 0xff,
    0xf8, 0x0, 0x3f, 0xff, 0xc0, 0x0, 0x0, 0x7,
    0xff, 0xf8, 0x0, 0x1f, 0xff, 0xe0, 0x0, 0x0,
    0x7, 0xff, 0xf8, 0x0, 0x1f, 0xff, 0xe0, 0x0,
    0x0, 0x7, 0xff, 0xf0, 0x0, 0x1f, 0xff, 0xe0,
    0x0, 0x0, 0xf, 0xff, 0xf0, 0x0, 0x1f, 0xff,
    0xe0, 0x0, 0x0, 0xf, 0xff, 0xf0, 0x0, 0xf,
    0xff, 0xf0, 0x0, 0x0, 0xf, 0xff, 0xf0, 0x0,
    0xf, 0xff, 0xf0, 0x0, 0x0, 0xf, 0xff, 0xe0,
    0x0, 0xf, 0xff, 0xf0, 0x0, 0x0, 0x1f, 0xff,
    0xe0, 0x0, 0xf, 0xff, 0xf8, 0x0, 0x0, 0x1f,
    0xff, 0xe0, 0x0, 0x7, 0xff, 0xf8, 0x0, 0x0,
    0x1f, 0xff, 0xe0, 0x0, 0x7, 0xff, 0xf8, 0x0,
    0x0, 0x3f, 0xff, 0xc0, 0x0, 0x7, 0xff, 0xfc,
    0x0, 0x0, 0x3f, 0xff, 0xff, 0xff, 0xff, 0xff,
    0xfc, 0x0, 0x0, 0x3f, 0xff, 0xff, 0xff, 0xff,
    0xff, 0xfc, 0x0, 0x0, 0x3f, 0xff, 0xff, 0xff,
    0xff, 0xff, 0xfc, 0x0, 0x0, 0x7f, 0xff, 0xff,
    0xff, 0xff, 0xff, 0xfe, 0x0, 0x0, 0x7f, 0xff,
    0xff, 0xff, 0xff, 0xff, 0xfe, 0x0, 0x0, 0x7f,
    0xff, 0xff, 0xff, 0xff, 0xff, 0xfe, 0x0, 0x0,
    0xff, 0xff, 0xff, 0xff, 0xff, 0xff, 0xff, 0x0,
    0x0, 0xff, 0xff, 0xff, 0xff, 0xff, 0xff, 0xff,
    0x0, 0x0, 0xff, 0xff, 0xff, 0xff, 0xff, 0xff,
    0xff, 0x0, 0x1, 0xff, 0xff, 0xff, 0xff, 0xff,
    0xff, 0xff, 0x0, 0x1, 0xff, 0xff, 0xff, 0xff,
    0xff, 0xff, 0xff, 0x80, 0x1, 0xff, 0xff, 0xff,
    0xff, 0xff, 0xff, 0xff, 0x80, 0x1, 0xff, 0xff,
    0xff, 0xff, 0xff, 0xff, 0xff, 0x80, 0x3, 0xff,
    0xff, 0xff, 0xff, 0xff, 0xff, 0xff, 0xc0, 0x3,
    0xff, 0xff, 0xff, 0xff, 0xff, 0xff, 0xff, 0xc0,
    0x3, 0xff, 0xff, 0xff, 0xff, 0xff, 0xff, 0xff,
    0xc0, 0x7, 0xff, 0xfc, 0x0, 0x0, 0x0, 0x3f,
    0xff, 0xc0, 0x7, 0xff, 0xfc, 0x0, 0x0, 0x0,
    0x3f, 0xff, 0xe0, 0x7, 0xff, 0xf8, 0x0, 0x0,
    0x0, 0x3f, 0xff, 0xe0, 0x7, 0xff, 0xf8, 0x0,
    0x0, 0x0, 0x1f, 0xff, 0xe0, 0xf, 0xff, 0xf8,
    0x0, 0x0, 0x0, 0x1f, 0xff, 0xf0, 0xf, 0xff,
    0xf0, 0x0, 0x0, 0x0, 0x1f, 0xff, 0xf0, 0xf,
    0xff, 0xf0, 0x0, 0x0, 0x0, 0x1f, 0xff, 0xf0,
    0x1f, 0xff, 0xf0, 0x0, 0x0, 0x0, 0xf, 0xff,
    0xf0, 0x1f, 0xff, 0xf0, 0x0, 0x0, 0x0, 0xf,
    0xff, 0xf8, 0x1f, 0xff, 0xe0, 0x0, 0x0, 0x0,
    0xf, 0xff, 0xf8, 0x1f, 0xff, 0xe0, 0x0, 0x0,
    0x0, 0xf, 0xff, 0xf8, 0x3f, 0xff, 0xe0, 0x0,
    0x0, 0x0, 0x7, 0xff, 0xfc, 0x3f, 0xff, 0xc0,
    0x0, 0x0, 0x0, 0x7, 0xff, 0xfc, 0x3f, 0xff,
    0xc0, 0x0, 0x0, 0x0, 0x7, 0xff, 0xfc, 0x7f,
    0xff, 0xc0, 0x0, 0x0, 0x0, 0x7, 0xff, 0xfc,
    0x7f, 0xff, 0xc0, 0x0, 0x0, 0x0, 0x3, 0xff,
    0xfe, 0x7f, 0xff, 0x80, 0x0, 0x0, 0x0, 0x3,
    0xff, 0xfe, 0xff, 0xff, 0x80, 0x0, 0x0, 0x0,
    0x3, 0xff, 0xfe, 0xff, 0xff, 0x80, 0x0, 0x0,
    0x0, 0x3, 0xff, 0xff,

    /* U+0042 "B" */
    0xff, 0xff, 0xff, 0xff, 0xff, 0xe0, 0x0, 0x3,
    0xff, 0xff, 0xff, 0xff, 0xff, 0xf0, 0x0, 0xf,
    0xff, 0xff, 0xff, 0xff, 0xff, 0xf0, 0x0, 0x3f,
    0xff, 0xff, 0xff, 0xff, 0xff, 0xf0, 0x0, 0xff,
    0xff, 0xff, 0xff, 0xff, 0xff, 0xf0, 0x3, 0xff,
    0xff, 0xff, 0xff, 0xff, 0xff, 0xe0, 0xf, 0xff,
    0xff, 0xff, 0xff, 0xff, 0xff, 0xc0, 0x3f, 0xff,
    0xff, 0xff, 0xff, 0xff, 0xff, 0x80, 0xff, 0xff,
    0xff, 0xff, 0xff, 0xff, 0xff, 0x3, 0xff, 0xff,
    0xff, 0xff, 0xff, 0xff, 0xfc, 0xf, 0xff, 0xff,
    0xff, 0xff, 0xff, 0xff, 0xf8, 0x3f, 0xff, 0xff,
    0xff, 0xff, 0xff, 0xff, 0xe0, 0xff, 0xff, 0xff,
    0xff, 0xff, 0xff, 0xff, 0xc3, 0xff, 0xff, 0xff,
    0xff, 0xff, 0xff, 0xff, 0xf, 0xff, 0xff, 0xff,
    0xff, 0xff, 0xff, 0xfe, 0x3f, 0xff, 0xff, 0xff,
    0xff, 0xff, 0xff, 0xf8, 0xff, 0xfe, 0x0, 0x0,
    0x3, 0xff, 0xff, 0xe3, 0xff, 0xf8, 0x0, 0x0,
    0x1, 0xff, 0xff, 0x8f, 0xff, 0xe0, 0x0, 0x0,
    0x3, 0xff, 0xff, 0x3f, 0xff, 0x80, 0x0, 0x0,
    0x7, 0xff, 0xfc, 0xff, 0xfe, 0x0, 0x0, 0x0,
    0xf, 0xff, 0xf3, 0xff, 0xf8, 0x0, 0x0, 0x0,
    0x3f, 0xff, 0xcf, 0xff, 0xe0, 0x0, 0x0, 0x0,
    0x7f, 0xff, 0x3f, 0xff, 0x80, 0x0, 0x0, 0x1,
    0xff, 0xfc, 0xff, 0xfe, 0x0, 0x0, 0x0, 0x7,
    0xff, 0xf3, 0xff, 0xf8, 0x0, 0x0, 0x0, 0x1f,
    0xff, 0xcf, 0xff, 0xe0, 0x0, 0x0, 0x0, 0x7f,
    0xff, 0x3f, 0xff, 0x80, 0x0, 0x0, 0x1, 0xff,
    0xfc, 0xff, 0xfe, 0x0, 0x0, 0x0, 0x7, 0xff,
    0xf3, 0xff, 0xf8, 0x0, 0x0, 0x0, 0x1f, 0xff,
    0xcf, 0xff, 0xe0, 0x0, 0x0, 0x0, 0xff, 0xfe,
    0x3f, 0xff, 0x80, 0x0, 0x0, 0x3, 0xff, 0xf8,
    0xff, 0xfe, 0x0, 0x0, 0x0, 0x1f, 0xff, 0xe3,
    0xff, 0xf8, 0x0, 0x0, 0x0, 0xff, 0xff, 0xf,
    0xff, 0xe0, 0x0, 0x0, 0xf, 0xff, 0xfc, 0x3f,
    0xff, 0x80, 0x0, 0x0, 0xff, 0xff, 0xe0, 0xff,
    0xff, 0xff, 0xff, 0xff, 0xff, 0xff, 0x83, 0xff,
    0xff, 0xff, 0xff, 0xff, 0xff, 0xfc, 0xf, 0xff,
    0xff, 0xff, 0xff, 0xff, 0xff, 0xf0, 0x3f, 0xff,
    0xff, 0xff, 0xff, 0xff, 0xff, 0x80, 0xff, 0xff,
    0xff, 0xff, 0xff, 0xff, 0xf8, 0x3, 0xff, 0xff,
    0xff, 0xff, 0xff, 0xff, 0xc0, 0xf, 0xff, 0xff,
    0xff, 0xff, 0xff, 0xfe, 0x0, 0x3f, 0xff, 0xff,
    0xff, 0xff, 0xff, 0xfe, 0x0, 0xff, 0xff, 0xff,
    0xff, 0xff, 0xff, 0xfe, 0x3, 0xff, 0xff, 0xff,
    0xff, 0xff, 0xff, 0xfc, 0xf, 0xff, 0xff, 0xff,
    0xff, 0xff, 0xff, 0xf8, 0x3f, 0xff, 0xff, 0xff,
    0xff, 0xff, 0xff, 0xe0, 0xff, 0xff, 0xff, 0xff,
    0xff, 0xff, 0xff, 0xc3, 0xff, 0xff, 0xff, 0xff,
    0xff, 0xff, 0xff, 0x8f, 0xff, 0xff, 0xff, 0xff,
    0xff, 0xff, 0xfe, 0x3f, 0xff, 0x80, 0x0, 0x0,
    0x7f, 0xff, 0xfc, 0xff, 0xfe, 0x0, 0x0, 0x0,
    0x3f, 0xff, 0xf3, 0xff, 0xf8, 0x0, 0x0, 0x0,
    0x7f, 0xff, 0xcf, 0xff, 0xe0, 0x0, 0x0, 0x0,
    0xff, 0xff, 0xbf, 0xff, 0x80, 0x0, 0x0, 0x1,
    0xff, 0xfe, 0xff, 0xfe, 0x0, 0x0, 0x0, 0x3,
    0xff, 0xfb, 0xff, 0xf8, 0x0, 0x0, 0x0, 0xf,
    0xff, 0xef, 0xff, 0xe0, 0x0, 0x0, 0x0, 0x1f,
    0xff, 0xff, 0xff, 0x80, 0x0, 0x0, 0x0, 0x7f,
    0xff, 0xff, 0xfe, 0x0, 0x0, 0x0, 0x1, 0xff,
    0xff, 0xff, 0xf8, 0x0, 0x0, 0x0, 0x7, 0xff,
    0xff, 0xff, 0xe0, 0x0, 0x0, 0x0, 0x1f, 0xff,
    0xff, 0xff, 0x80, 0x0, 0x0, 0x0, 0x7f, 0xff,
    0xff, 0xfe, 0x0, 0x0, 0x0, 0x1, 0xff, 0xff,
    0xff, 0xf8, 0x0, 0x0, 0x0, 0x7, 0xff, 0xff,
    0xff, 0xe0, 0x0, 0x0, 0x0, 0x1f, 0xff, 0xff,
    0xff, 0x80, 0x0, 0x0, 0x0, 0xff, 0xff, 0xff,
    0xfe, 0x0, 0x0, 0x0, 0x3, 0xff, 0xff, 0xff,
    0xf8, 0x0, 0x0, 0x0, 0xf, 0xff, 0xff, 0xff,
    0xe0, 0x0, 0x0, 0x0, 0x7f, 0xff, 0xbf, 0xff,
    0x80, 0x0, 0x0, 0x1, 0xff, 0xfe, 0xff, 0xfe,
    0x0, 0x0, 0x0, 0xf, 0xff, 0xfb, 0xff, 0xf8,
    0x0, 0x0, 0x0, 0x7f, 0xff, 0xef, 0xff, 0xe0,
    0x0, 0x0, 0x7, 0xff, 0xff, 0x3f, 0xff, 0x80,
    0x0, 0x0, 0x7f, 0xff, 0xfc, 0xff, 0xff, 0xff,
    0xff, 0xff, 0xff, 0xff, 0xf3, 0xff, 0xff, 0xff,
    0xff, 0xff, 0xff, 0xff, 0x8f, 0xff, 0xff, 0xff,
    0xff, 0xff, 0xff, 0xfe, 0x3f, 0xff, 0xff, 0xff,
    0xff, 0xff, 0xff, 0xf0, 0xff, 0xff, 0xff, 0xff,
    0xff, 0xff, 0xff, 0xc3, 0xff, 0xff, 0xff, 0xff,
    0xff, 0xff, 0xfe, 0xf, 0xff, 0xff, 0xff, 0xff,
    0xff, 0xff, 0xf0, 0x3f, 0xff, 0xff, 0xff, 0xff,
    0xff, 0xff, 0xc0, 0xff, 0xff, 0xff, 0xff, 0xff,
    0xff, 0xfe, 0x3, 0xff, 0xff, 0xff, 0xff, 0xff,
    0xff, 0xf0, 0xf, 0xff, 0xff, 0xff, 0xff, 0xff,
    0xff, 0x80, 0x3f, 0xff, 0xff, 0xff, 0xff, 0xff,
    0xfc, 0x0, 0xff, 0xff, 0xff, 0xff, 0xff, 0xff,
    0xc0, 0x3, 0xff, 0xff, 0xff, 0xff, 0xff, 0xfc,
    0x0, 0xf, 0xff, 0xff, 0xff, 0xff, 0xff, 0xc0,
    0x0, 0x3f, 0xff, 0xff, 0xff, 0xff, 0xe0, 0x0,
    0x0,

    /* U+0043 "C" */
    0x0, 0x0, 0x0, 0x7, 0xff, 0x80, 0x0, 0x0,
    0x0, 0x0, 0x0, 0xf, 0xff, 0xff, 0x0, 0x0,
    0x0, 0x0, 0x0, 0xf, 0xff, 0xff, 0xfc, 0x0,
    0x0, 0x0, 0x0, 0x7, 0xff, 0xff, 0xff, 0xe0,
    0x0, 0x0, 0x0, 0x3, 0xff, 0xff, 0xff, 0xfe,
    0x0, 0x0, 0x0, 0x0, 0xff, 0xff, 0xff, 0xff,
    0xf0, 0x0, 0x0, 0x0, 0x3f, 0xff, 0xff, 0xff,
    0xff, 0x0, 0x0, 0x0, 0x1f, 0xff, 0xff, 0xff,
    0xff, 0xf8, 0x0, 0x0, 0x7, 0xff, 0xff, 0xff,
    0xff, 0xff, 0x80, 0x0, 0x1, 0xff, 0xff, 0xff,
    0xff, 0xff, 0xf8, 0x0, 0x0, 0x7f, 0xff, 0xff,
    0xff, 0xff, 0xff, 0x80, 0x0, 0xf, 0xff, 0xff,
    0xff, 0xff, 0xff, 0xf0, 0x0, 0x3, 0xff, 0xff,
    0xff, 0xff, 0xff, 0xff, 0x0, 0x0, 0xff, 0xff,
    0xff, 0xff, 0xff, 0xff, 0xf0, 0x0, 0x3f, 0xff,
    0xff, 0xff, 0xff, 0xff, 0xff, 0x0, 0x7, 0xff,
    0xff, 0xff, 0xff, 0xff, 0xff, 0xe0, 0x1, 0xff,
    0xff, 0xfe, 0x1, 0xff, 0xff, 0xfe, 0x0, 0x3f,
    0xff, 0xfe, 0x0, 0x7, 0xff, 0xff, 0xc0, 0xf,
    0xff, 0xff, 0x80, 0x0, 0x3f, 0xff, 0xfc, 0x1,
    0xff, 0xff, 0xc0, 0x0, 0x3, 0xff, 0xff, 0x80,
    0x7f, 0xff, 0xf0, 0x0, 0x0, 0x3f, 0xff, 0xf8,
    0xf, 0xff, 0xfc, 0x0, 0x0, 0x3, 0xff, 0xff,
    0x3, 0xff, 0xff, 0x0, 0x0, 0x0, 0x3f, 0xff,
    0xe0, 0x7f, 0xff, 0xe0, 0x0, 0x0, 0x3, 0xff,
    0xfe, 0xf, 0xff, 0xf8, 0x0, 0x0, 0x0, 0x7f,
    0xff, 0xc3, 0xff, 0xff, 0x0, 0x0, 0x0, 0x7,
    0xff, 0xf8, 0x7f, 0xff, 0xc0, 0x0, 0x0, 0x0,
    0xff, 0xff, 0xf, 0xff, 0xf8, 0x0, 0x0, 0x0,
    0x1f, 0xff, 0xf3, 0xff, 0xfe, 0x0, 0x0, 0x0,
    0x1, 0xff, 0xfe, 0x7f, 0xff, 0xc0, 0x0, 0x0,
    0x0, 0x3f, 0xff, 0xcf, 0xff, 0xf0, 0x0, 0x0,
    0x0, 0x7, 0xff, 0xf9, 0xff, 0xfe, 0x0, 0x0,
    0x0, 0x0, 0xff, 0xff, 0x7f, 0xff, 0xc0, 0x0,
    0x0, 0x0, 0x0, 0x0, 0xf, 0xff, 0xf8, 0x0,
    0x0, 0x0, 0x0, 0x0, 0x1, 0xff, 0xfe, 0x0,
    0x0, 0x0, 0x0, 0x0, 0x0, 0x3f, 0xff, 0xc0,
    0x0, 0x0, 0x0, 0x0, 0x0, 0x7, 0xff, 0xf8,
    0x0, 0x0, 0x0, 0x0, 0x0, 0x0, 0xff, 0xff,
    0x0, 0x0, 0x0, 0x0, 0x0, 0x0, 0x3f, 0xff,
    0xe0, 0x0, 0x0, 0x0, 0x0, 0x0, 0x7, 0xff,
    0xf8, 0x0, 0x0, 0x0, 0x0, 0x0, 0x0, 0xff,
    0xff, 0x0, 0x0, 0x0, 0x0, 0x0, 0x0, 0x1f,
    0xff, 0xe0, 0x0, 0x0, 0x0, 0x0, 0x0, 0x3,
    0xff, 0xfc, 0x0, 0x0, 0x0, 0x0, 0x0, 0x0,
    0x7f, 0xff, 0x80, 0x0, 0x0, 0x0, 0x0, 0x0,
    0xf, 0xff, 0xf0, 0x0, 0x0, 0x0, 0x0, 0x0,
    0x1, 0xff, 0xfe, 0x0, 0x0, 0x0, 0x0, 0x0,
    0x0, 0x3f, 0xff, 0xc0, 0x0, 0x0, 0x0, 0x0,
    0x0, 0x7, 0xff, 0xf8, 0x0, 0x0, 0x0, 0x0,
    0x0, 0x0, 0xff, 0xff, 0x0, 0x0, 0x0, 0x0,
    0x0, 0x0, 0x1f, 0xff, 0xe0, 0x0, 0x0, 0x0,
    0x0, 0x0, 0x3, 0xff, 0xfc, 0x0, 0x0, 0x0,
    0x0, 0x0, 0x0, 0x7f, 0xff, 0x80, 0x0, 0x0,
    0x0, 0x0, 0x0, 0xf, 0xff, 0xf0, 0x0, 0x0,
    0x0, 0x0, 0x0, 0x1, 0xff, 0xfe, 0x0, 0x0,
    0x0, 0x0, 0x0, 0x0, 0x3f, 0xff, 0xc0, 0x0,
    0x0, 0x0, 0x0, 0x0, 0x7, 0xff, 0xf8, 0x0,
    0x0, 0x0, 0x0, 0x0, 0x0, 0xff, 0xff, 0x0,
    0x0, 0x0, 0x0, 0x0, 0x0, 0x1f, 0xff, 0xf0,
    0x0, 0x0, 0x0, 0x0, 0x0, 0x3, 0xff, 0xfe,
    0x0, 0x0, 0x0, 0x0, 0x0, 0x0, 0x3f, 0xff,
    0xc0, 0x0, 0x0, 0x0, 0x0, 0x0, 0x7, 0xff,
    0xf8, 0x0, 0x0, 0x0, 0x0, 0x0, 0x0, 0xff,
    0xff, 0x0, 0x0, 0x0, 0x0, 0x0, 0x0, 0x1f,
    0xff, 0xe0, 0x0, 0x0, 0x0, 0x0, 0x0, 0x3,
    0xff, 0xfe, 0x0, 0x0, 0x0, 0x0, 0xff, 0xff,
    0x7f, 0xff, 0xc0, 0x0, 0x0, 0x0, 0x1f, 0xff,
    0xe7, 0xff, 0xf8, 0x0, 0x0, 0x0, 0x3, 0xff,
    0xfc, 0xff, 0xff, 0x0, 0x0, 0x0, 0x0, 0x7f,
    0xff, 0x9f, 0xff, 0xf0, 0x0, 0x0, 0x0, 0xf,
    0xff, 0xe3, 0xff, 0xfe, 0x0, 0x0, 0x0, 0x3,
    0xff, 0xfc, 0x3f, 0xff, 0xe0, 0x0, 0x0, 0x0,
    0x7f, 0xff, 0x87, 0xff, 0xfc, 0x0, 0x0, 0x0,
    0x1f, 0xff, 0xf0, 0xff, 0xff, 0xc0, 0x0, 0x0,
    0x3, 0xff, 0xfc, 0x1f, 0xff, 0xf8, 0x0, 0x0,
    0x0, 0x7f, 0xff, 0x81, 0xff, 0xff, 0x80, 0x0,
    0x0, 0x1f, 0xff, 0xf0, 0x3f, 0xff, 0xf0, 0x0,
    0x0, 0x7, 0xff, 0xfc, 0x3, 0xff, 0xff, 0x0,
    0x0, 0x0, 0xff, 0xff, 0x80, 0x7f, 0xff, 0xf0,
    0x0, 0x0, 0x3f, 0xff, 0xf0, 0xf, 0xff, 0xff,
    0x0, 0x0, 0xf, 0xff, 0xfc, 0x0, 0xff, 0xff,
    0xf0, 0x0, 0x7, 0xff, 0xff, 0x80, 0x1f, 0xff,
    0xff, 0x80, 0x1, 0xff, 0xff, 0xe0, 0x1, 0xff,
    0xff, 0xfe, 0x1, 0xff, 0xff, 0xfc, 0x0, 0x1f,
    0xff, 0xff, 0xff, 0xff, 0xff, 0xff, 0x0, 0x3,
    0xff, 0xff, 0xff, 0xff, 0xff, 0xff, 0xe0, 0x0,
    0x3f, 0xff, 0xff, 0xff, 0xff, 0xff, 0xf8, 0x0,
    0x3, 0xff, 0xff, 0xff, 0xff, 0xff, 0xfe, 0x0,
    0x0, 0x7f, 0xff, 0xff, 0xff, 0xff, 0xff, 0x80,
    0x0, 0x7, 0xff, 0xff, 0xff, 0xff, 0xff, 0xf0,
    0x0, 0x0, 0x7f, 0xff, 0xff, 0xff, 0xff, 0xfc,
    0x0, 0x0, 0x7, 0xff, 0xff, 0xff, 0xff, 0xff,
    0x0, 0x0, 0x0, 0x7f, 0xff, 0xff, 0xff, 0xff,
    0xc0, 0x0, 0x0, 0x7, 0xff, 0xff, 0xff, 0xff,
    0xf0, 0x0, 0x0, 0x0, 0x7f, 0xff, 0xff, 0xff,
    0xf8, 0x0, 0x0, 0x0, 0x3, 0xff, 0xff, 0xff,
    0xfe, 0x0, 0x0, 0x0, 0x0, 0x1f, 0xff, 0xff,
    0xff, 0x0, 0x0, 0x0, 0x0, 0x0, 0xff, 0xff,
    0xff, 0x80, 0x0, 0x0, 0x0, 0x0, 0x7, 0xff,
    0xff, 0x80, 0x0, 0x0, 0x0, 0x0, 0x0, 0x7,
    0xff, 0x80, 0x0, 0x0, 0x0,

    /* U+0044 "D" */
    0xff, 0xff, 0xff, 0xff, 0xfe, 0x0, 0x0, 0x0,
    0xff, 0xff, 0xff, 0xff, 0xff, 0xe0, 0x0, 0x0,
    0xff, 0xff, 0xff, 0xff, 0xff, 0xf8, 0x0, 0x0,
    0xff, 0xff, 0xff, 0xff, 0xff, 0xfe, 0x0, 0x0,
    0xff, 0xff, 0xff, 0xff, 0xff, 0xff, 0x80, 0x0,
    0xff, 0xff, 0xff, 0xff, 0xff, 0xff, 0xc0, 0x0,
    0xff, 0xff, 0xff, 0xff, 0xff, 0xff, 0xe0, 0x0,
    0xff, 0xff, 0xff, 0xff, 0xff, 0xff, 0xf8, 0x0,
    0xff, 0xff, 0xff, 0xff, 0xff, 0xff, 0xf8, 0x0,
    0xff, 0xff, 0xff, 0xff, 0xff, 0xff, 0xfc, 0x0,
    0xff, 0xff, 0xff, 0xff, 0xff, 0xff, 0xfe, 0x0,
    0xff, 0xff, 0xff, 0xff, 0xff, 0xff, 0xff, 0x0,
    0xff, 0xff, 0xff, 0xff, 0xff, 0xff, 0xff, 0x80,
    0xff, 0xff, 0xff, 0xff, 0xff, 0xff, 0xff, 0x80,
    0xff, 0xff, 0xff, 0xff, 0xff, 0xff, 0xff, 0xc0,
    0xff, 0xff, 0xff, 0xff, 0xff, 0xff, 0xff, 0xc0,
    0xff, 0xfe, 0x0, 0x0, 0x1f, 0xff, 0xff, 0xe0,
    0xff, 0xfe, 0x0, 0x0, 0x3, 0xff, 0xff, 0xe0,
    0xff, 0xfe, 0x0, 0x0, 0x1, 0xff, 0xff, 0xf0,
    0xff, 0xfe, 0x0, 0x0, 0x0, 0x7f, 0xff, 0xf0,
    0xff, 0xfe, 0x0, 0x0, 0x0, 0x3f, 0xff, 0xf0,
    0xff, 0xfe, 0x0, 0x0, 0x0, 0x1f, 0xff, 0xf8,
    0xff, 0xfe, 0x0, 0x0, 0x0, 0x1f, 0xff, 0xf8,
    0xff, 0xfe, 0x0, 0x0, 0x0, 0xf, 0xff, 0xf8,
    0xff, 0xfe, 0x0, 0x0, 0x0, 0xf, 0xff, 0xfc,
    0xff, 0xfe, 0x0, 0x0, 0x0, 0x7, 0xff, 0xfc,
    0xff, 0xfe, 0x0, 0x0, 0x0, 0x7, 0xff, 0xfc,
    0xff, 0xfe, 0x0, 0x0, 0x0, 0x3, 0xff, 0xfc,
    0xff, 0xfe, 0x0, 0x0, 0x0, 0x3, 0xff, 0xfe,
    0xff, 0xfe, 0x0, 0x0, 0x0, 0x3, 0xff, 0xfe,
    0xff, 0xfe, 0x0, 0x0, 0x0, 0x1, 0xff, 0xfe,
    0xff, 0xfe, 0x0, 0x0, 0x0, 0x1, 0xff, 0xfe,
    0xff, 0xfe, 0x0, 0x0, 0x0, 0x1, 0xff, 0xfe,
    0xff, 0xfe, 0x0, 0x0, 0x0, 0x1, 0xff, 0xfe,
    0xff, 0xfe, 0x0, 0x0, 0x0, 0x1, 0xff, 0xfe,
    0xff, 0xfe, 0x0, 0x0, 0x0, 0x1, 0xff, 0xff,
    0xff, 0xfe, 0x0, 0x0, 0x0, 0x0, 0xff, 0xff,
    0xff, 0xfe, 0x0, 0x0, 0x0, 0x0, 0xff, 0xff,
    0xff, 0xfe, 0x0, 0x0, 0x0, 0x0, 0xff, 0xff,
    0xff, 0xfe, 0x0, 0x0, 0x0, 0x0, 0xff, 0xff,
    0xff, 0xfe, 0x0, 0x0, 0x0, 0x0, 0xff, 0xff,
    0xff, 0xfe, 0x0, 0x0, 0x0, 0x0, 0xff, 0xff,
    0xff, 0xfe, 0x0, 0x0, 0x0, 0x0, 0xff, 0xff,
    0xff, 0xfe, 0x0, 0x0, 0x0, 0x0, 0xff, 0xff,
    0xff, 0xfe, 0x0, 0x0, 0x0, 0x0, 0xff, 0xff,
    0xff, 0xfe, 0x0, 0x0, 0x0, 0x0, 0xff, 0xff,
    0xff, 0xfe, 0x0, 0x0, 0x0, 0x0, 0xff, 0xff,
    0xff, 0xfe, 0x0, 0x0, 0x0, 0x0, 0xff, 0xff,
    0xff, 0xfe, 0x0, 0x0, 0x0, 0x0, 0xff, 0xff,
    0xff, 0xfe, 0x0, 0x0, 0x0, 0x0, 0xff, 0xff,
    0xff, 0xfe, 0x0, 0x0, 0x0, 0x0, 0xff, 0xff,
    0xff, 0xfe, 0x0, 0x0, 0x0, 0x0, 0xff, 0xff,
    0xff, 0xfe, 0x0, 0x0, 0x0, 0x0, 0xff, 0xff,
    0xff, 0xfe, 0x0, 0x0, 0x0, 0x1, 0xff, 0xfe,
    0xff, 0xfe, 0x0, 0x0, 0x0, 0x1, 0xff, 0xfe,
    0xff, 0xfe, 0x0, 0x0, 0x0, 0x1, 0xff, 0xfe,
    0xff, 0xfe, 0x0, 0x0, 0x0, 0x1, 0xff, 0xfe,
    0xff, 0xfe, 0x0, 0x0, 0x0, 0x1, 0xff, 0xfe,
    0xff, 0xfe, 0x0, 0x0, 0x0, 0x1, 0xff, 0xfe,
    0xff, 0xfe, 0x0, 0x0, 0x0, 0x3, 0xff, 0xfe,
    0xff, 0xfe, 0x0, 0x0, 0x0, 0x3, 0xff, 0xfc,
    0xff, 0xfe, 0x0, 0x0, 0x0, 0x3, 0xff, 0xfc,
    0xff, 0xfe, 0x0, 0x0, 0x0, 0x3, 0xff, 0xfc,
    0xff, 0xfe, 0x0, 0x0, 0x0, 0x7, 0xff, 0xfc,
    0xff, 0xfe, 0x0, 0x0, 0x0, 0x7, 0xff, 0xfc,
    0xff, 0xfe, 0x0, 0x0, 0x0, 0xf, 0xff, 0xf8,
    0xff, 0xfe, 0x0, 0x0, 0x0, 0xf, 0xff, 0xf8,
    0xff, 0xfe, 0x0, 0x0, 0x0, 0xf, 0xff, 0xf8,
    0xff, 0xfe, 0x0, 0x0, 0x0, 0x1f, 0xff, 0xf0,
    0xff, 0xfe, 0x0, 0x0, 0x0, 0x3f, 0xff, 0xf0,
    0xff, 0xfe, 0x0, 0x0, 0x0, 0x3f, 0xff, 0xf0,
    0xff, 0xfe, 0x0, 0x0, 0x0, 0x7f, 0xff, 0xe0,
    0xff, 0xfe, 0x0, 0x0, 0x0, 0xff, 0xff, 0xe0,
    0xff, 0xfe, 0x0, 0x0, 0x1, 0xff, 0xff, 0xc0,
    0xff, 0xfe, 0x0, 0x0, 0x7, 0xff, 0xff, 0xc0,
    0xff, 0xfe, 0x0, 0x0, 0x3f, 0xff, 0xff, 0xc0,
    0xff, 0xff, 0xff, 0xff, 0xff, 0xff, 0xff, 0x80,
    0xff, 0xff, 0xff, 0xff, 0xff, 0xff, 0xff, 0x0,
    0xff, 0xff, 0xff, 0xff, 0xff, 0xff, 0xff, 0x0,
    0xff, 0xff, 0xff, 0xff, 0xff, 0xff, 0xfe, 0x0,
    0xff, 0xff, 0xff, 0xff, 0xff, 0xff, 0xfe, 0x0,
    0xff, 0xff, 0xff, 0xff, 0xff, 0xff, 0xfc, 0x0,
    0xff, 0xff, 0xff, 0xff, 0xff, 0xff, 0xf8, 0x0,
    0xff, 0xff, 0xff, 0xff, 0xff, 0xff, 0xf0, 0x0,
    0xff, 0xff, 0xff, 0xff, 0xff, 0xff, 0xe0, 0x0,
    0xff, 0xff, 0xff, 0xff, 0xff, 0xff, 0xc0, 0x0,
    0xff, 0xff, 0xff, 0xff, 0xff, 0xff, 0x80, 0x0,
    0xff, 0xff, 0xff, 0xff, 0xff, 0xff, 0x0, 0x0,
    0xff, 0xff, 0xff, 0xff, 0xff, 0xfc, 0x0, 0x0,
    0xff, 0xff, 0xff, 0xff, 0xff, 0xf0, 0x0, 0x0,
    0xff, 0xff, 0xff, 0xff, 0xff, 0xc0, 0x0, 0x0,
    0xff, 0xff, 0xff, 0xff, 0xfc, 0x0, 0x0, 0x0,

    /* U+0045 "E" */
    0xff, 0xff, 0xff, 0xff, 0xff, 0xff, 0xff, 0x7f,
    0xff, 0xff, 0xff, 0xff, 0xff, 0xff, 0xbf, 0xff,
    0xff, 0xff, 0xff, 0xff, 0xff, 0xdf, 0xff, 0xff,
    0xff, 0xff, 0xff, 0xff, 0xef, 0xff, 0xff, 0xff,
    0xff, 0xff, 0xff, 0xf7, 0xff, 0xff, 0xff, 0xff,
    0xff, 0xff, 0xfb, 0xff, 0xff, 0xff, 0xff, 0xff,
    0xff, 0xfd, 0xff, 0xff, 0xff, 0xff, 0xff, 0xff,
    0xfe, 0xff, 0xff, 0xff, 0xff, 0xff, 0xff, 0xff,
    0x7f, 0xff, 0xff, 0xff, 0xff, 0xff, 0xff, 0xbf,
    0xff, 0xff, 0xff, 0xff, 0xff, 0xff, 0xdf, 0xff,
    0xff, 0xff, 0xff, 0xff, 0xff, 0xef, 0xff, 0xff,
    0xff, 0xff, 0xff, 0xff, 0xf7, 0xff, 0xff, 0xff,
    0xff, 0xff, 0xff, 0xfb, 0xff, 0xff, 0xff, 0xff,
    0xff, 0xff, 0xfd, 0xff, 0xff, 0xff, 0xff, 0xff,
    0xff, 0xfe, 0xff, 0xfe, 0x0, 0x0, 0x0, 0x0,
    0x0, 0x7f, 0xff, 0x0, 0x0, 0x0, 0x0, 0x0,
    0x3f, 0xff, 0x80, 0x0, 0x0, 0x0, 0x0, 0x1f,
    0xff, 0xc0, 0x0, 0x0, 0x0, 0x0, 0xf, 0xff,
    0xe0, 0x0, 0x0, 0x0, 0x0, 0x7, 0xff, 0xf0,
    0x0, 0x0, 0x0, 0x0, 0x3, 0xff, 0xf8, 0x0,
    0x0, 0x0, 0x0, 0x1, 0xff, 0xfc, 0x0, 0x0,
    0x0, 0x0, 0x0, 0xff, 0xfe, 0x0, 0x0, 0x0,
    0x0, 0x0, 0x7f, 0xff, 0x0, 0x0, 0x0, 0x0,
    0x0, 0x3f, 0xff, 0x80, 0x0, 0x0, 0x0, 0x0,
    0x1f, 0xff, 0xc0, 0x0, 0x0, 0x0, 0x0, 0xf,
    0xff, 0xe0, 0x0, 0x0, 0x0, 0x0, 0x7, 0xff,
    0xf0, 0x0, 0x0, 0x0, 0x0, 0x3, 0xff, 0xf8,
    0x0, 0x0, 0x0, 0x0, 0x1, 0xff, 0xfc, 0x0,
    0x0, 0x0, 0x0, 0x0, 0xff, 0xfe, 0x0, 0x0,
    0x0, 0x0, 0x0, 0x7f, 0xff, 0x0, 0x0, 0x0,
    0x0, 0x0, 0x3f, 0xff, 0x80, 0x0, 0x0, 0x0,
    0x0, 0x1f, 0xff, 0xc0, 0x0, 0x0, 0x0, 0x0,
    0xf, 0xff, 0xff, 0xff, 0xff, 0xff, 0xff, 0x7,
    0xff, 0xff, 0xff, 0xff, 0xff, 0xff, 0x83, 0xff,
    0xff, 0xff, 0xff, 0xff, 0xff, 0xc1, 0xff, 0xff,
    0xff, 0xff, 0xff, 0xff, 0xe0, 0xff, 0xff, 0xff,
    0xff, 0xff, 0xff, 0xf0, 0x7f, 0xff, 0xff, 0xff,
    0xff, 0xff, 0xf8, 0x3f, 0xff, 0xff, 0xff, 0xff,
    0xff, 0xfc, 0x1f, 0xff, 0xff, 0xff, 0xff, 0xff,
    0xfe, 0xf, 0xff, 0xff, 0xff, 0xff, 0xff, 0xff,
    0x7, 0xff, 0xff, 0xff, 0xff, 0xff, 0xff, 0x83,
    0xff, 0xff, 0xff, 0xff, 0xff, 0xff, 0xc1, 0xff,
    0xff, 0xff, 0xff, 0xff, 0xff, 0xe0, 0xff, 0xff,
    0xff, 0xff, 0xff, 0xff, 0xf0, 0x7f, 0xff, 0xff,
    0xff, 0xff, 0xff, 0xf8, 0x3f, 0xff, 0xff, 0xff,
    0xff, 0xff, 0xfc, 0x1f, 0xff, 0xff, 0xff, 0xff,
    0xff, 0xfe, 0xf, 0xff, 0xe0, 0x0, 0x0, 0x0,
    0x0, 0x7, 0xff, 0xf0, 0x0, 0x0, 0x0, 0x0,
    0x3, 0xff, 0xf8, 0x0, 0x0, 0x0, 0x0, 0x1,
    0xff, 0xfc, 0x0, 0x0, 0x0, 0x0, 0x0, 0xff,
    0xfe, 0x0, 0x0, 0x0, 0x0, 0x0, 0x7f, 0xff,
    0x0, 0x0, 0x0, 0x0, 0x0, 0x3f, 0xff, 0x80,
    0x0, 0x0, 0x0, 0x0, 0x1f, 0xff, 0xc0, 0x0,
    0x0, 0x0, 0x0, 0xf, 0xff, 0xe0, 0x0, 0x0,
    0x0, 0x0, 0x7, 0xff, 0xf0, 0x0, 0x0, 0x0,
    0x0, 0x3, 0xff, 0xf8, 0x0, 0x0, 0x0, 0x0,
    0x1, 0xff, 0xfc, 0x0, 0x0, 0x0, 0x0, 0x0,
    0xff, 0xfe, 0x0, 0x0, 0x0, 0x0, 0x0, 0x7f,
    0xff, 0x0, 0x0, 0x0, 0x0, 0x0, 0x3f, 0xff,
    0x80, 0x0, 0x0, 0x0, 0x0, 0x1f, 0xff, 0xc0,
    0x0, 0x0, 0x0, 0x0, 0xf, 0xff, 0xe0, 0x0,
    0x0, 0x0, 0x0, 0x7, 0xff, 0xf0, 0x0, 0x0,
    0x0, 0x0, 0x3, 0xff, 0xf8, 0x0, 0x0, 0x0,
    0x0, 0x1, 0xff, 0xfc, 0x0, 0x0, 0x0, 0x0,
    0x0, 0xff, 0xfe, 0x0, 0x0, 0x0, 0x0, 0x0,
    0x7f, 0xff, 0x0, 0x0, 0x0, 0x0, 0x0, 0x3f,
    0xff, 0x80, 0x0, 0x0, 0x0, 0x0, 0x1f, 0xff,
    0xc0, 0x0, 0x0, 0x0, 0x0, 0xf, 0xff, 0xff,
    0xff, 0xff, 0xff, 0xff, 0xff, 0xff, 0xff, 0xff,
    0xff, 0xff, 0xff, 0xff, 0xff, 0xff, 0xff, 0xff,
    0xff, 0xff, 0xff, 0xff, 0xff, 0xff, 0xff, 0xff,
    0xff, 0xff, 0xff, 0xff, 0xff, 0xff, 0xff, 0xff,
    0xff, 0xff, 0xff, 0xff, 0xff, 0xff, 0xff, 0xff,
    0xff, 0xff, 0xff, 0xff, 0xff, 0xff, 0xff, 0xff,
    0xff, 0xff, 0xff, 0xff, 0xff, 0xff, 0xff, 0xff,
    0xff, 0xff, 0xff, 0xff, 0xff, 0xff, 0xff, 0xff,
    0xff, 0xff, 0xff, 0xff, 0xff, 0xff, 0xff, 0xff,
    0xff, 0xff, 0xff, 0xff, 0xff, 0xff, 0xff, 0xff,
    0xff, 0xff, 0xff, 0xff, 0xff, 0xff, 0xff, 0xff,
    0xff, 0xff, 0xff, 0xff, 0xff, 0xff, 0xff, 0xff,
    0xff, 0xff, 0xff, 0xff, 0xff, 0xff, 0xff, 0xff,
    0xff, 0xff, 0xff, 0xff, 0xff, 0xff, 0xff, 0xf0,

    /* U+0046 "F" */
    0xff, 0xff, 0xff, 0xff, 0xff, 0xff, 0xff, 0xff,
    0xff, 0xff, 0xff, 0xff, 0xff, 0xff, 0xff, 0xff,
    0xff, 0xff, 0xff, 0xff, 0xff, 0xff, 0xff, 0xff,
    0xff, 0xff, 0xff, 0xff, 0xff, 0xff, 0xff, 0xff,
    0xff, 0xff, 0xff, 0xff, 0xff, 0xff, 0xff, 0xff,
    0xff, 0xff, 0xff, 0xff, 0xff, 0xff, 0xff, 0xff,
    0xff, 0xff, 0xff, 0xff, 0xff, 0xff, 0xff, 0xff,
    0xff, 0xff, 0xff, 0xff, 0xff, 0xff, 0xff, 0xff,
    0xff, 0xff, 0xff, 0xff, 0xff, 0xff, 0xff, 0xff,
    0xff, 0xff, 0xff, 0xff, 0xff, 0xff, 0xff, 0xff,
    0xff, 0xff, 0xff, 0xff, 0xff, 0xff, 0xff, 0xff,
    0xff, 0xff, 0xff, 0xff, 0xff, 0xff, 0xff, 0xff,
    0xff, 0xff, 0xff, 0xff, 0xff, 0xff, 0xff, 0xff,
    0xff, 0xff, 0xff, 0xff, 0xff, 0xff, 0x0, 0x0,
    0x0, 0x0, 0x3, 0xff, 0xfc, 0x0, 0x0, 0x0,
    0x0, 0xf, 0xff, 0xf0, 0x0, 0x0, 0x0, 0x0,
    0x3f, 0xff, 0xc0, 0x0, 0x0, 0x0, 0x0, 0xff,
    0xff, 0x0, 0x0, 0x0, 0x0, 0x3, 0xff, 0xfc,
    0x0, 0x0, 0x0, 0x0, 0xf, 0xff, 0xf0, 0x0,
    0x0, 0x0, 0x0, 0x3f, 0xff, 0xc0, 0x0, 0x0,
    0x0, 0x0, 0xff, 0xff, 0x0, 0x0, 0x0, 0x0,
    0x3, 0xff, 0xfc, 0x0, 0x0, 0x0, 0x0, 0xf,
    0xff, 0xf0, 0x0, 0x0, 0x0, 0x0, 0x3f, 0xff,
    0xc0, 0x0, 0x0, 0x0, 0x0, 0xff, 0xff, 0x0,
    0x0, 0x0, 0x0, 0x3, 0xff, 0xfc, 0x0, 0x0,
    0x0, 0x0, 0xf, 0xff, 0xf0, 0x0, 0x0, 0x0,
    0x0, 0x3f, 0xff, 0xc0, 0x0, 0x0, 0x0, 0x0,
    0xff, 0xff, 0x0, 0x0, 0x0, 0x0, 0x3, 0xff,
    0xfc, 0x0, 0x0, 0x0, 0x0, 0xf, 0xff, 0xf0,
    0x0, 0x0, 0x0, 0x0, 0x3f, 0xff, 0xc0, 0x0,
    0x0, 0x0, 0x0, 0xff, 0xff, 0x0, 0x0, 0x0,
    0x0, 0x3, 0xff, 0xff, 0xff, 0xff, 0xff, 0xfe,
    0xf, 0xff, 0xff, 0xff, 0xff, 0xff, 0xf8, 0x3f,
    0xff, 0xff, 0xff, 0xff, 0xff, 0xe0, 0xff, 0xff,
    0xff, 0xff, 0xff, 0xff, 0x83, 0xff, 0xff, 0xff,
    0xff, 0xff, 0xfe, 0xf, 0xff, 0xff, 0xff, 0xff,
    0xff, 0xf8, 0x3f, 0xff, 0xff, 0xff, 0xff, 0xff,
    0xe0, 0xff, 0xff, 0xff, 0xff, 0xff, 0xff, 0x83,
    0xff, 0xff, 0xff, 0xff, 0xff, 0xfe, 0xf, 0xff,
    0xff, 0xff, 0xff, 0xff, 0xf8, 0x3f, 0xff, 0xff,
    0xff, 0xff, 0xff, 0xe0, 0xff, 0xff, 0xff, 0xff,
    0xff, 0xff, 0x83, 0xff, 0xff, 0xff, 0xff, 0xff,
    0xfe, 0xf, 0xff, 0xff, 0xff, 0xff, 0xff, 0xf8,
    0x3f, 0xff, 0xff, 0xff, 0xff, 0xff, 0xe0, 0xff,
    0xff, 0xff, 0xff, 0xff, 0xff, 0x83, 0xff, 0xfc,
    0x0, 0x0, 0x0, 0x0, 0xf, 0xff, 0xf0, 0x0,
    0x0, 0x0, 0x0, 0x3f, 0xff, 0xc0, 0x0, 0x0,
    0x0, 0x0, 0xff, 0xff, 0x0, 0x0, 0x0, 0x0,
    0x3, 0xff, 0xfc, 0x0, 0x0, 0x0, 0x0, 0xf,
    0xff, 0xf0, 0x0, 0x0, 0x0, 0x0, 0x3f, 0xff,
    0xc0, 0x0, 0x0, 0x0, 0x0, 0xff, 0xff, 0x0,
    0x0, 0x0, 0x0, 0x3, 0xff, 0xfc, 0x0, 0x0,
    0x0, 0x0, 0xf, 0xff, 0xf0, 0x0, 0x0, 0x0,
    0x0, 0x3f, 0xff, 0xc0, 0x0, 0x0, 0x0, 0x0,
    0xff, 0xff, 0x0, 0x0, 0x0, 0x0, 0x3, 0xff,
    0xfc, 0x0, 0x0, 0x0, 0x0, 0xf, 0xff, 0xf0,
    0x0, 0x0, 0x0, 0x0, 0x3f, 0xff, 0xc0, 0x0,
    0x0, 0x0, 0x0, 0xff, 0xff, 0x0, 0x0, 0x0,
    0x0, 0x3, 0xff, 0xfc, 0x0, 0x0, 0x0, 0x0,
    0xf, 0xff, 0xf0, 0x0, 0x0, 0x0, 0x0, 0x3f,
    0xff, 0xc0, 0x0, 0x0, 0x0, 0x0, 0xff, 0xff,
    0x0, 0x0, 0x0, 0x0, 0x3, 0xff, 0xfc, 0x0,
    0x0, 0x0, 0x0, 0xf, 0xff, 0xf0, 0x0, 0x0,
    0x0, 0x0, 0x3f, 0xff, 0xc0, 0x0, 0x0, 0x0,
    0x0, 0xff, 0xff, 0x0, 0x0, 0x0, 0x0, 0x3,
    0xff, 0xfc, 0x0, 0x0, 0x0, 0x0, 0xf, 0xff,
    0xf0, 0x0, 0x0, 0x0, 0x0, 0x3f, 0xff, 0xc0,
    0x0, 0x0, 0x0, 0x0, 0xff, 0xff, 0x0, 0x0,
    0x0, 0x0, 0x3, 0xff, 0xfc, 0x0, 0x0, 0x0,
    0x0, 0xf, 0xff, 0xf0, 0x0, 0x0, 0x0, 0x0,
    0x3f, 0xff, 0xc0, 0x0, 0x0, 0x0, 0x0, 0xff,
    0xff, 0x0, 0x0, 0x0, 0x0, 0x3, 0xff, 0xfc,
    0x0, 0x0, 0x0, 0x0, 0xf, 0xff, 0xf0, 0x0,
    0x0, 0x0, 0x0, 0x3f, 0xff, 0xc0, 0x0, 0x0,
    0x0, 0x0, 0xff, 0xff, 0x0, 0x0, 0x0, 0x0,
    0x3, 0xff, 0xfc, 0x0, 0x0, 0x0, 0x0, 0xf,
    0xff, 0xf0, 0x0, 0x0, 0x0, 0x0, 0x3f, 0xff,
    0xc0, 0x0, 0x0, 0x0, 0x0,

    /* U+0047 "G" */
    0x0, 0x0, 0x0, 0x3, 0xff, 0xe0, 0x0, 0x0,
    0x0, 0x0, 0x0, 0x0, 0xff, 0xff, 0xf8, 0x0,
    0x0, 0x0, 0x0, 0x0, 0x1f, 0xff, 0xff, 0xfc,
    0x0, 0x0, 0x0, 0x0, 0x1, 0xff, 0xff, 0xff,
    0xfc, 0x0, 0x0, 0x0, 0x0, 0x1f, 0xff, 0xff,
    0xff, 0xfc, 0x0, 0x0, 0x0, 0x0, 0xff, 0xff,
    0xff, 0xff, 0xf8, 0x0, 0x0, 0x0, 0x7, 0xff,
    0xff, 0xff, 0xff, 0xf8, 0x0, 0x0, 0x0, 0x7f,
    0xff, 0xff, 0xff, 0xff, 0xf0, 0x0, 0x0, 0x3,
    0xff, 0xff, 0xff, 0xff, 0xff, 0xe0, 0x0, 0x0,
    0x1f, 0xff, 0xff, 0xff, 0xff, 0xff, 0xc0, 0x0,
    0x0, 0xff, 0xff, 0xff, 0xff, 0xff, 0xff, 0x80,
    0x0, 0x7, 0xff, 0xff, 0xff, 0xff, 0xff, 0xff,
    0x0, 0x0, 0x1f, 0xff, 0xff, 0xff, 0xff, 0xff,
    0xfe, 0x0, 0x0, 0xff, 0xff, 0xff, 0xff, 0xff,
    0xff, 0xf8, 0x0, 0x7, 0xff, 0xff, 0xff, 0xff,
    0xff, 0xff, 0xf0, 0x0, 0x3f, 0xff, 0xff, 0xff,
    0xff, 0xff, 0xff, 0xc0, 0x0, 0xff, 0xff, 0xff,
    0x80, 0x3f, 0xff, 0xff, 0x80, 0x7, 0xff, 0xff,
    0xf0, 0x0, 0x3f, 0xff, 0xff, 0x0, 0x1f, 0xff,
    0xff, 0x0, 0x0, 0x3f, 0xff, 0xfc, 0x0, 0xff,
    0xff, 0xf8, 0x0, 0x0, 0x7f, 0xff, 0xf0, 0x3,
    0xff, 0xff, 0xc0, 0x0, 0x0, 0xff, 0xff, 0xe0,
    0x1f, 0xff, 0xfe, 0x0, 0x0, 0x1, 0xff, 0xff,
    0x80, 0x7f, 0xff, 0xf0, 0x0, 0x0, 0x3, 0xff,
    0xff, 0x3, 0xff, 0xff, 0x80, 0x0, 0x0, 0x7,
    0xff, 0xfc, 0xf, 0xff, 0xfc, 0x0, 0x0, 0x0,
    0xf, 0xff, 0xf0, 0x3f, 0xff, 0xe0, 0x0, 0x0,
    0x0, 0x3f, 0xff, 0xc1, 0xff, 0xff, 0x80, 0x0,
    0x0, 0x0, 0x7f, 0xff, 0x87, 0xff, 0xfc, 0x0,
    0x0, 0x0, 0x1, 0xff, 0xfe, 0x1f, 0xff, 0xf0,
    0x0, 0x0, 0x0, 0x7, 0xff, 0xf8, 0xff, 0xff,
    0x80, 0x0, 0x0, 0x0, 0xf, 0xff, 0xe3, 0xff,
    0xfe, 0x0, 0x0, 0x0, 0x0, 0x3f, 0xff, 0x8f,
    0xff, 0xf8, 0x0, 0x0, 0x0, 0x0, 0x0, 0x0,
    0x3f, 0xff, 0xc0, 0x0, 0x0, 0x0, 0x0, 0x0,
    0x1, 0xff, 0xff, 0x0, 0x0, 0x0, 0x0, 0x0,
    0x0, 0x7, 0xff, 0xfc, 0x0, 0x0, 0x0, 0x0,
    0x0, 0x0, 0x1f, 0xff, 0xe0, 0x0, 0x0, 0x0,
    0x0, 0x0, 0x0, 0x7f, 0xff, 0x80, 0x0, 0x0,
    0x0, 0x0, 0x0, 0x1, 0xff, 0xfe, 0x0, 0x0,
    0x0, 0x0, 0x0, 0x0, 0x7, 0xff, 0xf8, 0x0,
    0x0, 0x0, 0x0, 0x0, 0x0, 0x1f, 0xff, 0xe0,
    0x0, 0x0, 0x0, 0x0, 0x0, 0x0, 0xff, 0xff,
    0x0, 0x0, 0x0, 0x0, 0x0, 0x0, 0x3, 0xff,
    0xfc, 0x0, 0x0, 0x0, 0x0, 0x0, 0x0, 0xf,
    0xff, 0xf0, 0x0, 0x0, 0x0, 0x0, 0x0, 0x0,
    0x3f, 0xff, 0xc0, 0x0, 0x0, 0x0, 0x0, 0x0,
    0x0, 0xff, 0xff, 0x0, 0x0, 0x0, 0x0, 0x0,
    0x0, 0x3, 0xff, 0xfc, 0x0, 0x0, 0x7, 0xff,
    0xff, 0xff, 0xff, 0xff, 0xf0, 0x0, 0x0, 0x1f,
    0xff, 0xff, 0xff, 0xff, 0xff, 0xc0, 0x0, 0x0,
    0x7f, 0xff, 0xff, 0xff, 0xff, 0xff, 0x0, 0x0,
    0x1, 0xff, 0xff, 0xff, 0xff, 0xff, 0xfc, 0x0,
    0x0, 0x7, 0xff, 0xff, 0xff, 0xff, 0xff, 0xf0,
    0x0, 0x0, 0x1f, 0xff, 0xff, 0xff, 0xff, 0xff,
    0xc0, 0x0, 0x0, 0x7f, 0xff, 0xff, 0xff, 0xff,
    0xff, 0x0, 0x0, 0x1, 0xff, 0xff, 0xff, 0xff,
    0xff, 0xfc, 0x0, 0x0, 0x7, 0xff, 0xff, 0xff,
    0xff, 0xff, 0xf0, 0x0, 0x0, 0x1f, 0xff, 0xff,
    0xff, 0xff, 0xff, 0xc0, 0x0, 0x0, 0x7f, 0xff,
    0xff, 0xff, 0xff, 0xff, 0x0, 0x0, 0x1, 0xff,
    0xff, 0xff, 0xff, 0xff, 0xfc, 0x0, 0x0, 0x7,
    0xff, 0xff, 0xff, 0xff, 0xff, 0xf8, 0x0, 0x0,
    0x1f, 0xff, 0xff, 0xff, 0xdf, 0xff, 0xe0, 0x0,
    0x0, 0x7f, 0xff, 0xff, 0xff, 0x7f, 0xff, 0x80,
    0x0, 0x0, 0x0, 0x0, 0xff, 0xfd, 0xff, 0xfe,
    0x0, 0x0, 0x0, 0x0, 0x3, 0xff, 0xf7, 0xff,
    0xf8, 0x0, 0x0, 0x0, 0x0, 0xf, 0xff, 0xdf,
    0xff, 0xf0, 0x0, 0x0, 0x0, 0x0, 0x7f, 0xff,
    0x7f, 0xff, 0xc0, 0x0, 0x0, 0x0, 0x1, 0xff,
    0xfc, 0xff, 0xff, 0x0, 0x0, 0x0, 0x0, 0x7,
    0xff, 0xf3, 0xff, 0xfc, 0x0, 0x0, 0x0, 0x0,
    0x3f, 0xff, 0xcf, 0xff, 0xf8, 0x0, 0x0, 0x0,
    0x0, 0xff, 0xff, 0x3f, 0xff, 0xe0, 0x0, 0x0,
    0x0, 0x3, 0xff, 0xfc, 0x7f, 0xff, 0xc0, 0x0,
    0x0, 0x0, 0x1f, 0xff, 0xf1, 0xff, 0xff, 0x0,
    0x0, 0x0, 0x0, 0x7f, 0xff, 0xc7, 0xff, 0xfe,
    0x0, 0x0, 0x0, 0x3, 0xff, 0xff, 0xf, 0xff,
    0xf8, 0x0, 0x0, 0x0, 0xf, 0xff, 0xfc, 0x3f,
    0xff, 0xf0, 0x0, 0x0, 0x0, 0x7f, 0xff, 0xf0,
    0xff, 0xff, 0xe0, 0x0, 0x0, 0x3, 0xff, 0xff,
    0xc1, 0xff, 0xff, 0xc0, 0x0, 0x0, 0x1f, 0xff,
    0xff, 0x7, 0xff, 0xff, 0x80, 0x0, 0x0, 0xff,
    0xff, 0xfc, 0xf, 0xff, 0xff, 0x0, 0x0, 0x7,
    0xff, 0xff, 0xf0, 0x3f, 0xff, 0xff, 0x0, 0x0,
    0x3f, 0xff, 0xff, 0xc0, 0x7f, 0xff, 0xff, 0x0,
    0x3, 0xff, 0xff, 0xff, 0x1, 0xff, 0xff, 0xff,
    0x80, 0x7f, 0xff, 0xff, 0xfc, 0x3, 0xff, 0xff,
    0xff, 0xff, 0xff, 0xff, 0xff, 0xf0, 0x7, 0xff,
    0xff, 0xff, 0xff, 0xff, 0xff, 0xff, 0xc0, 0x1f,
    0xff, 0xff, 0xff, 0xff, 0xff, 0xff, 0xff, 0x0,
    0x3f, 0xff, 0xff, 0xff, 0xff, 0xff, 0xbf, 0xfc,
    0x0, 0x7f, 0xff, 0xff, 0xff, 0xff, 0xfc, 0xff,
    0xf0, 0x0, 0xff, 0xff, 0xff, 0xff, 0xff, 0xf3,
    0xff, 0xc0, 0x1, 0xff, 0xff, 0xff, 0xff, 0xff,
    0x8f, 0xff, 0x0, 0x3, 0xff, 0xff, 0xff, 0xff,
    0xfc, 0x1f, 0xfc, 0x0, 0x7, 0xff, 0xff, 0xff,
    0xff, 0xe0, 0x7f, 0xf0, 0x0, 0xf, 0xff, 0xff,
    0xff, 0xff, 0x1, 0xff, 0xc0, 0x0, 0x1f, 0xff,
    0xff, 0xff, 0xf8, 0x7, 0xff, 0x0, 0x0, 0x1f,
    0xff, 0xff, 0xff, 0x80, 0x1f, 0xfc, 0x0, 0x0,
    0x1f, 0xff, 0xff, 0xfc, 0x0, 0x7f, 0xf0, 0x0,
    0x0, 0x1f, 0xff, 0xff, 0xc0, 0x1, 0xff, 0xc0,
    0x0, 0x0, 0x1f, 0xff, 0xfc, 0x0, 0x0, 0x0,
    0x0, 0x0, 0x0, 0x7, 0xff, 0x0, 0x0, 0x0,
    0x0,

    /* U+0048 "H" */
    0xff, 0xff, 0x0, 0x0, 0x0, 0x7, 0xff, 0xff,
    0xff, 0xf8, 0x0, 0x0, 0x0, 0x3f, 0xff, 0xff,
    0xff, 0xc0, 0x0, 0x0, 0x1, 0xff, 0xff, 0xff,
    0xfe, 0x0, 0x0, 0x0, 0xf, 0xff, 0xff, 0xff,
    0xf0, 0x0, 0x0, 0x0, 0x7f, 0xff, 0xff, 0xff,
    0x80, 0x0, 0x0, 0x3, 0xff, 0xff, 0xff, 0xfc,
    0x0, 0x0, 0x0, 0x1f, 0xff, 0xff, 0xff, 0xe0,
    0x0, 0x0, 0x0, 0xff, 0xff, 0xff, 0xff, 0x0,
    0x0, 0x0, 0x7, 0xff, 0xff, 0xff, 0xf8, 0x0,
    0x0, 0x0, 0x3f, 0xff, 0xff, 0xff, 0xc0, 0x0,
    0x0, 0x1, 0xff, 0xff, 0xff, 0xfe, 0x0, 0x0,
    0x0, 0xf, 0xff, 0xff, 0xff, 0xf0, 0x0, 0x0,
    0x0, 0x7f, 0xff, 0xff, 0xff, 0x80, 0x0, 0x0,
    0x3, 0xff, 0xff, 0xff, 0xfc, 0x0, 0x0, 0x0,
    0x1f, 0xff, 0xff, 0xff, 0xe0, 0x0, 0x0, 0x0,
    0xff, 0xff, 0xff, 0xff, 0x0, 0x0, 0x0, 0x7,
    0xff, 0xff, 0xff, 0xf8, 0x0, 0x0, 0x0, 0x3f,
    0xff, 0xff, 0xff, 0xc0, 0x0, 0x0, 0x1, 0xff,
    0xff, 0xff, 0xfe, 0x0, 0x0, 0x0, 0xf, 0xff,
    0xff, 0xff, 0xf0, 0x0, 0x0, 0x0, 0x7f, 0xff,
    0xff, 0xff, 0x80, 0x0, 0x0, 0x3, 0xff, 0xff,
    0xff, 0xfc, 0x0, 0x0, 0x0, 0x1f, 0xff, 0xff,
    0xff, 0xe0, 0x0, 0x0, 0x0, 0xff, 0xff, 0xff,
    0xff, 0x0, 0x0, 0x0, 0x7, 0xff, 0xff, 0xff,
    0xf8, 0x0, 0x0, 0x0, 0x3f, 0xff, 0xff, 0xff,
    0xc0, 0x0, 0x0, 0x1, 0xff, 0xff, 0xff, 0xfe,
    0x0, 0x0, 0x0, 0xf, 0xff, 0xff, 0xff, 0xf0,
    0x0, 0x0, 0x0, 0x7f, 0xff, 0xff, 0xff, 0x80,
    0x0, 0x0, 0x3, 0xff, 0xff, 0xff, 0xfc, 0x0,
    0x0, 0x0, 0x1f, 0xff, 0xff, 0xff, 0xe0, 0x0,
    0x0, 0x0, 0xff, 0xff, 0xff, 0xff, 0x0, 0x0,
    0x0, 0x7, 0xff, 0xff, 0xff, 0xf8, 0x0, 0x0,
    0x0, 0x3f, 0xff, 0xff, 0xff, 0xc0, 0x0, 0x0,
    0x1, 0xff, 0xff, 0xff, 0xff, 0xff, 0xff, 0xff,
    0xff, 0xff, 0xff, 0xff, 0xff, 0xff, 0xff, 0xff,
    0xff, 0xff, 0xff, 0xff, 0xff, 0xff, 0xff, 0xff,
    0xff, 0xff, 0xff, 0xff, 0xff, 0xff, 0xff, 0xff,
    0xff, 0xff, 0xff, 0xff, 0xff, 0xff, 0xff, 0xff,
    0xff, 0xff, 0xff, 0xff, 0xff, 0xff, 0xff, 0xff,
    0xff, 0xff, 0xff, 0xff, 0xff, 0xff, 0xff, 0xff,
    0xff, 0xff, 0xff, 0xff, 0xff, 0xff, 0xff, 0xff,
    0xff, 0xff, 0xff, 0xff, 0xff, 0xff, 0xff, 0xff,
    0xff, 0xff, 0xff, 0xff, 0xff, 0xff, 0xff, 0xff,
    0xff, 0xff, 0xff, 0xff, 0xff, 0xff, 0xff, 0xff,
    0xff, 0xff, 0xff, 0xff, 0xff, 0xff, 0xff, 0xff,
    0xff, 0xff, 0xff, 0xff, 0xff, 0xff, 0xff, 0xff,
    0xff, 0xff, 0xff, 0xff, 0xff, 0xff, 0xff, 0xff,
    0xff, 0xff, 0xff, 0xff, 0xff, 0xff, 0xff, 0xff,
    0xff, 0xff, 0xff, 0xff, 0xff, 0xff, 0xfe, 0x0,
    0x0, 0x0, 0xf, 0xff, 0xff, 0xff, 0xf0, 0x0,
    0x0, 0x0, 0x7f, 0xff, 0xff, 0xff, 0x80, 0x0,
    0x0, 0x3, 0xff, 0xff, 0xff, 0xfc, 0x0, 0x0,
    0x0, 0x1f, 0xff, 0xff, 0xff, 0xe0, 0x0, 0x0,
    0x0, 0xff, 0xff, 0xff, 0xff, 0x0, 0x0, 0x0,
    0x7, 0xff, 0xff, 0xff, 0xf8, 0x0, 0x0, 0x0,
    0x3f, 0xff, 0xff, 0xff, 0xc0, 0x0, 0x0, 0x1,
    0xff, 0xff, 0xff, 0xfe, 0x0, 0x0, 0x0, 0xf,
    0xff, 0xff, 0xff, 0xf0, 0x0, 0x0, 0x0, 0x7f,
    0xff, 0xff, 0xff, 0x80, 0x0, 0x0, 0x3, 0xff,
    0xff, 0xff, 0xfc, 0x0, 0x0, 0x0, 0x1f, 0xff,
    0xff, 0xff, 0xe0, 0x0, 0x0, 0x0, 0xff, 0xff,
    0xff, 0xff, 0x0, 0x0, 0x0, 0x7, 0xff, 0xff,
    0xff, 0xf8, 0x0, 0x0, 0x0, 0x3f, 0xff, 0xff,
    0xff, 0xc0, 0x0, 0x0, 0x1, 0xff, 0xff, 0xff,
    0xfe, 0x0, 0x0, 0x0, 0xf, 0xff, 0xff, 0xff,
    0xf0, 0x0, 0x0, 0x0, 0x7f, 0xff, 0xff, 0xff,
    0x80, 0x0, 0x0, 0x3, 0xff, 0xff, 0xff, 0xfc,
    0x0, 0x0, 0x0, 0x1f, 0xff, 0xff, 0xff, 0xe0,
    0x0, 0x0, 0x0, 0xff, 0xff, 0xff, 0xff, 0x0,
    0x0, 0x0, 0x7, 0xff, 0xff, 0xff, 0xf8, 0x0,
    0x0, 0x0, 0x3f, 0xff, 0xff, 0xff, 0xc0, 0x0,
    0x0, 0x1, 0xff, 0xff, 0xff, 0xfe, 0x0, 0x0,
    0x0, 0xf, 0xff, 0xff, 0xff, 0xf0, 0x0, 0x0,
    0x0, 0x7f, 0xff, 0xff, 0xff, 0x80, 0x0, 0x0,
    0x3, 0xff, 0xff, 0xff, 0xfc, 0x0, 0x0, 0x0,
    0x1f, 0xff, 0xff, 0xff, 0xe0, 0x0, 0x0, 0x0,
    0xff, 0xff, 0xff, 0xff, 0x0, 0x0, 0x0, 0x7,
    0xff, 0xff, 0xff, 0xf8, 0x0, 0x0, 0x0, 0x3f,
    0xff, 0xff, 0xff, 0xc0, 0x0, 0x0, 0x1, 0xff,
    0xff, 0xff, 0xfe, 0x0, 0x0, 0x0, 0xf, 0xff,
    0xff, 0xff, 0xf0, 0x0, 0x0, 0x0, 0x7f, 0xff,
    0xff, 0xff, 0x80, 0x0, 0x0, 0x3, 0xff, 0xff,
    0xff, 0xfc, 0x0, 0x0, 0x0, 0x1f, 0xff, 0xff,
    0xff, 0xe0, 0x0, 0x0, 0x0, 0xff, 0xff, 0xff,
    0xff, 0x0, 0x0, 0x0, 0x7, 0xff, 0xff, 0xff,
    0xf8, 0x0, 0x0, 0x0, 0x3f, 0xff, 0xff, 0xff,
    0xc0, 0x0, 0x0, 0x1, 0xff, 0xff, 0xff, 0xfe,
    0x0, 0x0, 0x0, 0xf, 0xff, 0xf0,

    /* U+0049 "I" */
    0xff, 0xff, 0xff, 0xff, 0xff, 0xff, 0xff, 0xff,
    0xff, 0xff, 0xff, 0xff, 0xff, 0xff, 0xff, 0xff,
    0xff, 0xff, 0xff, 0xff, 0xff, 0xff, 0xff, 0xff,
    0xff, 0xff, 0xff, 0xff, 0xff, 0xff, 0xff, 0xff,
    0xff, 0xff, 0xff, 0xff, 0xff, 0xff, 0xff, 0xff,
    0xff, 0xff, 0xff, 0xff, 0xff, 0xff, 0xff, 0xff,
    0xff, 0xff, 0xff, 0xff, 0xff, 0xff, 0xff, 0xff,
    0xff, 0xff, 0xff, 0xff, 0xff, 0xff, 0xff, 0xff,
    0xff, 0xff, 0xff, 0xff, 0xff, 0xff, 0xff, 0xff,
    0xff, 0xff, 0xff, 0xff, 0xff, 0xff, 0xff, 0xff,
    0xff, 0xff, 0xff, 0xff, 0xff, 0xff, 0xff, 0xff,
    0xff, 0xff, 0xff, 0xff, 0xff, 0xff, 0xff, 0xff,
    0xff, 0xff, 0xff, 0xff, 0xff, 0xff, 0xff, 0xff,
    0xff, 0xff, 0xff, 0xff, 0xff, 0xff, 0xff, 0xff,
    0xff, 0xff, 0xff, 0xff, 0xff, 0xff, 0xff, 0xff,
    0xff, 0xff, 0xff, 0xff, 0xff, 0xff, 0xff, 0xff,
    0xff, 0xff, 0xff, 0xff, 0xff, 0xff, 0xff, 0xff,
    0xff, 0xff, 0xff, 0xff, 0xff, 0xff, 0xff, 0xff,
    0xff, 0xff, 0xff, 0xff, 0xff, 0xff, 0xff, 0xff,
    0xff, 0xff, 0xff, 0xff, 0xff, 0xff, 0xff, 0xff,
    0xff, 0xff, 0xff, 0xff, 0xff, 0xff, 0xff, 0xff,
    0xff, 0xff, 0xff, 0xff, 0xff, 0xff, 0xff, 0xff,
    0xff, 0xff, 0xff, 0xff, 0xff, 0xff, 0xff, 0xff,

    /* U+004A "J" */
    0x0, 0x0, 0x0, 0x0, 0x7f, 0xff, 0x0, 0x0,
    0x0, 0x0, 0x7f, 0xff, 0x0, 0x0, 0x0, 0x0,
    0x7f, 0xff, 0x0, 0x0, 0x0, 0x0, 0x7f, 0xff,
    0x0, 0x0, 0x0, 0x0, 0x7f, 0xff, 0x0, 0x0,
    0x0, 0x0, 0x7f, 0xff, 0x0, 0x0, 0x0, 0x0,
    0x7f, 0xff, 0x0, 0x0, 0x0, 0x0, 0x7f, 0xff,
    0x0, 0x0, 0x0, 0x0, 0x7f, 0xff, 0x0, 0x0,
    0x0, 0x0, 0x7f, 0xff, 0x0, 0x0, 0x0, 0x0,
    0x7f, 0xff, 0x0, 0x0, 0x0, 0x0, 0x7f, 0xff,
    0x0, 0x0, 0x0, 0x0, 0x7f, 0xff, 0x0, 0x0,
    0x0, 0x0, 0x7f, 0xff, 0x0, 0x0, 0x0, 0x0,
    0x7f, 0xff, 0x0, 0x0, 0x0, 0x0, 0x7f, 0xff,
    0x0, 0x0, 0x0, 0x0, 0x7f, 0xff, 0x0, 0x0,
    0x0, 0x0, 0x7f, 0xff, 0x0, 0x0, 0x0, 0x0,
    0x7f, 0xff, 0x0, 0x0, 0x0, 0x0, 0x7f, 0xff,
    0x0, 0x0, 0x0, 0x0, 0x7f, 0xff, 0x0, 0x0,
    0x0, 0x0, 0x7f, 0xff, 0x0, 0x0, 0x0, 0x0,
    0x7f, 0xff, 0x0, 0x0, 0x0, 0x0, 0x7f, 0xff,
    0x0, 0x0, 0x0, 0x0, 0x7f, 0xff, 0x0, 0x0,
    0x0, 0x0, 0x7f, 0xff, 0x0, 0x0, 0x0, 0x0,
    0x7f, 0xff, 0x0, 0x0, 0x0, 0x0, 0x7f, 0xff,
    0x0, 0x0, 0x0, 0x0, 0x7f, 0xff, 0x0, 0x0,
    0x0, 0x0, 0x7f, 0xff, 0x0, 0x0, 0x0, 0x0,
    0x7f, 0xff, 0x0, 0x0, 0x0, 0x0, 0x7f, 0xff,
    0x0, 0x0, 0x0, 0x0, 0x7f, 0xff, 0x0, 0x0,
    0x0, 0x0, 0x7f, 0xff, 0x0, 0x0, 0x0, 0x0,
    0x7f, 0xff, 0x0, 0x0, 0x0, 0x0, 0x7f, 0xff,
    0x0, 0x0, 0x0, 0x0, 0x7f, 0xff, 0x0, 0x0,
    0x0, 0x0, 0x7f, 0xff, 0x0, 0x0, 0x0, 0x0,
    0x7f, 0xff, 0x0, 0x0, 0x0, 0x0, 0x7f, 0xff,
    0x0, 0x0, 0x0, 0x0, 0x7f, 0xff, 0x0, 0x0,
    0x0, 0x0, 0x7f, 0xff, 0x0, 0x0, 0x0, 0x0,
    0x7f, 0xff, 0x0, 0x0, 0x0, 0x0, 0x7f, 0xff,
    0x0, 0x0, 0x0, 0x0, 0x7f, 0xff, 0x0, 0x0,
    0x0, 0x0, 0x7f, 0xff, 0x0, 0x0, 0x0, 0x0,
    0x7f, 0xff, 0x0, 0x0, 0x0, 0x0, 0x7f, 0xff,
    0x0, 0x0, 0x0, 0x0, 0x7f, 0xff, 0x0, 0x0,
    0x0, 0x0, 0x7f, 0xff, 0x0, 0x0, 0x0, 0x0,
    0x7f, 0xff, 0x0, 0x0, 0x0, 0x0, 0x7f, 0xff,
    0x0, 0x0, 0x0, 0x0, 0x7f, 0xff, 0x0, 0x0,
    0x0, 0x0, 0x7f, 0xff, 0x0, 0x0, 0x0, 0x0,
    0x7f, 0xff, 0x0, 0x0, 0x0, 0x0, 0x7f, 0xff,
    0x0, 0x0, 0x0, 0x0, 0x7f, 0xff, 0x0, 0x0,
    0x0, 0x0, 0x7f, 0xff, 0xff, 0xfe, 0x0, 0x0,
    0x7f, 0xff, 0xff, 0xfe, 0x0, 0x0, 0x7f, 0xff,
    0xff, 0xfe, 0x0, 0x0, 0x7f, 0xff, 0xff, 0xfe,
    0x0, 0x0, 0x7f, 0xff, 0xff, 0xfe, 0x0, 0x0,
    0x7f, 0xff, 0xff, 0xfe, 0x0, 0x0, 0x7f, 0xff,
    0xff, 0xfe, 0x0, 0x0, 0x7f, 0xff, 0xff, 0xfe,
    0x0, 0x0, 0x7f, 0xff, 0xff, 0xfe, 0x0, 0x0,
    0x7f, 0xff, 0xff, 0xfe, 0x0, 0x0, 0x7f, 0xff,
    0xff, 0xfe, 0x0, 0x0, 0x7f, 0xff, 0xff, 0xfe,
    0x0, 0x0, 0x7f, 0xff, 0xff, 0xfe, 0x0, 0x0,
    0x7f, 0xff, 0xff, 0xfe, 0x0, 0x0, 0x7f, 0xff,
    0xff, 0xfe, 0x0, 0x0, 0x7f, 0xff, 0xff, 0xff,
    0x0, 0x0, 0xff, 0xff, 0xff, 0xff, 0x0, 0x0,
    0xff, 0xfe, 0xff, 0xff, 0x0, 0x0, 0xff, 0xfe,
    0xff, 0xff, 0x80, 0x1, 0xff, 0xfe, 0x7f, 0xff,
    0xc0, 0x1, 0xff, 0xfe, 0x7f, 0xff, 0xe0, 0x7,
    0xff, 0xfe, 0x7f, 0xff, 0xf8, 0xf, 0xff, 0xfc,
    0x7f, 0xff, 0xff, 0xff, 0xff, 0xfc, 0x3f, 0xff,
    0xff, 0xff, 0xff, 0xfc, 0x3f, 0xff, 0xff, 0xff,
    0xff, 0xf8, 0x1f, 0xff, 0xff, 0xff, 0xff, 0xf8,
    0x1f, 0xff, 0xff, 0xff, 0xff, 0xf0, 0xf, 0xff,
    0xff, 0xff, 0xff, 0xf0, 0xf, 0xff, 0xff, 0xff,
    0xff, 0xe0, 0x7, 0xff, 0xff, 0xff, 0xff, 0xc0,
    0x3, 0xff, 0xff, 0xff, 0xff, 0x80, 0x1, 0xff,
    0xff, 0xff, 0xff, 0x0, 0x0, 0xff, 0xff, 0xff,
    0xfe, 0x0, 0x0, 0x3f, 0xff, 0xff, 0xfc, 0x0,
    0x0, 0x1f, 0xff, 0xff, 0xf0, 0x0, 0x0, 0x3,
    0xff, 0xff, 0xc0, 0x0, 0x0, 0x0, 0x3f, 0xfc,
    0x0, 0x0,

    /* U+004B "K" */
    0xff, 0xfe, 0x0, 0x0, 0x0, 0x1f, 0xff, 0xff,
    0x3f, 0xff, 0x80, 0x0, 0x0, 0x7, 0xff, 0xff,
    0x8f, 0xff, 0xe0, 0x0, 0x0, 0x3, 0xff, 0xff,
    0xc3, 0xff, 0xf8, 0x0, 0x0, 0x1, 0xff, 0xff,
    0xe0, 0xff, 0xfe, 0x0, 0x0, 0x0, 0xff, 0xff,
    0xf0, 0x3f, 0xff, 0x80, 0x0, 0x0, 0x7f, 0xff,
    0xfc, 0xf, 0xff, 0xe0, 0x0, 0x0, 0x1f, 0xff,
    0xfe, 0x3, 0xff, 0xf8, 0x0, 0x0, 0xf, 0xff,
    0xff, 0x0, 0xff, 0xfe, 0x0, 0x0, 0x7, 0xff,
    0xff, 0x80, 0x3f, 0xff, 0x80, 0x0, 0x3, 0xff,
    0xff, 0xc0, 0xf, 0xff, 0xe0, 0x0, 0x0, 0xff,
    0xff, 0xe0, 0x3, 0xff, 0xf8, 0x0, 0x0, 0x7f,
    0xff, 0xf8, 0x0, 0xff, 0xfe, 0x0, 0x0, 0x3f,
    0xff, 0xfc, 0x0, 0x3f, 0xff, 0x80, 0x0, 0x1f,
    0xff, 0xfe, 0x0, 0xf, 0xff, 0xe0, 0x0, 0x7,
    0xff, 0xff, 0x0, 0x3, 0xff, 0xf8, 0x0, 0x3,
    0xff, 0xff, 0x80, 0x0, 0xff, 0xfe, 0x0, 0x1,
    0xff, 0xff, 0xe0, 0x0, 0x3f, 0xff, 0x80, 0x0,
    0xff, 0xff, 0xf0, 0x0, 0xf, 0xff, 0xe0, 0x0,
    0x7f, 0xff, 0xf8, 0x0, 0x3, 0xff, 0xf8, 0x0,
    0x1f, 0xff, 0xfc, 0x0, 0x0, 0xff, 0xfe, 0x0,
    0xf, 0xff, 0xfe, 0x0, 0x0, 0x3f, 0xff, 0x80,
    0x7, 0xff, 0xff, 0x80, 0x0, 0xf, 0xff, 0xe0,
    0x3, 0xff, 0xff, 0xc0, 0x0, 0x3, 0xff, 0xf8,
    0x0, 0xff, 0xff, 0xe0, 0x0, 0x0, 0xff, 0xfe,
    0x0, 0x7f, 0xff, 0xf0, 0x0, 0x0, 0x3f, 0xff,
    0x80, 0x3f, 0xff, 0xf8, 0x0, 0x0, 0xf, 0xff,
    0xe0, 0x1f, 0xff, 0xfc, 0x0, 0x0, 0x3, 0xff,
    0xf8, 0x7, 0xff, 0xff, 0x0, 0x0, 0x0, 0xff,
    0xfe, 0x3, 0xff, 0xff, 0x80, 0x0, 0x0, 0x3f,
    0xff, 0x81, 0xff, 0xff, 0xc0, 0x0, 0x0, 0xf,
    0xff, 0xe0, 0xff, 0xff, 0xe0, 0x0, 0x0, 0x3,
    0xff, 0xf8, 0x3f, 0xff, 0xf0, 0x0, 0x0, 0x0,
    0xff, 0xfe, 0x1f, 0xff, 0xfc, 0x0, 0x0, 0x0,
    0x3f, 0xff, 0x8f, 0xff, 0xfe, 0x0, 0x0, 0x0,
    0xf, 0xff, 0xe7, 0xff, 0xff, 0x0, 0x0, 0x0,
    0x3, 0xff, 0xfb, 0xff, 0xff, 0x80, 0x0, 0x0,
    0x0, 0xff, 0xfe, 0xff, 0xff, 0xc0, 0x0, 0x0,
    0x0, 0x3f, 0xff, 0xff, 0xff, 0xe0, 0x0, 0x0,
    0x0, 0xf, 0xff, 0xff, 0xff, 0xfc, 0x0, 0x0,
    0x0, 0x3, 0xff, 0xff, 0xff, 0xff, 0x0, 0x0,
    0x0, 0x0, 0xff, 0xff, 0xff, 0xff, 0xe0, 0x0,
    0x0, 0x0, 0x3f, 0xff, 0xff, 0xff, 0xfc, 0x0,
    0x0, 0x0, 0xf, 0xff, 0xff, 0xff, 0xff, 0x0,
    0x0, 0x0, 0x3, 0xff, 0xff, 0xff, 0xff, 0xe0,
    0x0, 0x0, 0x0, 0xff, 0xff, 0xff, 0xff, 0xf8,
    0x0, 0x0, 0x0, 0x3f, 0xff, 0xff, 0xff, 0xff,
    0x0, 0x0, 0x0, 0xf, 0xff, 0xff, 0xff, 0xff,
    0xe0, 0x0, 0x0, 0x3, 0xff, 0xff, 0xff, 0xff,
    0xf8, 0x0, 0x0, 0x0, 0xff, 0xff, 0xff, 0xff,
    0xff, 0x0, 0x0, 0x0, 0x3f, 0xff, 0xff, 0xff,
    0xff, 0xc0, 0x0, 0x0, 0xf, 0xff, 0xff, 0xff,
    0xff, 0xf8, 0x0, 0x0, 0x3, 0xff, 0xff, 0xff,
    0xff, 0xff, 0x0, 0x0, 0x0, 0xff, 0xff, 0xfd,
    0xff, 0xff, 0xc0, 0x0, 0x0, 0x3f, 0xff, 0xfe,
    0x7f, 0xff, 0xf8, 0x0, 0x0, 0xf, 0xff, 0xff,
    0xf, 0xff, 0xfe, 0x0, 0x0, 0x3, 0xff, 0xff,
    0x81, 0xff, 0xff, 0xc0, 0x0, 0x0, 0xff, 0xff,
    0xc0, 0x7f, 0xff, 0xf8, 0x0, 0x0, 0x3f, 0xff,
    0xf0, 0xf, 0xff, 0xfe, 0x0, 0x0, 0xf, 0xff,
    0xf8, 0x3, 0xff, 0xff, 0xc0, 0x0, 0x3, 0xff,
    0xfc, 0x0, 0x7f, 0xff, 0xf0, 0x0, 0x0, 0xff,
    0xfe, 0x0, 0x1f, 0xff, 0xfe, 0x0, 0x0, 0x3f,
    0xff, 0x80, 0x3, 0xff, 0xff, 0xc0, 0x0, 0xf,
    0xff, 0xe0, 0x0, 0x7f, 0xff, 0xf0, 0x0, 0x3,
    0xff, 0xf8, 0x0, 0x1f, 0xff, 0xfe, 0x0, 0x0,
    0xff, 0xfe, 0x0, 0x3, 0xff, 0xff, 0x80, 0x0,
    0x3f, 0xff, 0x80, 0x0, 0xff, 0xff, 0xf0, 0x0,
    0xf, 0xff, 0xe0, 0x0, 0x1f, 0xff, 0xfe, 0x0,
    0x3, 0xff, 0xf8, 0x0, 0x7, 0xff, 0xff, 0x80,
    0x0, 0xff, 0xfe, 0x0, 0x0, 0xff, 0xff, 0xf0,
    0x0, 0x3f, 0xff, 0x80, 0x0, 0x1f, 0xff, 0xfc,
    0x0, 0xf, 0xff, 0xe0, 0x0, 0x7, 0xff, 0xff,
    0x80, 0x3, 0xff, 0xf8, 0x0, 0x0, 0xff, 0xff,
    0xf0, 0x0, 0xff, 0xfe, 0x0, 0x0, 0x3f, 0xff,
    0xfc, 0x0, 0x3f, 0xff, 0x80, 0x0, 0x7, 0xff,
    0xff, 0x80, 0xf, 0xff, 0xe0, 0x0, 0x1, 0xff,
    0xff, 0xe0, 0x3, 0xff, 0xf8, 0x0, 0x0, 0x3f,
    0xff, 0xfc, 0x0, 0xff, 0xfe, 0x0, 0x0, 0x7,
    0xff, 0xff, 0x80, 0x3f, 0xff, 0x80, 0x0, 0x1,
    0xff, 0xff, 0xe0, 0xf, 0xff, 0xe0, 0x0, 0x0,
    0x3f, 0xff, 0xfc, 0x3, 0xff, 0xf8, 0x0, 0x0,
    0xf, 0xff, 0xff, 0x0, 0xff, 0xfe, 0x0, 0x0,
    0x1, 0xff, 0xff, 0xe0, 0x3f, 0xff, 0x80, 0x0,
    0x0, 0x3f, 0xff, 0xfc, 0xf, 0xff, 0xe0, 0x0,
    0x0, 0xf, 0xff, 0xff, 0x3, 0xff, 0xf8, 0x0,
    0x0, 0x1, 0xff, 0xff, 0xe0, 0xff, 0xfe, 0x0,
    0x0, 0x0, 0x7f, 0xff, 0xf8, 0x3f, 0xff, 0x80,
    0x0, 0x0, 0xf, 0xff, 0xff, 0xf, 0xff, 0xe0,
    0x0, 0x0, 0x3, 0xff, 0xff, 0xe3, 0xff, 0xf8,
    0x0, 0x0, 0x0, 0x7f, 0xff, 0xf8, 0xff, 0xfe,
    0x0, 0x0, 0x0, 0xf, 0xff, 0xff, 0x3f, 0xff,
    0x80, 0x0, 0x0, 0x3, 0xff, 0xff, 0xcf, 0xff,
    0xe0, 0x0, 0x0, 0x0, 0x7f, 0xff, 0xfb, 0xff,
    0xf8, 0x0, 0x0, 0x0, 0x1f, 0xff, 0xff,

    /* U+004C "L" */
    0xff, 0xff, 0x0, 0x0, 0x0, 0x0, 0x3, 0xff,
    0xfc, 0x0, 0x0, 0x0, 0x0, 0xf, 0xff, 0xf0,
    0x0, 0x0, 0x0, 0x0, 0x3f, 0xff, 0xc0, 0x0,
    0x0, 0x0, 0x0, 0xff, 0xff, 0x0, 0x0, 0x0,
    0x0, 0x3, 0xff, 0xfc, 0x0, 0x0, 0x0, 0x0,
    0xf, 0xff, 0xf0, 0x0, 0x0, 0x0, 0x0, 0x3f,
    0xff, 0xc0, 0x0, 0x0, 0x0, 0x0, 0xff, 0xff,
    0x0, 0x0, 0x0, 0x0, 0x3, 0xff, 0xfc, 0x0,
    0x0, 0x0, 0x0, 0xf, 0xff, 0xf0, 0x0, 0x0,
    0x0, 0x0, 0x3f, 0xff, 0xc0, 0x0, 0x0, 0x0,
    0x0, 0xff, 0xff, 0x0, 0x0, 0x0, 0x0, 0x3,
    0xff, 0xfc, 0x0, 0x0, 0x0, 0x0, 0xf, 0xff,
    0xf0, 0x0, 0x0, 0x0, 0x0, 0x3f, 0xff, 0xc0,
    0x0, 0x0, 0x0, 0x0, 0xff, 0xff, 0x0, 0x0,
    0x0, 0x0, 0x3, 0xff, 0xfc, 0x0, 0x0, 0x0,
    0x0, 0xf, 0xff, 0xf0, 0x0, 0x0, 0x0, 0x0,
    0x3f, 0xff, 0xc0, 0x0, 0x0, 0x0, 0x0, 0xff,
    0xff, 0x0, 0x0, 0x0, 0x0, 0x3, 0xff, 0xfc,
    0x0, 0x0, 0x0, 0x0, 0xf, 0xff, 0xf0, 0x0,
    0x0, 0x0, 0x0, 0x3f, 0xff, 0xc0, 0x0, 0x0,
    0x0, 0x0, 0xff, 0xff, 0x0, 0x0, 0x0, 0x0,
    0x3, 0xff, 0xfc, 0x0, 0x0, 0x0, 0x0, 0xf,
    0xff, 0xf0, 0x0, 0x0, 0x0, 0x0, 0x3f, 0xff,
    0xc0, 0x0, 0x0, 0x0, 0x0, 0xff, 0xff, 0x0,
    0x0, 0x0, 0x0, 0x3, 0xff, 0xfc, 0x0, 0x0,
    0x0, 0x0, 0xf, 0xff, 0xf0, 0x0, 0x0, 0x0,
    0x0, 0x3f, 0xff, 0xc0, 0x0, 0x0, 0x0, 0x0,
    0xff, 0xff, 0x0, 0x0, 0x0, 0x0, 0x3, 0xff,
    0xfc, 0x0, 0x0, 0x0, 0x0, 0xf, 0xff, 0xf0,
    0x0, 0x0, 0x0, 0x0, 0x3f, 0xff, 0xc0, 0x0,
    0x0, 0x0, 0x0, 0xff, 0xff, 0x0, 0x0, 0x0,
    0x0, 0x3, 0xff, 0xfc, 0x0, 0x0, 0x0, 0x0,
    0xf, 0xff, 0xf0, 0x0, 0x0, 0x0, 0x0, 0x3f,
    0xff, 0xc0, 0x0, 0x0, 0x0, 0x0, 0xff, 0xff,
    0x0, 0x0, 0x0, 0x0, 0x3, 0xff, 0xfc, 0x0,
    0x0, 0x0, 0x0, 0xf, 0xff, 0xf0, 0x0, 0x0,
    0x0, 0x0, 0x3f, 0xff, 0xc0, 0x0, 0x0, 0x0,
    0x0, 0xff, 0xff, 0x0, 0x0, 0x0, 0x0, 0x3,
    0xff, 0xfc, 0x0, 0x0, 0x0, 0x0, 0xf, 0xff,
    0xf0, 0x0, 0x0, 0x0, 0x0, 0x3f, 0xff, 0xc0,
    0x0, 0x0, 0x0, 0x0, 0xff, 0xff, 0x0, 0x0,
    0x0, 0x0, 0x3, 0xff, 0xfc, 0x0, 0x0, 0x0,
    0x0, 0xf, 0xff, 0xf0, 0x0, 0x0, 0x0, 0x0,
    0x3f, 0xff, 0xc0, 0x0, 0x0, 0x0, 0x0, 0xff,
    0xff, 0x0, 0x0, 0x0, 0x0, 0x3, 0xff, 0xfc,
    0x0, 0x0, 0x0, 0x0, 0xf, 0xff, 0xf0, 0x0,
    0x0, 0x0, 0x0, 0x3f, 0xff, 0xc0, 0x0, 0x0,
    0x0, 0x0, 0xff, 0xff, 0x0, 0x0, 0x0, 0x0,
    0x3, 0xff, 0xfc, 0x0, 0x0, 0x0, 0x0, 0xf,
    0xff, 0xf0, 0x0, 0x0, 0x0, 0x0, 0x3f, 0xff,
    0xc0, 0x0, 0x0, 0x0, 0x0, 0xff, 0xff, 0x0,
    0x0, 0x0, 0x0, 0x3, 0xff, 0xfc, 0x0, 0x0,
    0x0, 0x0, 0xf, 0xff, 0xf0, 0x0, 0x0, 0x0,
    0x0, 0x3f, 0xff, 0xc0, 0x0, 0x0, 0x0, 0x0,
    0xff, 0xff, 0x0, 0x0, 0x0, 0x0, 0x3, 0xff,
    0xfc, 0x0, 0x0, 0x0, 0x0, 0xf, 0xff, 0xf0,
    0x0, 0x0, 0x0, 0x0, 0x3f, 0xff, 0xc0, 0x0,
    0x0, 0x0, 0x0, 0xff, 0xff, 0x0, 0x0, 0x0,
    0x0, 0x3, 0xff, 0xfc, 0x0, 0x0, 0x0, 0x0,
    0xf, 0xff, 0xf0, 0x0, 0x0, 0x0, 0x0, 0x3f,
    0xff, 0xc0, 0x0, 0x0, 0x0, 0x0, 0xff, 0xff,
    0x0, 0x0, 0x0, 0x0, 0x3, 0xff, 0xfc, 0x0,
    0x0, 0x0, 0x0, 0xf, 0xff, 0xf0, 0x0, 0x0,
    0x0, 0x0, 0x3f, 0xff, 0xc0, 0x0, 0x0, 0x0,
    0x0, 0xff, 0xff, 0xff, 0xff, 0xff, 0xff, 0xff,
    0xff, 0xff, 0xff, 0xff, 0xff, 0xff, 0xff, 0xff,
    0xff, 0xff, 0xff, 0xff, 0xff, 0xff, 0xff, 0xff,
    0xff, 0xff, 0xff, 0xff, 0xff, 0xff, 0xff, 0xff,
    0xff, 0xff, 0xff, 0xff, 0xff, 0xff, 0xff, 0xff,
    0xff, 0xff, 0xff, 0xff, 0xff, 0xff, 0xff, 0xff,
    0xff, 0xff, 0xff, 0xff, 0xff, 0xff, 0xff, 0xff,
    0xff, 0xff, 0xff, 0xff, 0xff, 0xff, 0xff, 0xff,
    0xff, 0xff, 0xff, 0xff, 0xff, 0xff, 0xff, 0xff,
    0xff, 0xff, 0xff, 0xff, 0xff, 0xff, 0xff, 0xff,
    0xff, 0xff, 0xff, 0xff, 0xff, 0xff, 0xff, 0xff,
    0xff, 0xff, 0xff, 0xff, 0xff, 0xff, 0xff, 0xff,
    0xff, 0xff, 0xff, 0xff, 0xff, 0xff, 0xff, 0xff,
    0xff, 0xff, 0xff, 0xff, 0xff,

    /* U+004D "M" */
    0xff, 0xff, 0xfe, 0x0, 0x0, 0x0, 0x3f, 0xff,
    0xff, 0xff, 0xff, 0xff, 0x0, 0x0, 0x0, 0x1f,
    0xff, 0xff, 0xff, 0xff, 0xff, 0xc0, 0x0, 0x0,
    0x1f, 0xff, 0xff, 0xff, 0xff, 0xff, 0xe0, 0x0,
    0x0, 0xf, 0xff, 0xff, 0xff, 0xff, 0xff, 0xf0,
    0x0, 0x0, 0x7, 0xff, 0xff, 0xff, 0xff, 0xff,
    0xf8, 0x0, 0x0, 0x3, 0xff, 0xff, 0xff, 0xff,
    0xff, 0xfc, 0x0, 0x0, 0x1, 0xff, 0xff, 0xff,
    0xff, 0xff, 0xfe, 0x0, 0x0, 0x0, 0xff, 0xff,
    0xff, 0xff, 0xff, 0xff, 0x80, 0x0, 0x0, 0xff,
    0xff, 0xff, 0xff, 0xff, 0xff, 0xc0, 0x0, 0x0,
    0x7f, 0xff, 0xff, 0xff, 0xff, 0xff, 0xe0, 0x0,
    0x0, 0x3f, 0xff, 0xff, 0xff, 0xff, 0xff, 0xf0,
    0x0, 0x0, 0x1f, 0xff, 0xff, 0xff, 0xff, 0xff,
    0xf8, 0x0, 0x0, 0xf, 0xff, 0xff, 0xff, 0xff,
    0xff, 0xfe, 0x0, 0x0, 0xf, 0xff, 0xff, 0xff,
    0xff, 0xff, 0xff, 0x0, 0x0, 0x7, 0xff, 0xff,
    0xff, 0xff, 0xff, 0xff, 0x80, 0x0, 0x3, 0xff,
    0xff, 0xff, 0xff, 0xff, 0xff, 0xc0, 0x0, 0x1,
    0xff, 0xbf, 0xff, 0xff, 0xff, 0xff, 0xe0, 0x0,
    0x0, 0xff, 0xdf, 0xff, 0xff, 0xff, 0xbf, 0xf8,
    0x0, 0x0, 0x7f, 0xef, 0xff, 0xff, 0xff, 0xdf,
    0xfc, 0x0, 0x0, 0x7f, 0xf7, 0xff, 0xff, 0xff,
    0xef, 0xfe, 0x0, 0x0, 0x3f, 0xfb, 0xff, 0xff,
    0xff, 0xf7, 0xff, 0x0, 0x0, 0x1f, 0xfd, 0xff,
    0xff, 0xff, 0xfb, 0xff, 0x80, 0x0, 0xf, 0xfc,
    0xff, 0xff, 0xff, 0xfc, 0xff, 0xc0, 0x0, 0x7,
    0xfe, 0x7f, 0xff, 0xff, 0xfe, 0x7f, 0xf0, 0x0,
    0x7, 0xff, 0x3f, 0xff, 0xff, 0xff, 0x3f, 0xf8,
    0x0, 0x3, 0xff, 0x9f, 0xff, 0xff, 0xff, 0x9f,
    0xfc, 0x0, 0x1, 0xff, 0xcf, 0xff, 0xff, 0xff,
    0xcf, 0xfe, 0x0, 0x0, 0xff, 0xe7, 0xff, 0xff,
    0xff, 0xe7, 0xff, 0x0, 0x0, 0x7f, 0xe3, 0xff,
    0xff, 0xff, 0xf1, 0xff, 0xc0, 0x0, 0x3f, 0xf1,
    0xff, 0xff, 0xff, 0xf8, 0xff, 0xe0, 0x0, 0x3f,
    0xf8, 0xff, 0xff, 0xff, 0xfc, 0x7f, 0xf0, 0x0,
    0x1f, 0xfc, 0x7f, 0xff, 0xff, 0xfe, 0x3f, 0xf8,
    0x0, 0xf, 0xfe, 0x3f, 0xff, 0xff, 0xff, 0x1f,
    0xfc, 0x0, 0x7, 0xfe, 0x1f, 0xff, 0xff, 0xff,
    0x8f, 0xfe, 0x0, 0x3, 0xff, 0xf, 0xff, 0xff,
    0xff, 0xc3, 0xff, 0x80, 0x3, 0xff, 0x87, 0xff,
    0xff, 0xff, 0xe1, 0xff, 0xc0, 0x1, 0xff, 0xc3,
    0xff, 0xff, 0xff, 0xf0, 0xff, 0xe0, 0x0, 0xff,
    0xe1, 0xff, 0xff, 0xff, 0xf8, 0x7f, 0xf0, 0x0,
    0x7f, 0xf0, 0xff, 0xff, 0xff, 0xfc, 0x3f, 0xf8,
    0x0, 0x3f, 0xf0, 0x7f, 0xff, 0xff, 0xfe, 0xf,
    0xfe, 0x0, 0x1f, 0xf8, 0x3f, 0xff, 0xff, 0xff,
    0x7, 0xff, 0x0, 0x1f, 0xfc, 0x1f, 0xff, 0xff,
    0xff, 0x83, 0xff, 0x80, 0xf, 0xfe, 0xf, 0xff,
    0xff, 0xff, 0xc1, 0xff, 0xc0, 0x7, 0xff, 0x7,
    0xff, 0xff, 0xff, 0xe0, 0xff, 0xe0, 0x3, 0xff,
    0x3, 0xff, 0xff, 0xff, 0xf0, 0x7f, 0xf8, 0x1,
    0xff, 0x81, 0xff, 0xff, 0xff, 0xf8, 0x1f, 0xfc,
    0x1, 0xff, 0xc0, 0xff, 0xff, 0xff, 0xfc, 0xf,
    0xfe, 0x0, 0xff, 0xe0, 0x7f, 0xff, 0xff, 0xfe,
    0x7, 0xff, 0x0, 0x7f, 0xf0, 0x3f, 0xff, 0xff,
    0xff, 0x3, 0xff, 0x80, 0x3f, 0xf8, 0x1f, 0xff,
    0xff, 0xff, 0x81, 0xff, 0xc0, 0x1f, 0xf8, 0xf,
    0xff, 0xff, 0xff, 0xc0, 0x7f, 0xf0, 0xf, 0xfc,
    0x7, 0xff, 0xff, 0xff, 0xe0, 0x3f, 0xf8, 0xf,
    0xfe, 0x3, 0xff, 0xff, 0xff, 0xf0, 0x1f, 0xfc,
    0x7, 0xff, 0x1, 0xff, 0xff, 0xff, 0xf8, 0xf,
    0xfe, 0x3, 0xff, 0x80, 0xff, 0xff, 0xff, 0xfc,
    0x7, 0xff, 0x1, 0xff, 0x80, 0x7f, 0xff, 0xff,
    0xfe, 0x3, 0xff, 0xc0, 0xff, 0xc0, 0x3f, 0xff,
    0xff, 0xff, 0x0, 0xff, 0xe0, 0xff, 0xe0, 0x1f,
    0xff, 0xff, 0xff, 0x80, 0x7f, 0xf0, 0x7f, 0xf0,
    0xf, 0xff, 0xff, 0xff, 0xc0, 0x3f, 0xf8, 0x3f,
    0xf8, 0x7, 0xff, 0xff, 0xff, 0xe0, 0x1f, 0xfc,
    0x1f, 0xfc, 0x3, 0xff, 0xff, 0xff, 0xf0, 0xf,
    0xff, 0xf, 0xfc, 0x1, 0xff, 0xff, 0xff, 0xf8,
    0x7, 0xff, 0x8f, 0xfe, 0x0, 0xff, 0xff, 0xff,
    0xfc, 0x1, 0xff, 0xc7, 0xff, 0x0, 0x7f, 0xff,
    0xff, 0xfe, 0x0, 0xff, 0xe3, 0xff, 0x80, 0x3f,
    0xff, 0xff, 0xff, 0x0, 0x7f, 0xf1, 0xff, 0xc0,
    0x1f, 0xff, 0xff, 0xff, 0x80, 0x3f, 0xf8, 0xff,
    0xc0, 0xf, 0xff, 0xff, 0xff, 0xc0, 0x1f, 0xfe,
    0x7f, 0xe0, 0x7, 0xff, 0xff, 0xff, 0xe0, 0x7,
    0xff, 0x7f, 0xf0, 0x3, 0xff, 0xff, 0xff, 0xf0,
    0x3, 0xff, 0xbf, 0xf8, 0x1, 0xff, 0xff, 0xff,
    0xf8, 0x1, 0xff, 0xdf, 0xfc, 0x0, 0xff, 0xff,
    0xff, 0xfc, 0x0, 0xff, 0xef, 0xfe, 0x0, 0x7f,
    0xff, 0xff, 0xfe, 0x0, 0x7f, 0xff, 0xfe, 0x0,
    0x3f, 0xff, 0xff, 0xff, 0x0, 0x3f, 0xff, 0xff,
    0x0, 0x1f, 0xff, 0xff, 0xff, 0x80, 0xf, 0xff,
    0xff, 0x80, 0xf, 0xff, 0xff, 0xff, 0xc0, 0x7,
    0xff, 0xff, 0xc0, 0x7, 0xff, 0xff, 0xff, 0xe0,
    0x3, 0xff, 0xff, 0xe0, 0x3, 0xff, 0xff, 0xff,
    0xf0, 0x1, 0xff, 0xff, 0xf0, 0x1, 0xff, 0xff,
    0xff, 0xf8, 0x0, 0xff, 0xff, 0xf0, 0x0, 0xff,
    0xff, 0xff, 0xfc, 0x0, 0x3f, 0xff, 0xf8, 0x0,
    0x7f, 0xff, 0xff, 0xfe, 0x0, 0x1f, 0xff, 0xfc,
    0x0, 0x3f, 0xff, 0xff, 0xff, 0x0, 0xf, 0xff,
    0xfe, 0x0, 0x1f, 0xff, 0xff, 0xff, 0x80, 0x7,
    0xff, 0xff, 0x0, 0xf, 0xff, 0xff, 0xff, 0xc0,
    0x3, 0xff, 0xff, 0x0, 0x7, 0xff, 0xff, 0xff,
    0xe0, 0x1, 0xff, 0xff, 0x80, 0x3, 0xff, 0xff,
    0xff, 0xf0, 0x0, 0x7f, 0xff, 0xc0, 0x1, 0xff,
    0xff, 0xff, 0xf8, 0x0, 0x3f, 0xff, 0xe0, 0x0,
    0xff, 0xff, 0xff, 0xfc, 0x0, 0x1f, 0xff, 0xf0,
    0x0, 0x7f, 0xff, 0xff, 0xfe, 0x0, 0xf, 0xff,
    0xf8, 0x0, 0x3f, 0xff, 0xff, 0xff, 0x0, 0x7,
    0xff, 0xf8, 0x0, 0x1f, 0xff, 0xff, 0xff, 0x80,
    0x3, 0xff, 0xfc, 0x0, 0xf, 0xff, 0xff, 0xff,
    0xc0, 0x0, 0xff, 0xfe, 0x0, 0x7, 0xff, 0xf0,

    /* U+004E "N" */
    0xff, 0xff, 0x80, 0x0, 0x0, 0x1, 0xff, 0xff,
    0xff, 0xff, 0x0, 0x0, 0x0, 0x7, 0xff, 0xff,
    0xff, 0xfc, 0x0, 0x0, 0x0, 0x1f, 0xff, 0xff,
    0xff, 0xf8, 0x0, 0x0, 0x0, 0x7f, 0xff, 0xff,
    0xff, 0xe0, 0x0, 0x0, 0x1, 0xff, 0xff, 0xff,
    0xff, 0xc0, 0x0, 0x0, 0x7, 0xff, 0xff, 0xff,
    0xff, 0x0, 0x0, 0x0, 0x1f, 0xff, 0xff, 0xff,
    0xfc, 0x0, 0x0, 0x0, 0x7f, 0xff, 0xff, 0xff,
    0xf8, 0x0, 0x0, 0x1, 0xff, 0xff, 0xff, 0xff,
    0xe0, 0x0, 0x0, 0x7, 0xff, 0xff, 0xff, 0xff,
    0xc0, 0x0, 0x0, 0x1f, 0xff, 0xff, 0xff, 0xff,
    0x0, 0x0, 0x0, 0x7f, 0xff, 0xff, 0xff, 0xfe,
    0x0, 0x0, 0x1, 0xff, 0xff, 0xff, 0xff, 0xf8,
    0x0, 0x0, 0x7, 0xff, 0xff, 0xff, 0xff, 0xf0,
    0x0, 0x0, 0x1f, 0xff, 0xff, 0xff, 0xff, 0xc0,
    0x0, 0x0, 0x7f, 0xff, 0xff, 0xff, 0xff, 0x80,
    0x0, 0x1, 0xff, 0xff, 0xff, 0xff, 0xfe, 0x0,
    0x0, 0x7, 0xff, 0xff, 0xff, 0xff, 0xfc, 0x0,
    0x0, 0x1f, 0xff, 0xff, 0xff, 0xff, 0xf0, 0x0,
    0x0, 0x7f, 0xff, 0xff, 0xff, 0xff, 0xe0, 0x0,
    0x1, 0xff, 0xff, 0xff, 0xff, 0xff, 0x80, 0x0,
    0x7, 0xff, 0xff, 0xff, 0xff, 0xff, 0x0, 0x0,
    0x1f, 0xff, 0xff, 0xff, 0xff, 0xfc, 0x0, 0x0,
    0x7f, 0xff, 0xff, 0xff, 0xff, 0xf0, 0x0, 0x1,
    0xff, 0xff, 0xff, 0xff, 0xff, 0xe0, 0x0, 0x7,
    0xff, 0xff, 0xff, 0xff, 0xff, 0x80, 0x0, 0x1f,
    0xff, 0xff, 0xff, 0xbf, 0xff, 0x0, 0x0, 0x7f,
    0xff, 0xff, 0xfe, 0xff, 0xfc, 0x0, 0x1, 0xff,
    0xff, 0xff, 0xfb, 0xff, 0xf8, 0x0, 0x7, 0xff,
    0xff, 0xff, 0xe7, 0xff, 0xe0, 0x0, 0x1f, 0xff,
    0xff, 0xff, 0x9f, 0xff, 0xc0, 0x0, 0x7f, 0xff,
    0xff, 0xfe, 0x3f, 0xff, 0x0, 0x1, 0xff, 0xff,
    0xff, 0xf8, 0xff, 0xfe, 0x0, 0x7, 0xff, 0xff,
    0xff, 0xe1, 0xff, 0xf8, 0x0, 0x1f, 0xff, 0xff,
    0xff, 0x87, 0xff, 0xf0, 0x0, 0x7f, 0xff, 0xff,
    0xfe, 0xf, 0xff, 0xc0, 0x1, 0xff, 0xff, 0xff,
    0xf8, 0x3f, 0xff, 0x80, 0x7, 0xff, 0xff, 0xff,
    0xe0, 0x7f, 0xfe, 0x0, 0x1f, 0xff, 0xff, 0xff,
    0x81, 0xff, 0xf8, 0x0, 0x7f, 0xff, 0xff, 0xfe,
    0x3, 0xff, 0xf0, 0x1, 0xff, 0xff, 0xff, 0xf8,
    0xf, 0xff, 0xc0, 0x7, 0xff, 0xff, 0xff, 0xe0,
    0x1f, 0xff, 0x80, 0x1f, 0xff, 0xff, 0xff, 0x80,
    0x7f, 0xfe, 0x0, 0x7f, 0xff, 0xff, 0xfe, 0x0,
    0xff, 0xfc, 0x1, 0xff, 0xff, 0xff, 0xf8, 0x3,
    0xff, 0xf0, 0x7, 0xff, 0xff, 0xff, 0xe0, 0x7,
    0xff, 0xe0, 0x1f, 0xff, 0xff, 0xff, 0x80, 0x1f,
    0xff, 0x80, 0x7f, 0xff, 0xff, 0xfe, 0x0, 0x7f,
    0xff, 0x1, 0xff, 0xff, 0xff, 0xf8, 0x0, 0xff,
    0xfc, 0x7, 0xff, 0xff, 0xff, 0xe0, 0x3, 0xff,
    0xf8, 0x1f, 0xff, 0xff, 0xff, 0x80, 0x7, 0xff,
    0xe0, 0x7f, 0xff, 0xff, 0xfe, 0x0, 0x1f, 0xff,
    0xc1, 0xff, 0xff, 0xff, 0xf8, 0x0, 0x3f, 0xff,
    0x7, 0xff, 0xff, 0xff, 0xe0, 0x0, 0xff, 0xfe,
    0x1f, 0xff, 0xff, 0xff, 0x80, 0x1, 0xff, 0xf8,
    0x7f, 0xff, 0xff, 0xfe, 0x0, 0x7, 0xff, 0xe1,
    0xff, 0xff, 0xff, 0xf8, 0x0, 0xf, 0xff, 0xc7,
    0xff, 0xff, 0xff, 0xe0, 0x0, 0x3f, 0xff, 0x1f,
    0xff, 0xff, 0xff, 0x80, 0x0, 0x7f, 0xfe, 0x7f,
    0xff, 0xff, 0xfe, 0x0, 0x1, 0xff, 0xf9, 0xff,
    0xff, 0xff, 0xf8, 0x0, 0x3, 0xff, 0xf7, 0xff,
    0xff, 0xff, 0xe0, 0x0, 0xf, 0xff, 0xdf, 0xff,
    0xff, 0xff, 0x80, 0x0, 0x1f, 0xff, 0xff, 0xff,
    0xff, 0xfe, 0x0, 0x0, 0x7f, 0xff, 0xff, 0xff,
    0xff, 0xf8, 0x0, 0x0, 0xff, 0xff, 0xff, 0xff,
    0xff, 0xe0, 0x0, 0x3, 0xff, 0xff, 0xff, 0xff,
    0xff, 0x80, 0x0, 0xf, 0xff, 0xff, 0xff, 0xff,
    0xfe, 0x0, 0x0, 0x1f, 0xff, 0xff, 0xff, 0xff,
    0xf8, 0x0, 0x0, 0x7f, 0xff, 0xff, 0xff, 0xff,
    0xe0, 0x0, 0x0, 0xff, 0xff, 0xff, 0xff, 0xff,
    0x80, 0x0, 0x3, 0xff, 0xff, 0xff, 0xff, 0xfe,
    0x0, 0x0, 0x7, 0xff, 0xff, 0xff, 0xff, 0xf8,
    0x0, 0x0, 0x1f, 0xff, 0xff, 0xff, 0xff, 0xe0,
    0x0, 0x0, 0x3f, 0xff, 0xff, 0xff, 0xff, 0x80,
    0x0, 0x0, 0xff, 0xff, 0xff, 0xff, 0xfe, 0x0,
    0x0, 0x1, 0xff, 0xff, 0xff, 0xff, 0xf8, 0x0,
    0x0, 0x7, 0xff, 0xff, 0xff, 0xff, 0xe0, 0x0,
    0x0, 0xf, 0xff, 0xff, 0xff, 0xff, 0x80, 0x0,
    0x0, 0x3f, 0xff, 0xff, 0xff, 0xfe, 0x0, 0x0,
    0x0, 0x7f, 0xff, 0xff, 0xff, 0xf8, 0x0, 0x0,
    0x1, 0xff, 0xff, 0xff, 0xff, 0xe0, 0x0, 0x0,
    0x3, 0xff, 0xff, 0xff, 0xff, 0x80, 0x0, 0x0,
    0xf, 0xff, 0xff, 0xff, 0xfe, 0x0, 0x0, 0x0,
    0x1f, 0xff, 0xff, 0xff, 0xf8, 0x0, 0x0, 0x0,
    0x7f, 0xff, 0xff, 0xff, 0xe0, 0x0, 0x0, 0x1,
    0xff, 0xff, 0xff, 0xff, 0x80, 0x0, 0x0, 0x3,
    0xff, 0xff, 0xff, 0xfe, 0x0, 0x0, 0x0, 0xf,
    0xff, 0xff, 0xff, 0xf8, 0x0, 0x0, 0x0, 0x1f,
    0xff, 0xff, 0xff, 0xe0, 0x0, 0x0, 0x0, 0x7f,
    0xff, 0xff, 0xff, 0x80, 0x0, 0x0, 0x0, 0xff,
    0xff,

    /* U+004F "O" */
    0x0, 0x0, 0x0, 0x1, 0xff, 0xc0, 0x0, 0x0,
    0x0, 0x0, 0x0, 0x0, 0x1f, 0xff, 0xff, 0x0,
    0x0, 0x0, 0x0, 0x0, 0x0, 0x3f, 0xff, 0xff,
    0xe0, 0x0, 0x0, 0x0, 0x0, 0x0, 0xff, 0xff,
    0xff, 0xfe, 0x0, 0x0, 0x0, 0x0, 0x0, 0xff,
    0xff, 0xff, 0xff, 0x80, 0x0, 0x0, 0x0, 0x1,
    0xff, 0xff, 0xff, 0xff, 0xf0, 0x0, 0x0, 0x0,
    0x3, 0xff, 0xff, 0xff, 0xff, 0xfc, 0x0, 0x0,
    0x0, 0x3, 0xff, 0xff, 0xff, 0xff, 0xff, 0x80,
    0x0, 0x0, 0x3, 0xff, 0xff, 0xff, 0xff, 0xff,
    0xe0, 0x0, 0x0, 0x3, 0xff, 0xff, 0xff, 0xff,
    0xff, 0xf8, 0x0, 0x0, 0x3, 0xff, 0xff, 0xff,
    0xff, 0xff, 0xfe, 0x0, 0x0, 0x3, 0xff, 0xff,
    0xff, 0xff, 0xff, 0xff, 0x80, 0x0, 0x3, 0xff,
    0xff, 0xff, 0xff, 0xff, 0xff, 0xe0, 0x0, 0x3,
    0xff, 0xff, 0xff, 0xff, 0xff, 0xff, 0xf8, 0x0,
    0x1, 0xff, 0xff, 0xff, 0xff, 0xff, 0xff, 0xfc,
    0x0, 0x1, 0xff, 0xff, 0xff, 0xff, 0xff, 0xff,
    0xff, 0x0, 0x1, 0xff, 0xff, 0xff, 0x80, 0xff,
    0xff, 0xff, 0xc0, 0x0, 0xff, 0xff, 0xfe, 0x0,
    0xf, 0xff, 0xff, 0xe0, 0x0, 0xff, 0xff, 0xfc,
    0x0, 0x1, 0xff, 0xff, 0xf8, 0x0, 0x7f, 0xff,
    0xf8, 0x0, 0x0, 0x3f, 0xff, 0xfc, 0x0, 0x7f,
    0xff, 0xf8, 0x0, 0x0, 0xf, 0xff, 0xff, 0x0,
    0x3f, 0xff, 0xf8, 0x0, 0x0, 0x3, 0xff, 0xff,
    0x80, 0x3f, 0xff, 0xf8, 0x0, 0x0, 0x0, 0xff,
    0xff, 0xe0, 0x1f, 0xff, 0xf8, 0x0, 0x0, 0x0,
    0x3f, 0xff, 0xf0, 0xf, 0xff, 0xfc, 0x0, 0x0,
    0x0, 0x1f, 0xff, 0xf8, 0xf, 0xff, 0xfc, 0x0,
    0x0, 0x0, 0x7, 0xff, 0xfe, 0x7, 0xff, 0xfc,
    0x0, 0x0, 0x0, 0x1, 0xff, 0xff, 0x3, 0xff,
    0xfe, 0x0, 0x0, 0x0, 0x0, 0xff, 0xff, 0x83,
    0xff, 0xfe, 0x0, 0x0, 0x0, 0x0, 0x7f, 0xff,
    0xe1, 0xff, 0xff, 0x0, 0x0, 0x0, 0x0, 0x1f,
    0xff, 0xf0, 0xff, 0xff, 0x80, 0x0, 0x0, 0x0,
    0xf, 0xff, 0xf8, 0x7f, 0xff, 0x80, 0x0, 0x0,
    0x0, 0x3, 0xff, 0xfc, 0x7f, 0xff, 0xc0, 0x0,
    0x0, 0x0, 0x1, 0xff, 0xff, 0x3f, 0xff, 0xe0,
    0x0, 0x0, 0x0, 0x0, 0xff, 0xff, 0x9f, 0xff,
    0xe0, 0x0, 0x0, 0x0, 0x0, 0x3f, 0xff, 0xcf,
    0xff, 0xf0, 0x0, 0x0, 0x0, 0x0, 0x1f, 0xff,
    0xe7, 0xff, 0xf8, 0x0, 0x0, 0x0, 0x0, 0xf,
    0xff, 0xf3, 0xff, 0xfc, 0x0, 0x0, 0x0, 0x0,
    0x7, 0xff, 0xfb, 0xff, 0xfe, 0x0, 0x0, 0x0,
    0x0, 0x3, 0xff, 0xff, 0xff, 0xff, 0x0, 0x0,
    0x0, 0x0, 0x1, 0xff, 0xff, 0xff, 0xff, 0x0,
    0x0, 0x0, 0x0, 0x0, 0x7f, 0xff, 0xff, 0xff,
    0x80, 0x0, 0x0, 0x0, 0x0, 0x3f, 0xff, 0xff,
    0xff, 0xc0, 0x0, 0x0, 0x0, 0x0, 0x1f, 0xff,
    0xff, 0xff, 0xe0, 0x0, 0x0, 0x0, 0x0, 0xf,
    0xff, 0xff, 0xff, 0xf0, 0x0, 0x0, 0x0, 0x0,
    0x7, 0xff, 0xff, 0xff, 0xf8, 0x0, 0x0, 0x0,
    0x0, 0x3, 0xff, 0xff, 0xff, 0xfc, 0x0, 0x0,
    0x0, 0x0, 0x1, 0xff, 0xff, 0xff, 0xfe, 0x0,
    0x0, 0x0, 0x0, 0x0, 0xff, 0xff, 0xff, 0xff,
    0x0, 0x0, 0x0, 0x0, 0x0, 0x7f, 0xff, 0xff,
    0xff, 0x80, 0x0, 0x0, 0x0, 0x0, 0x3f, 0xff,
    0xff, 0xff, 0xc0, 0x0, 0x0, 0x0, 0x0, 0x1f,
    0xff, 0xff, 0xff, 0xe0, 0x0, 0x0, 0x0, 0x0,
    0xf, 0xff, 0xff, 0xff, 0xf0, 0x0, 0x0, 0x0,
    0x0, 0x7, 0xff, 0xff, 0xff, 0xf8, 0x0, 0x0,
    0x0, 0x0, 0x3, 0xff, 0xff, 0xff, 0xfc, 0x0,
    0x0, 0x0, 0x0, 0x1, 0xff, 0xff, 0xff, 0xfe,
    0x0, 0x0, 0x0, 0x0, 0x0, 0xff, 0xff, 0xff,
    0xff, 0x0, 0x0, 0x0, 0x0, 0x0, 0x7f, 0xff,
    0xff, 0xff, 0x80, 0x0, 0x0, 0x0, 0x0, 0x7f,
    0xff, 0xff, 0xff, 0xe0, 0x0, 0x0, 0x0, 0x0,
    0x3f, 0xff, 0xef, 0xff, 0xf0, 0x0, 0x0, 0x0,
    0x0, 0x1f, 0xff, 0xe7, 0xff, 0xf8, 0x0, 0x0,
    0x0, 0x0, 0xf, 0xff, 0xf3, 0xff, 0xfc, 0x0,
    0x0, 0x0, 0x0, 0x7, 0xff, 0xf9, 0xff, 0xfe,
    0x0, 0x0, 0x0, 0x0, 0x3, 0xff, 0xfc, 0xff,
    0xff, 0x80, 0x0, 0x0, 0x0, 0x3, 0xff, 0xfe,
    0x7f, 0xff, 0xc0, 0x0, 0x0, 0x0, 0x1, 0xff,
    0xff, 0x1f, 0xff, 0xe0, 0x0, 0x0, 0x0, 0x0,
    0xff, 0xff, 0xf, 0xff, 0xf8, 0x0, 0x0, 0x0,
    0x0, 0xff, 0xff, 0x87, 0xff, 0xfc, 0x0, 0x0,
    0x0, 0x0, 0x7f, 0xff, 0xc3, 0xff, 0xfe, 0x0,
    0x0, 0x0, 0x0, 0x3f, 0xff, 0xe0, 0xff, 0xff,
    0x80, 0x0, 0x0, 0x0, 0x3f, 0xff, 0xe0, 0x7f,
    0xff, 0xc0, 0x0, 0x0, 0x0, 0x1f, 0xff, 0xf0,
    0x3f, 0xff, 0xf0, 0x0, 0x0, 0x0, 0x1f, 0xff,
    0xf8, 0xf, 0xff, 0xfc, 0x0, 0x0, 0x0, 0x1f,
    0xff, 0xf8, 0x7, 0xff, 0xfe, 0x0, 0x0, 0x0,
    0xf, 0xff, 0xfc, 0x3, 0xff, 0xff, 0x80, 0x0,
    0x0, 0xf, 0xff, 0xfe, 0x0, 0xff, 0xff, 0xe0,
    0x0, 0x0, 0xf, 0xff, 0xfe, 0x0, 0x7f, 0xff,
    0xf8, 0x0, 0x0, 0xf, 0xff, 0xff, 0x0, 0x1f,
    0xff, 0xfe, 0x0, 0x0, 0xf, 0xff, 0xff, 0x0,
    0xf, 0xff, 0xff, 0xc0, 0x0, 0x1f, 0xff, 0xff,
    0x80, 0x3, 0xff, 0xff, 0xf8, 0x0, 0x3f, 0xff,
    0xff, 0x80, 0x1, 0xff, 0xff, 0xff, 0x80, 0xff,
    0xff, 0xff, 0xc0, 0x0, 0x7f, 0xff, 0xff, 0xff,
    0xff, 0xff, 0xff, 0xc0, 0x0, 0x1f, 0xff, 0xff,
    0xff, 0xff, 0xff, 0xff, 0xc0, 0x0, 0xf, 0xff,
    0xff, 0xff, 0xff, 0xff, 0xff, 0xe0, 0x0, 0x3,
    0xff, 0xff, 0xff, 0xff, 0xff, 0xff, 0xe0, 0x0,
    0x0, 0xff, 0xff, 0xff, 0xff, 0xff, 0xff, 0xe0,
    0x0, 0x0, 0x3f, 0xff, 0xff, 0xff, 0xff, 0xff,
    0xe0, 0x0, 0x0, 0xf, 0xff, 0xff, 0xff, 0xff,
    0xff, 0xe0, 0x0, 0x0, 0x3, 0xff, 0xff, 0xff,
    0xff, 0xff, 0xe0, 0x0, 0x0, 0x0, 0xff, 0xff,
    0xff, 0xff, 0xff, 0xe0, 0x0, 0x0, 0x0, 0x3f,
    0xff, 0xff, 0xff, 0xff, 0xe0, 0x0, 0x0, 0x0,
    0x7, 0xff, 0xff, 0xff, 0xff, 0xc0, 0x0, 0x0,
    0x0, 0x0, 0xff, 0xff, 0xff, 0xff, 0x80, 0x0,
    0x0, 0x0, 0x0, 0x3f, 0xff, 0xff, 0xff, 0x80,
    0x0, 0x0, 0x0, 0x0, 0x3, 0xff, 0xff, 0xfe,
    0x0, 0x0, 0x0, 0x0, 0x0, 0x0, 0x7f, 0xff,
    0xfc, 0x0, 0x0, 0x0, 0x0, 0x0, 0x0, 0x1,
    0xff, 0xc0, 0x0, 0x0, 0x0, 0x0,

    /* U+0050 "P" */
    0xff, 0xff, 0xff, 0xff, 0xff, 0x0, 0x0, 0x3f,
    0xff, 0xff, 0xff, 0xff, 0xf8, 0x0, 0xf, 0xff,
    0xff, 0xff, 0xff, 0xff, 0xc0, 0x3, 0xff, 0xff,
    0xff, 0xff, 0xff, 0xf8, 0x0, 0xff, 0xff, 0xff,
    0xff, 0xff, 0xff, 0x0, 0x3f, 0xff, 0xff, 0xff,
    0xff, 0xff, 0xf0, 0xf, 0xff, 0xff, 0xff, 0xff,
    0xff, 0xfe, 0x3, 0xff, 0xff, 0xff, 0xff, 0xff,
    0xff, 0x80, 0xff, 0xff, 0xff, 0xff, 0xff, 0xff,
    0xf0, 0x3f, 0xff, 0xff, 0xff, 0xff, 0xff, 0xfe,
    0xf, 0xff, 0xff, 0xff, 0xff, 0xff, 0xff, 0xc3,
    0xff, 0xff, 0xff, 0xff, 0xff, 0xff, 0xf0, 0xff,
    0xff, 0xff, 0xff, 0xff, 0xff, 0xfe, 0x3f, 0xff,
    0xff, 0xff, 0xff, 0xff, 0xff, 0x8f, 0xff, 0xff,
    0xff, 0xff, 0xff, 0xff, 0xe3, 0xff, 0xff, 0xff,
    0xff, 0xff, 0xff, 0xfc, 0xff, 0xff, 0x0, 0x0,
    0x7f, 0xff, 0xff, 0x3f, 0xff, 0xc0, 0x0, 0x1,
    0xff, 0xff, 0xcf, 0xff, 0xf0, 0x0, 0x0, 0x3f,
    0xff, 0xfb, 0xff, 0xfc, 0x0, 0x0, 0x7, 0xff,
    0xfe, 0xff, 0xff, 0x0, 0x0, 0x0, 0xff, 0xff,
    0xbf, 0xff, 0xc0, 0x0, 0x0, 0x1f, 0xff, 0xef,
    0xff, 0xf0, 0x0, 0x0, 0x7, 0xff, 0xff, 0xff,
    0xfc, 0x0, 0x0, 0x1, 0xff, 0xff, 0xff, 0xff,
    0x0, 0x0, 0x0, 0x3f, 0xff, 0xff, 0xff, 0xc0,
    0x0, 0x0, 0xf, 0xff, 0xff, 0xff, 0xf0, 0x0,
    0x0, 0x3, 0xff, 0xff, 0xff, 0xfc, 0x0, 0x0,
    0x0, 0xff, 0xff, 0xff, 0xff, 0x0, 0x0, 0x0,
    0x3f, 0xff, 0xff, 0xff, 0xc0, 0x0, 0x0, 0xf,
    0xff, 0xff, 0xff, 0xf0, 0x0, 0x0, 0x3, 0xff,
    0xff, 0xff, 0xfc, 0x0, 0x0, 0x0, 0xff, 0xff,
    0xff, 0xff, 0x0, 0x0, 0x0, 0x3f, 0xff, 0xff,
    0xff, 0xc0, 0x0, 0x0, 0xf, 0xff, 0xff, 0xff,
    0xf0, 0x0, 0x0, 0x3, 0xff, 0xff, 0xff, 0xfc,
    0x0, 0x0, 0x1, 0xff, 0xfe, 0xff, 0xff, 0x0,
    0x0, 0x0, 0x7f, 0xff, 0xbf, 0xff, 0xc0, 0x0,
    0x0, 0x1f, 0xff, 0xef, 0xff, 0xf0, 0x0, 0x0,
    0xf, 0xff, 0xfb, 0xff, 0xfc, 0x0, 0x0, 0x7,
    0xff, 0xfe, 0xff, 0xff, 0x0, 0x0, 0x3, 0xff,
    0xff, 0x3f, 0xff, 0xc0, 0x0, 0x1, 0xff, 0xff,
    0xcf, 0xff, 0xf0, 0x0, 0x1, 0xff, 0xff, 0xf3,
    0xff, 0xff, 0xff, 0xff, 0xff, 0xff, 0xf8, 0xff,
    0xff, 0xff, 0xff, 0xff, 0xff, 0xfe, 0x3f, 0xff,
    0xff, 0xff, 0xff, 0xff, 0xff, 0x8f, 0xff, 0xff,
    0xff, 0xff, 0xff, 0xff, 0xc3, 0xff, 0xff, 0xff,
    0xff, 0xff, 0xff, 0xf0, 0xff, 0xff, 0xff, 0xff,
    0xff, 0xff, 0xf8, 0x3f, 0xff, 0xff, 0xff, 0xff,
    0xff, 0xfc, 0xf, 0xff, 0xff, 0xff, 0xff, 0xff,
    0xff, 0x3, 0xff, 0xff, 0xff, 0xff, 0xff, 0xff,
    0x80, 0xff, 0xff, 0xff, 0xff, 0xff, 0xff, 0xc0,
    0x3f, 0xff, 0xff, 0xff, 0xff, 0xff, 0xe0, 0xf,
    0xff, 0xff, 0xff, 0xff, 0xff, 0xf0, 0x3, 0xff,
    0xff, 0xff, 0xff, 0xff, 0xf0, 0x0, 0xff, 0xff,
    0xff, 0xff, 0xff, 0xf8, 0x0, 0x3f, 0xff, 0xff,
    0xff, 0xff, 0xf8, 0x0, 0xf, 0xff, 0xff, 0xff,
    0xff, 0xe0, 0x0, 0x3, 0xff, 0xfc, 0x0, 0x0,
    0x0, 0x0, 0x0, 0xff, 0xff, 0x0, 0x0, 0x0,
    0x0, 0x0, 0x3f, 0xff, 0xc0, 0x0, 0x0, 0x0,
    0x0, 0xf, 0xff, 0xf0, 0x0, 0x0, 0x0, 0x0,
    0x3, 0xff, 0xfc, 0x0, 0x0, 0x0, 0x0, 0x0,
    0xff, 0xff, 0x0, 0x0, 0x0, 0x0, 0x0, 0x3f,
    0xff, 0xc0, 0x0, 0x0, 0x0, 0x0, 0xf, 0xff,
    0xf0, 0x0, 0x0, 0x0, 0x0, 0x3, 0xff, 0xfc,
    0x0, 0x0, 0x0, 0x0, 0x0, 0xff, 0xff, 0x0,
    0x0, 0x0, 0x0, 0x0, 0x3f, 0xff, 0xc0, 0x0,
    0x0, 0x0, 0x0, 0xf, 0xff, 0xf0, 0x0, 0x0,
    0x0, 0x0, 0x3, 0xff, 0xfc, 0x0, 0x0, 0x0,
    0x0, 0x0, 0xff, 0xff, 0x0, 0x0, 0x0, 0x0,
    0x0, 0x3f, 0xff, 0xc0, 0x0, 0x0, 0x0, 0x0,
    0xf, 0xff, 0xf0, 0x0, 0x0, 0x0, 0x0, 0x3,
    0xff, 0xfc, 0x0, 0x0, 0x0, 0x0, 0x0, 0xff,
    0xff, 0x0, 0x0, 0x0, 0x0, 0x0, 0x3f, 0xff,
    0xc0, 0x0, 0x0, 0x0, 0x0, 0xf, 0xff, 0xf0,
    0x0, 0x0, 0x0, 0x0, 0x3, 0xff, 0xfc, 0x0,
    0x0, 0x0, 0x0, 0x0, 0xff, 0xff, 0x0, 0x0,
    0x0, 0x0, 0x0, 0x3f, 0xff, 0xc0, 0x0, 0x0,
    0x0, 0x0, 0xf, 0xff, 0xf0, 0x0, 0x0, 0x0,
    0x0, 0x3, 0xff, 0xfc, 0x0, 0x0, 0x0, 0x0,
    0x0, 0xff, 0xff, 0x0, 0x0, 0x0, 0x0, 0x0,
    0x3f, 0xff, 0xc0, 0x0, 0x0, 0x0, 0x0, 0xf,
    0xff, 0xf0, 0x0, 0x0, 0x0, 0x0, 0x3, 0xff,
    0xfc, 0x0, 0x0, 0x0, 0x0, 0x0, 0xff, 0xff,
    0x0, 0x0, 0x0, 0x0, 0x0, 0x3f, 0xff, 0xc0,
    0x0, 0x0, 0x0, 0x0, 0xf, 0xff, 0xf0, 0x0,
    0x0, 0x0, 0x0, 0x3, 0xff, 0xfc, 0x0, 0x0,
    0x0, 0x0, 0x0,

    /* U+0051 "Q" */
    0x0, 0x0, 0x0, 0x1, 0xff, 0xc0, 0x0, 0x0,
    0x0, 0x0, 0x0, 0x0, 0x1f, 0xff, 0xff, 0x0,
    0x0, 0x0, 0x0, 0x0, 0x0, 0x3f, 0xff, 0xff,
    0xe0, 0x0, 0x0, 0x0, 0x0, 0x0, 0xff, 0xff,
    0xff, 0xfe, 0x0, 0x0, 0x0, 0x0, 0x0, 0xff,
    0xff, 0xff, 0xff, 0x80, 0x0, 0x0, 0x0, 0x1,
    0xff, 0xff, 0xff, 0xff, 0xf0, 0x0, 0x0, 0x0,
    0x3, 0xff, 0xff, 0xff, 0xff, 0xfc, 0x0, 0x0,
    0x0, 0x3, 0xff, 0xff, 0xff, 0xff, 0xff, 0x80,
    0x0, 0x0, 0x3, 0xff, 0xff, 0xff, 0xff, 0xff,
    0xe0, 0x0, 0x0, 0x3, 0xff, 0xff, 0xff, 0xff,
    0xff, 0xf8, 0x0, 0x0, 0x3, 0xff, 0xff, 0xff,
    0xff, 0xff, 0xfe, 0x0, 0x0, 0x3, 0xff, 0xff,
    0xff, 0xff, 0xff, 0xff, 0x80, 0x0, 0x3, 0xff,
    0xff, 0xff, 0xff, 0xff, 0xff, 0xe0, 0x0, 0x3,
    0xff, 0xff, 0xff, 0xff, 0xff, 0xff, 0xf8, 0x0,
    0x1, 0xff, 0xff, 0xff, 0xff, 0xff, 0xff, 0xfc,
    0x0, 0x1, 0xff, 0xff, 0xff, 0xff, 0xff, 0xff,
    0xff, 0x0, 0x1, 0xff, 0xff, 0xff, 0x80, 0xff,
    0xff, 0xff, 0xc0, 0x0, 0xff, 0xff, 0xfe, 0x0,
    0xf, 0xff, 0xff, 0xe0, 0x0, 0xff, 0xff, 0xfc,
    0x0, 0x1, 0xff, 0xff, 0xf8, 0x0, 0x7f, 0xff,
    0xf8, 0x0, 0x0, 0x3f, 0xff, 0xfc, 0x0, 0x7f,
    0xff, 0xf8, 0x0, 0x0, 0xf, 0xff, 0xff, 0x0,
    0x3f, 0xff, 0xf8, 0x0, 0x0, 0x3, 0xff, 0xff,
    0x80, 0x3f, 0xff, 0xf8, 0x0, 0x0, 0x0, 0xff,
    0xff, 0xe0, 0x1f, 0xff, 0xf8, 0x0, 0x0, 0x0,
    0x3f, 0xff, 0xf0, 0xf, 0xff, 0xfc, 0x0, 0x0,
    0x0, 0x1f, 0xff, 0xf8, 0xf, 0xff, 0xfc, 0x0,
    0x0, 0x0, 0x7, 0xff, 0xfe, 0x7, 0xff, 0xfc,
    0x0, 0x0, 0x0, 0x1, 0xff, 0xff, 0x3, 0xff,
    0xfe, 0x0, 0x0, 0x0, 0x0, 0xff, 0xff, 0x83,
    0xff, 0xfe, 0x0, 0x0, 0x0, 0x0, 0x7f, 0xff,
    0xe1, 0xff, 0xff, 0x0, 0x0, 0x0, 0x0, 0x1f,
    0xff, 0xf0, 0xff, 0xff, 0x80, 0x0, 0x0, 0x0,
    0xf, 0xff, 0xf8, 0x7f, 0xff, 0x80, 0x0, 0x0,
    0x0, 0x3, 0xff, 0xfc, 0x7f, 0xff, 0xc0, 0x0,
    0x0, 0x0, 0x1, 0xff, 0xff, 0x3f, 0xff, 0xe0,
    0x0, 0x0, 0x0, 0x0, 0xff, 0xff, 0x9f, 0xff,
    0xe0, 0x0, 0x0, 0x0, 0x0, 0x3f, 0xff, 0xcf,
    0xff, 0xf0, 0x0, 0x0, 0x0, 0x0, 0x1f, 0xff,
    0xe7, 0xff, 0xf8, 0x0, 0x0, 0x0, 0x0, 0xf,
    0xff, 0xf3, 0xff, 0xfc, 0x0, 0x0, 0x0, 0x0,
    0x7, 0xff, 0xfb, 0xff, 0xfe, 0x0, 0x0, 0x0,
    0x0, 0x3, 0xff, 0xfd, 0xff, 0xff, 0x0, 0x0,
    0x0, 0x0, 0x1, 0xff, 0xff, 0xff, 0xff, 0x0,
    0x0, 0x0, 0x0, 0x0, 0x7f, 0xff, 0xff, 0xff,
    0x80, 0x0, 0x0, 0x0, 0x0, 0x3f, 0xff, 0xff,
    0xff, 0xc0, 0x0, 0x0, 0x0, 0x0, 0x1f, 0xff,
    0xff, 0xff, 0xe0, 0x0, 0x0, 0x0, 0x0, 0xf,
    0xff, 0xff, 0xff, 0xf0, 0x0, 0x0, 0x0, 0x0,
    0x7, 0xff, 0xff, 0xff, 0xf8, 0x0, 0x0, 0x0,
    0x0, 0x3, 0xff, 0xff, 0xff, 0xfc, 0x0, 0x0,
    0x0, 0x0, 0x1, 0xff, 0xff, 0xff, 0xfe, 0x0,
    0x0, 0x0, 0x0, 0x0, 0xff, 0xff, 0xff, 0xff,
    0x0, 0x0, 0x0, 0x0, 0x0, 0x7f, 0xff, 0xff,
    0xff, 0x80, 0x0, 0x0, 0x0, 0x0, 0x3f, 0xff,
    0xff, 0xff, 0xc0, 0x0, 0x0, 0x0, 0x0, 0x1f,
    0xff, 0xff, 0xff, 0xe0, 0x0, 0x0, 0x0, 0x0,
    0xf, 0xff, 0xff, 0xff, 0xf0, 0x0, 0x0, 0x0,
    0x0, 0x7, 0xff, 0xff, 0xff, 0xf8, 0x0, 0x0,
    0x0, 0x0, 0x3, 0xff, 0xff, 0xff, 0xfc, 0x0,
    0x0, 0x0, 0x0, 0x1, 0xff, 0xff, 0xff, 0xfe,
    0x0, 0x0, 0x0, 0x0, 0x0, 0xff, 0xff, 0xff,
    0xff, 0x0, 0x0, 0x0, 0x0, 0x0, 0x7f, 0xff,
    0xff, 0xff, 0x80, 0x0, 0x0, 0x0, 0x0, 0x7f,
    0xff, 0xff, 0xff, 0xe0, 0x0, 0x0, 0x0, 0x0,
    0x3f, 0xff, 0xef, 0xff, 0xf0, 0x0, 0x0, 0x0,
    0x80, 0x1f, 0xff, 0xe7, 0xff, 0xf8, 0x0, 0x0,
    0x0, 0x40, 0xf, 0xff, 0xf3, 0xff, 0xfc, 0x0,
    0x0, 0x0, 0x70, 0x7, 0xff, 0xf9, 0xff, 0xfe,
    0x0, 0x0, 0x0, 0x7c, 0x7, 0xff, 0xfc, 0xff,
    0xff, 0x80, 0x0, 0x0, 0x7f, 0x3, 0xff, 0xfe,
    0x7f, 0xff, 0xc0, 0x0, 0x0, 0x7f, 0xc1, 0xff,
    0xff, 0x1f, 0xff, 0xe0, 0x0, 0x0, 0x3f, 0xf0,
    0xff, 0xff, 0xf, 0xff, 0xf8, 0x0, 0x0, 0x3f,
    0xfc, 0xff, 0xff, 0x87, 0xff, 0xfc, 0x0, 0x0,
    0x3f, 0xff, 0x7f, 0xff, 0xc3, 0xff, 0xfe, 0x0,
    0x0, 0x3f, 0xff, 0xff, 0xff, 0xe0, 0xff, 0xff,
    0x80, 0x0, 0x1f, 0xff, 0xff, 0xff, 0xe0, 0x7f,
    0xff, 0xc0, 0x0, 0xf, 0xff, 0xff, 0xff, 0xf0,
    0x3f, 0xff, 0xf0, 0x0, 0x3, 0xff, 0xff, 0xff,
    0xf8, 0xf, 0xff, 0xfc, 0x0, 0x0, 0xff, 0xff,
    0xff, 0xf8, 0x7, 0xff, 0xfe, 0x0, 0x0, 0x3f,
    0xff, 0xff, 0xfc, 0x3, 0xff, 0xff, 0x80, 0x0,
    0xf, 0xff, 0xff, 0xfe, 0x0, 0xff, 0xff, 0xe0,
    0x0, 0x7, 0xff, 0xff, 0xfe, 0x0, 0x7f, 0xff,
    0xf8, 0x0, 0x1, 0xff, 0xff, 0xff, 0x0, 0x1f,
    0xff, 0xfe, 0x0, 0x0, 0x7f, 0xff, 0xff, 0x0,
    0xf, 0xff, 0xff, 0xc0, 0x0, 0x1f, 0xff, 0xff,
    0x80, 0x3, 0xff, 0xff, 0xf8, 0x0, 0x3f, 0xff,
    0xff, 0x80, 0x1, 0xff, 0xff, 0xff, 0x80, 0x7f,
    0xff, 0xff, 0xc0, 0x0, 0x7f, 0xff, 0xff, 0xff,
    0xff, 0xff, 0xff, 0xc0, 0x0, 0x1f, 0xff, 0xff,
    0xff, 0xff, 0xff, 0xff, 0xf0, 0x0, 0xf, 0xff,
    0xff, 0xff, 0xff, 0xff, 0xff, 0xfc, 0x0, 0x3,
    0xff, 0xff, 0xff, 0xff, 0xff, 0xff, 0xff, 0x0,
    0x0, 0xff, 0xff, 0xff, 0xff, 0xff, 0xff, 0xff,
    0x80, 0x0, 0x3f, 0xff, 0xff, 0xff, 0xff, 0xff,
    0xff, 0xe0, 0x0, 0xf, 0xff, 0xff, 0xff, 0xff,
    0xff, 0xff, 0xf8, 0x0, 0x3, 0xff, 0xff, 0xff,
    0xff, 0xff, 0xff, 0xfe, 0x0, 0x0, 0xff, 0xff,
    0xff, 0xff, 0xff, 0xff, 0xff, 0x80, 0x0, 0x3f,
    0xff, 0xff, 0xff, 0xff, 0xff, 0xff, 0xe0, 0x0,
    0x7, 0xff, 0xff, 0xff, 0xff, 0xdf, 0xff, 0xf0,
    0x0, 0x1, 0xff, 0xff, 0xff, 0xff, 0xc7, 0xff,
    0xf0, 0x0, 0x0, 0x3f, 0xff, 0xff, 0xff, 0x81,
    0xff, 0xf0, 0x0, 0x0, 0x3, 0xff, 0xff, 0xfe,
    0x0, 0x7f, 0xf0, 0x0, 0x0, 0x0, 0x7f, 0xff,
    0xfc, 0x0, 0x1f, 0xf8, 0x0, 0x0, 0x0, 0x1,
    0xff, 0xc0, 0x0, 0x7, 0xf8, 0x0, 0x0, 0x0,
    0x0, 0x0, 0x0, 0x0, 0x1, 0xf8, 0x0, 0x0,
    0x0, 0x0, 0x0, 0x0, 0x0, 0x0, 0xf8, 0x0,
    0x0, 0x0, 0x0, 0x0, 0x0, 0x0, 0x0, 0x38,
    0x0, 0x0, 0x0, 0x0, 0x0, 0x0, 0x0, 0x0,
    0xc, 0x0,

    /* U+0052 "R" */
    0xff, 0xff, 0xff, 0xff, 0xff, 0xf0, 0x0, 0x1,
    0xff, 0xff, 0xff, 0xff, 0xff, 0xfe, 0x0, 0x3,
    0xff, 0xff, 0xff, 0xff, 0xff, 0xff, 0x0, 0x7,
    0xff, 0xff, 0xff, 0xff, 0xff, 0xff, 0x0, 0xf,
    0xff, 0xff, 0xff, 0xff, 0xff, 0xff, 0x80, 0x1f,
    0xff, 0xff, 0xff, 0xff, 0xff, 0xff, 0x80, 0x3f,
    0xff, 0xff, 0xff, 0xff, 0xff, 0xff, 0x80, 0x7f,
    0xff, 0xff, 0xff, 0xff, 0xff, 0xff, 0x80, 0xff,
    0xff, 0xff, 0xff, 0xff, 0xff, 0xff, 0x81, 0xff,
    0xff, 0xff, 0xff, 0xff, 0xff, 0xff, 0x3, 0xff,
    0xff, 0xff, 0xff, 0xff, 0xff, 0xff, 0x7, 0xff,
    0xff, 0xff, 0xff, 0xff, 0xff, 0xfe, 0xf, 0xff,
    0xff, 0xff, 0xff, 0xff, 0xff, 0xfe, 0x1f, 0xff,
    0xff, 0xff, 0xff, 0xff, 0xff, 0xfc, 0x3f, 0xff,
    0xff, 0xff, 0xff, 0xff, 0xff, 0xfc, 0x7f, 0xff,
    0xff, 0xff, 0xff, 0xff, 0xff, 0xf8, 0xff, 0xfe,
    0x0, 0x0, 0x1, 0xff, 0xff, 0xf9, 0xff, 0xfc,
    0x0, 0x0, 0x0, 0xff, 0xff, 0xf3, 0xff, 0xf8,
    0x0, 0x0, 0x0, 0xff, 0xff, 0xe7, 0xff, 0xf0,
    0x0, 0x0, 0x0, 0xff, 0xff, 0xcf, 0xff, 0xe0,
    0x0, 0x0, 0x0, 0xff, 0xff, 0x9f, 0xff, 0xc0,
    0x0, 0x0, 0x0, 0xff, 0xff, 0xbf, 0xff, 0x80,
    0x0, 0x0, 0x1, 0xff, 0xff, 0x7f, 0xff, 0x0,
    0x0, 0x0, 0x3, 0xff, 0xfe, 0xff, 0xfe, 0x0,
    0x0, 0x0, 0x3, 0xff, 0xfd, 0xff, 0xfc, 0x0,
    0x0, 0x0, 0x7, 0xff, 0xfb, 0xff, 0xf8, 0x0,
    0x0, 0x0, 0xf, 0xff, 0xf7, 0xff, 0xf0, 0x0,
    0x0, 0x0, 0x1f, 0xff, 0xef, 0xff, 0xe0, 0x0,
    0x0, 0x0, 0x3f, 0xff, 0xdf, 0xff, 0xc0, 0x0,
    0x0, 0x0, 0x7f, 0xff, 0xbf, 0xff, 0x80, 0x0,
    0x0, 0x0, 0xff, 0xff, 0x7f, 0xff, 0x0, 0x0,
    0x0, 0x1, 0xff, 0xfe, 0xff, 0xfe, 0x0, 0x0,
    0x0, 0x3, 0xff, 0xf9, 0xff, 0xfc, 0x0, 0x0,
    0x0, 0xf, 0xff, 0xf3, 0xff, 0xf8, 0x0, 0x0,
    0x0, 0x1f, 0xff, 0xe7, 0xff, 0xf0, 0x0, 0x0,
    0x0, 0x3f, 0xff, 0xcf, 0xff, 0xe0, 0x0, 0x0,
    0x0, 0xff, 0xff, 0x1f, 0xff, 0xc0, 0x0, 0x0,
    0x1, 0xff, 0xfe, 0x3f, 0xff, 0x80, 0x0, 0x0,
    0x7, 0xff, 0xfc, 0x7f, 0xff, 0x0, 0x0, 0x0,
    0x3f, 0xff, 0xf0, 0xff, 0xfe, 0x0, 0x0, 0x3,
    0xff, 0xff, 0xe1, 0xff, 0xff, 0xff, 0xff, 0xff,
    0xff, 0xff, 0x83, 0xff, 0xff, 0xff, 0xff, 0xff,
    0xff, 0xfe, 0x7, 0xff, 0xff, 0xff, 0xff, 0xff,
    0xff, 0xfc, 0xf, 0xff, 0xff, 0xff, 0xff, 0xff,
    0xff, 0xf0, 0x1f, 0xff, 0xff, 0xff, 0xff, 0xff,
    0xff, 0xc0, 0x3f, 0xff, 0xff, 0xff, 0xff, 0xff,
    0xfe, 0x0, 0x7f, 0xff, 0xff, 0xff, 0xff, 0xff,
    0xf8, 0x0, 0xff, 0xff, 0xff, 0xff, 0xff, 0xff,
    0xe0, 0x1, 0xff, 0xff, 0xff, 0xff, 0xff, 0xff,
    0xf0, 0x3, 0xff, 0xff, 0xff, 0xff, 0xff, 0xff,
    0xf0, 0x7, 0xff, 0xff, 0xff, 0xff, 0xff, 0xff,
    0xf0, 0xf, 0xff, 0xff, 0xff, 0xff, 0xff, 0xff,
    0xf0, 0x1f, 0xff, 0xff, 0xff, 0xff, 0xff, 0xff,
    0xf0, 0x3f, 0xff, 0xff, 0xff, 0xff, 0xff, 0xff,
    0xe0, 0x7f, 0xff, 0xff, 0xff, 0xff, 0xff, 0xff,
    0xe0, 0xff, 0xfe, 0x0, 0x0, 0x7, 0xff, 0xff,
    0xc1, 0xff, 0xfc, 0x0, 0x0, 0x1, 0xff, 0xff,
    0xc3, 0xff, 0xf8, 0x0, 0x0, 0x1, 0xff, 0xff,
    0x87, 0xff, 0xf0, 0x0, 0x0, 0x1, 0xff, 0xff,
    0xf, 0xff, 0xe0, 0x0, 0x0, 0x3, 0xff, 0xfe,
    0x1f, 0xff, 0xc0, 0x0, 0x0, 0x3, 0xff, 0xfc,
    0x3f, 0xff, 0x80, 0x0, 0x0, 0x7, 0xff, 0xfc,
    0x7f, 0xff, 0x0, 0x0, 0x0, 0xf, 0xff, 0xf8,
    0xff, 0xfe, 0x0, 0x0, 0x0, 0xf, 0xff, 0xf1,
    0xff, 0xfc, 0x0, 0x0, 0x0, 0x1f, 0xff, 0xe3,
    0xff, 0xf8, 0x0, 0x0, 0x0, 0x3f, 0xff, 0xc7,
    0xff, 0xf0, 0x0, 0x0, 0x0, 0x7f, 0xff, 0x8f,
    0xff, 0xe0, 0x0, 0x0, 0x0, 0xff, 0xff, 0x1f,
    0xff, 0xc0, 0x0, 0x0, 0x1, 0xff, 0xfe, 0x3f,
    0xff, 0x80, 0x0, 0x0, 0x3, 0xff, 0xfc, 0x7f,
    0xff, 0x0, 0x0, 0x0, 0x7, 0xff, 0xf8, 0xff,
    0xfe, 0x0, 0x0, 0x0, 0xf, 0xff, 0xf1, 0xff,
    0xfc, 0x0, 0x0, 0x0, 0x1f, 0xff, 0xe3, 0xff,
    0xf8, 0x0, 0x0, 0x0, 0x3f, 0xff, 0xc7, 0xff,
    0xf0, 0x0, 0x0, 0x0, 0x7f, 0xff, 0x8f, 0xff,
    0xe0, 0x0, 0x0, 0x0, 0xff, 0xff, 0x1f, 0xff,
    0xc0, 0x0, 0x0, 0x1, 0xff, 0xfe, 0x3f, 0xff,
    0x80, 0x0, 0x0, 0x3, 0xff, 0xfc, 0x7f, 0xff,
    0x0, 0x0, 0x0, 0x7, 0xff, 0xf8, 0xff, 0xfe,
    0x0, 0x0, 0x0, 0xf, 0xff, 0xf1, 0xff, 0xfc,
    0x0, 0x0, 0x0, 0x1f, 0xff, 0xe3, 0xff, 0xf8,
    0x0, 0x0, 0x0, 0x3f, 0xff, 0xc7, 0xff, 0xf0,
    0x0, 0x0, 0x0, 0x7f, 0xff, 0x8f, 0xff, 0xe0,
    0x0, 0x0, 0x0, 0xff, 0xff, 0x1f, 0xff, 0xc0,
    0x0, 0x0, 0x0, 0xff, 0xfe, 0x3f, 0xff, 0x80,
    0x0, 0x0, 0x1, 0xff, 0xfe, 0x7f, 0xff, 0x0,
    0x0, 0x0, 0x3, 0xff, 0xfc, 0xff, 0xfe, 0x0,
    0x0, 0x0, 0x7, 0xff, 0xfd, 0xff, 0xfc, 0x0,
    0x0, 0x0, 0xf, 0xff, 0xff, 0xff, 0xf8, 0x0,
    0x0, 0x0, 0x1f, 0xff, 0xff, 0xff, 0xf0, 0x0,
    0x0, 0x0, 0x1f, 0xff, 0xf0,

    /* U+0053 "S" */
    0x0, 0x0, 0x1, 0xff, 0xf8, 0x0, 0x0, 0x0,
    0x0, 0x0, 0x7f, 0xff, 0xfe, 0x0, 0x0, 0x0,
    0x0, 0xf, 0xff, 0xff, 0xfe, 0x0, 0x0, 0x0,
    0x0, 0xff, 0xff, 0xff, 0xfe, 0x0, 0x0, 0x0,
    0x7, 0xff, 0xff, 0xff, 0xfe, 0x0, 0x0, 0x0,
    0x7f, 0xff, 0xff, 0xff, 0xfc, 0x0, 0x0, 0x3,
    0xff, 0xff, 0xff, 0xff, 0xf8, 0x0, 0x0, 0x1f,
    0xff, 0xff, 0xff, 0xff, 0xf8, 0x0, 0x0, 0xff,
    0xff, 0xff, 0xff, 0xff, 0xf0, 0x0, 0x7, 0xff,
    0xff, 0xff, 0xff, 0xff, 0xe0, 0x0, 0x3f, 0xff,
    0xff, 0xff, 0xff, 0xff, 0x80, 0x1, 0xff, 0xff,
    0xff, 0xff, 0xff, 0xff, 0x0, 0x7, 0xff, 0xff,
    0xff, 0xff, 0xff, 0xfe, 0x0, 0x3f, 0xff, 0xff,
    0xff, 0xff, 0xff, 0xf8, 0x0, 0xff, 0xff, 0xff,
    0xff, 0xff, 0xff, 0xf0, 0x7, 0xff, 0xff, 0xff,
    0xff, 0xff, 0xff, 0xc0, 0x1f, 0xff, 0xff, 0x80,
    0x3f, 0xff, 0xff, 0x80, 0x7f, 0xff, 0xf0, 0x0,
    0x1f, 0xff, 0xfe, 0x3, 0xff, 0xff, 0x0, 0x0,
    0x1f, 0xff, 0xfc, 0xf, 0xff, 0xf8, 0x0, 0x0,
    0x3f, 0xff, 0xf0, 0x3f, 0xff, 0xc0, 0x0, 0x0,
    0x7f, 0xff, 0xc0, 0xff, 0xfe, 0x0, 0x0, 0x0,
    0xff, 0xff, 0x7, 0xff, 0xf8, 0x0, 0x0, 0x1,
    0xff, 0xfe, 0x1f, 0xff, 0xc0, 0x0, 0x0, 0x7,
    0xff, 0xf8, 0x7f, 0xff, 0x0, 0x0, 0x0, 0x1f,
    0xff, 0xe1, 0xff, 0xfc, 0x0, 0x0, 0x0, 0x3f,
    0xff, 0x87, 0xff, 0xf0, 0x0, 0x0, 0x0, 0xff,
    0xfe, 0x1f, 0xff, 0xc0, 0x0, 0x0, 0x3, 0xff,
    0xf8, 0x7f, 0xff, 0x0, 0x0, 0x0, 0xf, 0xff,
    0xf1, 0xff, 0xfc, 0x0, 0x0, 0x0, 0x3f, 0xff,
    0xc7, 0xff, 0xf0, 0x0, 0x0, 0x0, 0x0, 0x0,
    0x1f, 0xff, 0xe0, 0x0, 0x0, 0x0, 0x0, 0x0,
    0x7f, 0xff, 0x80, 0x0, 0x0, 0x0, 0x0, 0x1,
    0xff, 0xff, 0x0, 0x0, 0x0, 0x0, 0x0, 0x7,
    0xff, 0xfe, 0x0, 0x0, 0x0, 0x0, 0x0, 0xf,
    0xff, 0xfe, 0x0, 0x0, 0x0, 0x0, 0x0, 0x3f,
    0xff, 0xff, 0x0, 0x0, 0x0, 0x0, 0x0, 0xff,
    0xff, 0xff, 0x80, 0x0, 0x0, 0x0, 0x3, 0xff,
    0xff, 0xff, 0xc0, 0x0, 0x0, 0x0, 0x7, 0xff,
    0xff, 0xff, 0xf0, 0x0, 0x0, 0x0, 0x1f, 0xff,
    0xff, 0xff, 0xf8, 0x0, 0x0, 0x0, 0x7f, 0xff,
    0xff, 0xff, 0xfc, 0x0, 0x0, 0x0, 0xff, 0xff,
    0xff, 0xff, 0xfe, 0x0, 0x0, 0x1, 0xff, 0xff,
    0xff, 0xff, 0xff, 0x0, 0x0, 0x7, 0xff, 0xff,
    0xff, 0xff, 0xff, 0x80, 0x0, 0xf, 0xff, 0xff,
    0xff, 0xff, 0xff, 0x80, 0x0, 0x1f, 0xff, 0xff,
    0xff, 0xff, 0xff, 0x0, 0x0, 0x3f, 0xff, 0xff,
    0xff, 0xff, 0xff, 0x0, 0x0, 0x7f, 0xff, 0xff,
    0xff, 0xff, 0xfe, 0x0, 0x0, 0xff, 0xff, 0xff,
    0xff, 0xff, 0xfc, 0x0, 0x0, 0xff, 0xff, 0xff,
    0xff, 0xff, 0xf8, 0x0, 0x0, 0xff, 0xff, 0xff,
    0xff, 0xff, 0xf0, 0x0, 0x0, 0xff, 0xff, 0xff,
    0xff, 0xff, 0xc0, 0x0, 0x0, 0x7f, 0xff, 0xff,
    0xff, 0xff, 0x80, 0x0, 0x0, 0x3f, 0xff, 0xff,
    0xff, 0xfe, 0x0, 0x0, 0x0, 0x1f, 0xff, 0xff,
    0xff, 0xfc, 0x0, 0x0, 0x0, 0x7, 0xff, 0xff,
    0xff, 0xf0, 0x0, 0x0, 0x0, 0x1, 0xff, 0xff,
    0xff, 0xe0, 0x0, 0x0, 0x0, 0x0, 0xff, 0xff,
    0xff, 0x80, 0x0, 0x0, 0x0, 0x0, 0x7f, 0xff,
    0xfe, 0x0, 0x0, 0x0, 0x0, 0x0, 0x7f, 0xff,
    0xf8, 0x0, 0x0, 0x0, 0x0, 0x0, 0x7f, 0xff,
    0xf0, 0x0, 0x0, 0x0, 0x0, 0x0, 0xff, 0xff,
    0xc0, 0x0, 0x0, 0x0, 0x0, 0x1, 0xff, 0xff,
    0x0, 0x0, 0x0, 0x0, 0x0, 0x3, 0xff, 0xfc,
    0x0, 0x0, 0x0, 0x0, 0x0, 0xf, 0xff, 0xff,
    0xff, 0xe0, 0x0, 0x0, 0x0, 0x1f, 0xff, 0xff,
    0xff, 0x80, 0x0, 0x0, 0x0, 0x7f, 0xff, 0xff,
    0xfe, 0x0, 0x0, 0x0, 0x1, 0xff, 0xff, 0xff,
    0xf8, 0x0, 0x0, 0x0, 0x7, 0xff, 0xff, 0xff,
    0xf0, 0x0, 0x0, 0x0, 0x1f, 0xff, 0xff, 0xff,
    0xc0, 0x0, 0x0, 0x0, 0x7f, 0xff, 0x7f, 0xff,
    0x0, 0x0, 0x0, 0x1, 0xff, 0xfd, 0xff, 0xfe,
    0x0, 0x0, 0x0, 0xf, 0xff, 0xf7, 0xff, 0xf8,
    0x0, 0x0, 0x0, 0x3f, 0xff, 0x9f, 0xff, 0xf0,
    0x0, 0x0, 0x1, 0xff, 0xfe, 0x7f, 0xff, 0xe0,
    0x0, 0x0, 0x7, 0xff, 0xf8, 0xff, 0xff, 0xc0,
    0x0, 0x0, 0x3f, 0xff, 0xe3, 0xff, 0xff, 0x80,
    0x0, 0x3, 0xff, 0xff, 0xf, 0xff, 0xff, 0x80,
    0x0, 0x3f, 0xff, 0xfc, 0x1f, 0xff, 0xff, 0xc0,
    0x7, 0xff, 0xff, 0xf0, 0x7f, 0xff, 0xff, 0xff,
    0xff, 0xff, 0xff, 0x80, 0xff, 0xff, 0xff, 0xff,
    0xff, 0xff, 0xfe, 0x3, 0xff, 0xff, 0xff, 0xff,
    0xff, 0xff, 0xf0, 0x7, 0xff, 0xff, 0xff, 0xff,
    0xff, 0xff, 0xc0, 0x1f, 0xff, 0xff, 0xff, 0xff,
    0xff, 0xfe, 0x0, 0x3f, 0xff, 0xff, 0xff, 0xff,
    0xff, 0xf0, 0x0, 0x7f, 0xff, 0xff, 0xff, 0xff,
    0xff, 0x80, 0x0, 0xff, 0xff, 0xff, 0xff, 0xff,
    0xfc, 0x0, 0x1, 0xff, 0xff, 0xff, 0xff, 0xff,
    0xe0, 0x0, 0x3, 0xff, 0xff, 0xff, 0xff, 0xff,
    0x0, 0x0, 0x3, 0xff, 0xff, 0xff, 0xff, 0xf8,
    0x0, 0x0, 0x7, 0xff, 0xff, 0xff, 0xff, 0x80,
    0x0, 0x0, 0x7, 0xff, 0xff, 0xff, 0xf8, 0x0,
    0x0, 0x0, 0x7, 0xff, 0xff, 0xff, 0x80, 0x0,
    0x0, 0x0, 0x3, 0xff, 0xff, 0xf0, 0x0, 0x0,
    0x0, 0x0, 0x0, 0x7f, 0xfc, 0x0, 0x0, 0x0,

    /* U+0054 "T" */
    0xff, 0xff, 0xff, 0xff, 0xff, 0xff, 0xff, 0xff,
    0xff, 0xff, 0xff, 0xff, 0xff, 0xff, 0xff, 0xff,
    0xff, 0xff, 0xff, 0xff, 0xff, 0xff, 0xff, 0xff,
    0xff, 0xff, 0xff, 0xff, 0xff, 0xff, 0xff, 0xff,
    0xff, 0xff, 0xff, 0xff, 0xff, 0xff, 0xff, 0xff,
    0xff, 0xff, 0xff, 0xff, 0xff, 0xff, 0xff, 0xff,
    0xff, 0xff, 0xff, 0xff, 0xff, 0xff, 0xff, 0xff,
    0xff, 0xff, 0xff, 0xff, 0xff, 0xff, 0xff, 0xff,
    0xff, 0xff, 0xff, 0xff, 0xff, 0xff, 0xff, 0xff,
    0xff, 0xff, 0xff, 0xff, 0xff, 0xff, 0xff, 0xff,
    0xff, 0xff, 0xff, 0xff, 0xff, 0xff, 0xff, 0xff,
    0xff, 0xff, 0xff, 0xff, 0xff, 0xff, 0xff, 0xff,
    0xff, 0xff, 0xff, 0xff, 0xff, 0xff, 0xff, 0xff,
    0xff, 0xff, 0xff, 0xff, 0xff, 0xff, 0xff, 0xff,
    0xff, 0xff, 0xff, 0xff, 0xff, 0xff, 0xff, 0xff,
    0xff, 0xff, 0x0, 0x0, 0x1, 0xff, 0xfe, 0x0,
    0x0, 0x0, 0x0, 0x0, 0xf, 0xff, 0xf0, 0x0,
    0x0, 0x0, 0x0, 0x0, 0x7f, 0xff, 0x80, 0x0,
    0x0, 0x0, 0x0, 0x3, 0xff, 0xfc, 0x0, 0x0,
    0x0, 0x0, 0x0, 0x1f, 0xff, 0xe0, 0x0, 0x0,
    0x0, 0x0, 0x0, 0xff, 0xff, 0x0, 0x0, 0x0,
    0x0, 0x0, 0x7, 0xff, 0xf8, 0x0, 0x0, 0x0,
    0x0, 0x0, 0x3f, 0xff, 0xc0, 0x0, 0x0, 0x0,
    0x0, 0x1, 0xff, 0xfe, 0x0, 0x0, 0x0, 0x0,
    0x0, 0xf, 0xff, 0xf0, 0x0, 0x0, 0x0, 0x0,
    0x0, 0x7f, 0xff, 0x80, 0x0, 0x0, 0x0, 0x0,
    0x3, 0xff, 0xfc, 0x0, 0x0, 0x0, 0x0, 0x0,
    0x1f, 0xff, 0xe0, 0x0, 0x0, 0x0, 0x0, 0x0,
    0xff, 0xff, 0x0, 0x0, 0x0, 0x0, 0x0, 0x7,
    0xff, 0xf8, 0x0, 0x0, 0x0, 0x0, 0x0, 0x3f,
    0xff, 0xc0, 0x0, 0x0, 0x0, 0x0, 0x1, 0xff,
    0xfe, 0x0, 0x0, 0x0, 0x0, 0x0, 0xf, 0xff,
    0xf0, 0x0, 0x0, 0x0, 0x0, 0x0, 0x7f, 0xff,
    0x80, 0x0, 0x0, 0x0, 0x0, 0x3, 0xff, 0xfc,
    0x0, 0x0, 0x0, 0x0, 0x0, 0x1f, 0xff, 0xe0,
    0x0, 0x0, 0x0, 0x0, 0x0, 0xff, 0xff, 0x0,
    0x0, 0x0, 0x0, 0x0, 0x7, 0xff, 0xf8, 0x0,
    0x0, 0x0, 0x0, 0x0, 0x3f, 0xff, 0xc0, 0x0,
    0x0, 0x0, 0x0, 0x1, 0xff, 0xfe, 0x0, 0x0,
    0x0, 0x0, 0x0, 0xf, 0xff, 0xf0, 0x0, 0x0,
    0x0, 0x0, 0x0, 0x7f, 0xff, 0x80, 0x0, 0x0,
    0x0, 0x0, 0x3, 0xff, 0xfc, 0x0, 0x0, 0x0,
    0x0, 0x0, 0x1f, 0xff, 0xe0, 0x0, 0x0, 0x0,
    0x0, 0x0, 0xff, 0xff, 0x0, 0x0, 0x0, 0x0,
    0x0, 0x7, 0xff, 0xf8, 0x0, 0x0, 0x0, 0x0,
    0x0, 0x3f, 0xff, 0xc0, 0x0, 0x0, 0x0, 0x0,
    0x1, 0xff, 0xfe, 0x0, 0x0, 0x0, 0x0, 0x0,
    0xf, 0xff, 0xf0, 0x0, 0x0, 0x0, 0x0, 0x0,
    0x7f, 0xff, 0x80, 0x0, 0x0, 0x0, 0x0, 0x3,
    0xff, 0xfc, 0x0, 0x0, 0x0, 0x0, 0x0, 0x1f,
    0xff, 0xe0, 0x0, 0x0, 0x0, 0x0, 0x0, 0xff,
    0xff, 0x0, 0x0, 0x0, 0x0, 0x0, 0x7, 0xff,
    0xf8, 0x0, 0x0, 0x0, 0x0, 0x0, 0x3f, 0xff,
    0xc0, 0x0, 0x0, 0x0, 0x0, 0x1, 0xff, 0xfe,
    0x0, 0x0, 0x0, 0x0, 0x0, 0xf, 0xff, 0xf0,
    0x0, 0x0, 0x0, 0x0, 0x0, 0x7f, 0xff, 0x80,
    0x0, 0x0, 0x0, 0x0, 0x3, 0xff, 0xfc, 0x0,
    0x0, 0x0, 0x0, 0x0, 0x1f, 0xff, 0xe0, 0x0,
    0x0, 0x0, 0x0, 0x0, 0xff, 0xff, 0x0, 0x0,
    0x0, 0x0, 0x0, 0x7, 0xff, 0xf8, 0x0, 0x0,
    0x0, 0x0, 0x0, 0x3f, 0xff, 0xc0, 0x0, 0x0,
    0x0, 0x0, 0x1, 0xff, 0xfe, 0x0, 0x0, 0x0,
    0x0, 0x0, 0xf, 0xff, 0xf0, 0x0, 0x0, 0x0,
    0x0, 0x0, 0x7f, 0xff, 0x80, 0x0, 0x0, 0x0,
    0x0, 0x3, 0xff, 0xfc, 0x0, 0x0, 0x0, 0x0,
    0x0, 0x1f, 0xff, 0xe0, 0x0, 0x0, 0x0, 0x0,
    0x0, 0xff, 0xff, 0x0, 0x0, 0x0, 0x0, 0x0,
    0x7, 0xff, 0xf8, 0x0, 0x0, 0x0, 0x0, 0x0,
    0x3f, 0xff, 0xc0, 0x0, 0x0, 0x0, 0x0, 0x1,
    0xff, 0xfe, 0x0, 0x0, 0x0, 0x0, 0x0, 0xf,
    0xff, 0xf0, 0x0, 0x0, 0x0, 0x0, 0x0, 0x7f,
    0xff, 0x80, 0x0, 0x0, 0x0, 0x0, 0x3, 0xff,
    0xfc, 0x0, 0x0, 0x0, 0x0, 0x0, 0x1f, 0xff,
    0xe0, 0x0, 0x0, 0x0, 0x0, 0x0, 0xff, 0xff,
    0x0, 0x0, 0x0, 0x0, 0x0, 0x7, 0xff, 0xf8,
    0x0, 0x0, 0x0, 0x0, 0x0, 0x3f, 0xff, 0xc0,
    0x0, 0x0, 0x0, 0x0, 0x1, 0xff, 0xfe, 0x0,
    0x0, 0x0, 0x0, 0x0, 0xf, 0xff, 0xf0, 0x0,
    0x0, 0x0, 0x0, 0x0, 0x7f, 0xff, 0x80, 0x0,
    0x0, 0x0, 0x0, 0x3, 0xff, 0xfc, 0x0, 0x0,
    0x0, 0x0, 0x0, 0x1f, 0xff, 0xe0, 0x0, 0x0,
    0x0, 0x0, 0x0, 0xff, 0xff, 0x0, 0x0, 0x0,
    0x0, 0x0, 0x7, 0xff, 0xf8, 0x0, 0x0, 0x0,
    0x0, 0x0, 0x3f, 0xff, 0xc0, 0x0, 0x0, 0x0,
    0x0, 0x1, 0xff, 0xfe, 0x0, 0x0, 0x0, 0x0,
    0x0, 0xf, 0xff, 0xf0, 0x0, 0x0, 0x0, 0x0,
    0x0, 0x7f, 0xff, 0x80, 0x0, 0x0, 0x0, 0x0,
    0x3, 0xff, 0xfc, 0x0, 0x0, 0x0,

    /* U+0055 "U" */
    0xff, 0xff, 0x0, 0x0, 0x0, 0x7, 0xff, 0xff,
    0xff, 0xf8, 0x0, 0x0, 0x0, 0x3f, 0xff, 0xff,
    0xff, 0xc0, 0x0, 0x0, 0x1, 0xff, 0xff, 0xff,
    0xfe, 0x0, 0x0, 0x0, 0xf, 0xff, 0xff, 0xff,
    0xf0, 0x0, 0x0, 0x0, 0x7f, 0xff, 0xff, 0xff,
    0x80, 0x0, 0x0, 0x3, 0xff, 0xff, 0xff, 0xfc,
    0x0, 0x0, 0x0, 0x1f, 0xff, 0xff, 0xff, 0xe0,
    0x0, 0x0, 0x0, 0xff, 0xff, 0xff, 0xff, 0x0,
    0x0, 0x0, 0x7, 0xff, 0xff, 0xff, 0xf8, 0x0,
    0x0, 0x0, 0x3f, 0xff, 0xff, 0xff, 0xc0, 0x0,
    0x0, 0x1, 0xff, 0xff, 0xff, 0xfe, 0x0, 0x0,
    0x0, 0xf, 0xff, 0xff, 0xff, 0xf0, 0x0, 0x0,
    0x0, 0x7f, 0xff, 0xff, 0xff, 0x80, 0x0, 0x0,
    0x3, 0xff, 0xff, 0xff, 0xfc, 0x0, 0x0, 0x0,
    0x1f, 0xff, 0xff, 0xff, 0xe0, 0x0, 0x0, 0x0,
    0xff, 0xff, 0xff, 0xff, 0x0, 0x0, 0x0, 0x7,
    0xff, 0xff, 0xff, 0xf8, 0x0, 0x0, 0x0, 0x3f,
    0xff, 0xff, 0xff, 0xc0, 0x0, 0x0, 0x1, 0xff,
    0xff, 0xff, 0xfe, 0x0, 0x0, 0x0, 0xf, 0xff,
    0xff, 0xff, 0xf0, 0x0, 0x0, 0x0, 0x7f, 0xff,
    0xff, 0xff, 0x80, 0x0, 0x0, 0x3, 0xff, 0xff,
    0xff, 0xfc, 0x0, 0x0, 0x0, 0x1f, 0xff, 0xff,
    0xff, 0xe0, 0x0, 0x0, 0x0, 0xff, 0xff, 0xff,
    0xff, 0x0, 0x0, 0x0, 0x7, 0xff, 0xff, 0xff,
    0xf8, 0x0, 0x0, 0x0, 0x3f, 0xff, 0xff, 0xff,
    0xc0, 0x0, 0x0, 0x1, 0xff, 0xff, 0xff, 0xfe,
    0x0, 0x0, 0x0, 0xf, 0xff, 0xff, 0xff, 0xf0,
    0x0, 0x0, 0x0, 0x7f, 0xff, 0xff, 0xff, 0x80,
    0x0, 0x0, 0x3, 0xff, 0xff, 0xff, 0xfc, 0x0,
    0x0, 0x0, 0x1f, 0xff, 0xff, 0xff, 0xe0, 0x0,
    0x0, 0x0, 0xff, 0xff, 0xff, 0xff, 0x0, 0x0,
    0x0, 0x7, 0xff, 0xff, 0xff, 0xf8, 0x0, 0x0,
    0x0, 0x3f, 0xff, 0xff, 0xff, 0xc0, 0x0, 0x0,
    0x1, 0xff, 0xff, 0xff, 0xfe, 0x0, 0x0, 0x0,
    0xf, 0xff, 0xff, 0xff, 0xf0, 0x0, 0x0, 0x0,
    0x7f, 0xff, 0xff, 0xff, 0x80, 0x0, 0x0, 0x3,
    0xff, 0xff, 0xff, 0xfc, 0x0, 0x0, 0x0, 0x1f,
    0xff, 0xff, 0xff, 0xe0, 0x0, 0x0, 0x0, 0xff,
    0xff, 0xff, 0xff, 0x0, 0x0, 0x0, 0x7, 0xff,
    0xff, 0xff, 0xf8, 0x0, 0x0, 0x0, 0x3f, 0xff,
    0xff, 0xff, 0xc0, 0x0, 0x0, 0x1, 0xff, 0xff,
    0xff, 0xfe, 0x0, 0x0, 0x0, 0xf, 0xff, 0xff,
    0xff, 0xf0, 0x0, 0x0, 0x0, 0x7f, 0xff, 0xff,
    0xff, 0x80, 0x0, 0x0, 0x3, 0xff, 0xff, 0xff,
    0xfc, 0x0, 0x0, 0x0, 0x1f, 0xff, 0xff, 0xff,
    0xe0, 0x0, 0x0, 0x0, 0xff, 0xff, 0xff, 0xff,
    0x0, 0x0, 0x0, 0x7, 0xff, 0xff, 0xff, 0xf8,
    0x0, 0x0, 0x0, 0x3f, 0xff, 0xff, 0xff, 0xc0,
    0x0, 0x0, 0x1, 0xff, 0xff, 0xff, 0xfe, 0x0,
    0x0, 0x0, 0xf, 0xff, 0xff, 0xff, 0xf0, 0x0,
    0x0, 0x0, 0x7f, 0xff, 0xff, 0xff, 0x80, 0x0,
    0x0, 0x3, 0xff, 0xff, 0xff, 0xfc, 0x0, 0x0,
    0x0, 0x1f, 0xff, 0xff, 0xff, 0xe0, 0x0, 0x0,
    0x0, 0xff, 0xff, 0xff, 0xff, 0x0, 0x0, 0x0,
    0x7, 0xff, 0xff, 0xff, 0xf8, 0x0, 0x0, 0x0,
    0x3f, 0xff, 0xff, 0xff, 0xc0, 0x0, 0x0, 0x1,
    0xff, 0xff, 0xff, 0xfe, 0x0, 0x0, 0x0, 0xf,
    0xff, 0xff, 0xff, 0xf0, 0x0, 0x0, 0x0, 0x7f,
    0xff, 0xff, 0xff, 0x80, 0x0, 0x0, 0x3, 0xff,
    0xff, 0xff, 0xfc, 0x0, 0x0, 0x0, 0x1f, 0xff,
    0xff, 0xff, 0xe0, 0x0, 0x0, 0x0, 0xff, 0xff,
    0xff, 0xff, 0x0, 0x0, 0x0, 0x7, 0xff, 0xff,
    0xff, 0xf8, 0x0, 0x0, 0x0, 0x3f, 0xff, 0xff,
    0xff, 0xc0, 0x0, 0x0, 0x1, 0xff, 0xff, 0xff,
    0xff, 0x0, 0x0, 0x0, 0x1f, 0xff, 0xff, 0xff,
    0xf8, 0x0, 0x0, 0x0, 0xff, 0xff, 0x3f, 0xff,
    0xc0, 0x0, 0x0, 0x7, 0xff, 0xf9, 0xff, 0xff,
    0x0, 0x0, 0x0, 0x3f, 0xff, 0xcf, 0xff, 0xf8,
    0x0, 0x0, 0x3, 0xff, 0xfe, 0x7f, 0xff, 0xc0,
    0x0, 0x0, 0x1f, 0xff, 0xf3, 0xff, 0xff, 0x0,
    0x0, 0x1, 0xff, 0xff, 0x8f, 0xff, 0xfc, 0x0,
    0x0, 0x1f, 0xff, 0xf8, 0x7f, 0xff, 0xf0, 0x0,
    0x1, 0xff, 0xff, 0xc3, 0xff, 0xff, 0xc0, 0x0,
    0x1f, 0xff, 0xfe, 0x1f, 0xff, 0xff, 0x80, 0x3,
    0xff, 0xff, 0xe0, 0x7f, 0xff, 0xff, 0x0, 0xff,
    0xff, 0xff, 0x3, 0xff, 0xff, 0xff, 0xff, 0xff,
    0xff, 0xf0, 0xf, 0xff, 0xff, 0xff, 0xff, 0xff,
    0xff, 0x80, 0x7f, 0xff, 0xff, 0xff, 0xff, 0xff,
    0xf8, 0x1, 0xff, 0xff, 0xff, 0xff, 0xff, 0xff,
    0xc0, 0x7, 0xff, 0xff, 0xff, 0xff, 0xff, 0xfc,
    0x0, 0x3f, 0xff, 0xff, 0xff, 0xff, 0xff, 0xe0,
    0x0, 0xff, 0xff, 0xff, 0xff, 0xff, 0xfe, 0x0,
    0x3, 0xff, 0xff, 0xff, 0xff, 0xff, 0xe0, 0x0,
    0xf, 0xff, 0xff, 0xff, 0xff, 0xfe, 0x0, 0x0,
    0x3f, 0xff, 0xff, 0xff, 0xff, 0xe0, 0x0, 0x0,
    0x7f, 0xff, 0xff, 0xff, 0xfc, 0x0, 0x0, 0x1,
    0xff, 0xff, 0xff, 0xff, 0xc0, 0x0, 0x0, 0x3,
    0xff, 0xff, 0xff, 0xf8, 0x0, 0x0, 0x0, 0x7,
    0xff, 0xff, 0xff, 0x0, 0x0, 0x0, 0x0, 0x7,
    0xff, 0xff, 0xc0, 0x0, 0x0, 0x0, 0x0, 0x3,
    0xff, 0xe0, 0x0, 0x0, 0x0,

    /* U+0056 "V" */
    0xff, 0xff, 0x80, 0x0, 0x0, 0x0, 0x3f, 0xff,
    0xff, 0xff, 0xe0, 0x0, 0x0, 0x0, 0x1f, 0xff,
    0xf7, 0xff, 0xfc, 0x0, 0x0, 0x0, 0x7, 0xff,
    0xf9, 0xff, 0xff, 0x0, 0x0, 0x0, 0x1, 0xff,
    0xfe, 0x7f, 0xff, 0xc0, 0x0, 0x0, 0x0, 0x7f,
    0xff, 0x9f, 0xff, 0xf0, 0x0, 0x0, 0x0, 0x3f,
    0xff, 0xe3, 0xff, 0xfc, 0x0, 0x0, 0x0, 0xf,
    0xff, 0xf0, 0xff, 0xff, 0x80, 0x0, 0x0, 0x3,
    0xff, 0xfc, 0x3f, 0xff, 0xe0, 0x0, 0x0, 0x0,
    0xff, 0xff, 0x7, 0xff, 0xf8, 0x0, 0x0, 0x0,
    0x7f, 0xff, 0x81, 0xff, 0xfe, 0x0, 0x0, 0x0,
    0x1f, 0xff, 0xe0, 0x7f, 0xff, 0xc0, 0x0, 0x0,
    0x7, 0xff, 0xf8, 0x1f, 0xff, 0xf0, 0x0, 0x0,
    0x1, 0xff, 0xfe, 0x3, 0xff, 0xfc, 0x0, 0x0,
    0x0, 0x7f, 0xff, 0x0, 0xff, 0xff, 0x0, 0x0,
    0x0, 0x3f, 0xff, 0xc0, 0x3f, 0xff, 0xe0, 0x0,
    0x0, 0xf, 0xff, 0xf0, 0xf, 0xff, 0xf8, 0x0,
    0x0, 0x3, 0xff, 0xfc, 0x1, 0xff, 0xfe, 0x0,
    0x0, 0x0, 0xff, 0xfe, 0x0, 0x7f, 0xff, 0x80,
    0x0, 0x0, 0x7f, 0xff, 0x80, 0x1f, 0xff, 0xe0,
    0x0, 0x0, 0x1f, 0xff, 0xe0, 0x3, 0xff, 0xfc,
    0x0, 0x0, 0x7, 0xff, 0xf0, 0x0, 0xff, 0xff,
    0x0, 0x0, 0x1, 0xff, 0xfc, 0x0, 0x3f, 0xff,
    0xc0, 0x0, 0x0, 0xff, 0xff, 0x0, 0xf, 0xff,
    0xf0, 0x0, 0x0, 0x3f, 0xff, 0xc0, 0x1, 0xff,
    0xfe, 0x0, 0x0, 0xf, 0xff, 0xe0, 0x0, 0x7f,
    0xff, 0x80, 0x0, 0x3, 0xff, 0xf8, 0x0, 0x1f,
    0xff, 0xe0, 0x0, 0x1, 0xff, 0xfe, 0x0, 0x3,
    0xff, 0xf8, 0x0, 0x0, 0x7f, 0xff, 0x0, 0x0,
    0xff, 0xff, 0x0, 0x0, 0x1f, 0xff, 0xc0, 0x0,
    0x3f, 0xff, 0xc0, 0x0, 0x7, 0xff, 0xf0, 0x0,
    0xf, 0xff, 0xf0, 0x0, 0x3, 0xff, 0xfc, 0x0,
    0x1, 0xff, 0xfc, 0x0, 0x0, 0xff, 0xfe, 0x0,
    0x0, 0x7f, 0xff, 0x0, 0x0, 0x3f, 0xff, 0x80,
    0x0, 0x1f, 0xff, 0xe0, 0x0, 0xf, 0xff, 0xe0,
    0x0, 0x7, 0xff, 0xf8, 0x0, 0x3, 0xff, 0xf8,
    0x0, 0x0, 0xff, 0xfe, 0x0, 0x1, 0xff, 0xfc,
    0x0, 0x0, 0x3f, 0xff, 0x80, 0x0, 0x7f, 0xff,
    0x0, 0x0, 0xf, 0xff, 0xf0, 0x0, 0x1f, 0xff,
    0xc0, 0x0, 0x1, 0xff, 0xfc, 0x0, 0x7, 0xff,
    0xe0, 0x0, 0x0, 0x7f, 0xff, 0x0, 0x3, 0xff,
    0xf8, 0x0, 0x0, 0x1f, 0xff, 0xc0, 0x0, 0xff,
    0xfe, 0x0, 0x0, 0x7, 0xff, 0xf8, 0x0, 0x3f,
    0xff, 0x80, 0x0, 0x0, 0xff, 0xfe, 0x0, 0xf,
    0xff, 0xc0, 0x0, 0x0, 0x3f, 0xff, 0x80, 0x7,
    0xff, 0xf0, 0x0, 0x0, 0xf, 0xff, 0xe0, 0x1,
    0xff, 0xfc, 0x0, 0x0, 0x1, 0xff, 0xf8, 0x0,
    0x7f, 0xfe, 0x0, 0x0, 0x0, 0x7f, 0xff, 0x0,
    0x1f, 0xff, 0x80, 0x0, 0x0, 0x1f, 0xff, 0xc0,
    0xf, 0xff, 0xe0, 0x0, 0x0, 0x7, 0xff, 0xf0,
    0x3, 0xff, 0xf8, 0x0, 0x0, 0x0, 0xff, 0xfc,
    0x0, 0xff, 0xfc, 0x0, 0x0, 0x0, 0x3f, 0xff,
    0x80, 0x3f, 0xff, 0x0, 0x0, 0x0, 0xf, 0xff,
    0xe0, 0x1f, 0xff, 0xc0, 0x0, 0x0, 0x3, 0xff,
    0xf8, 0x7, 0xff, 0xf0, 0x0, 0x0, 0x0, 0x7f,
    0xfe, 0x1, 0xff, 0xf8, 0x0, 0x0, 0x0, 0x1f,
    0xff, 0xc0, 0x7f, 0xfe, 0x0, 0x0, 0x0, 0x7,
    0xff, 0xf0, 0x1f, 0xff, 0x80, 0x0, 0x0, 0x0,
    0xff, 0xfc, 0xf, 0xff, 0xc0, 0x0, 0x0, 0x0,
    0x3f, 0xff, 0x3, 0xff, 0xf0, 0x0, 0x0, 0x0,
    0xf, 0xff, 0xc0, 0xff, 0xfc, 0x0, 0x0, 0x0,
    0x3, 0xff, 0xf8, 0x3f, 0xff, 0x0, 0x0, 0x0,
    0x0, 0x7f, 0xfe, 0x1f, 0xff, 0x80, 0x0, 0x0,
    0x0, 0x1f, 0xff, 0x87, 0xff, 0xe0, 0x0, 0x0,
    0x0, 0x7, 0xff, 0xe1, 0xff, 0xf8, 0x0, 0x0,
    0x0, 0x1, 0xff, 0xfc, 0x7f, 0xfc, 0x0, 0x0,
    0x0, 0x0, 0x3f, 0xff, 0x3f, 0xff, 0x0, 0x0,
    0x0, 0x0, 0xf, 0xff, 0xcf, 0xff, 0xc0, 0x0,
    0x0, 0x0, 0x3, 0xff, 0xf3, 0xff, 0xf0, 0x0,
    0x0, 0x0, 0x0, 0x7f, 0xfe, 0xff, 0xf8, 0x0,
    0x0, 0x0, 0x0, 0x1f, 0xff, 0xff, 0xfe, 0x0,
    0x0, 0x0, 0x0, 0x7, 0xff, 0xff, 0xff, 0x80,
    0x0, 0x0, 0x0, 0x1, 0xff, 0xff, 0xff, 0xc0,
    0x0, 0x0, 0x0, 0x0, 0x3f, 0xff, 0xff, 0xf0,
    0x0, 0x0, 0x0, 0x0, 0xf, 0xff, 0xff, 0xfc,
    0x0, 0x0, 0x0, 0x0, 0x3, 0xff, 0xff, 0xff,
    0x0, 0x0, 0x0, 0x0, 0x0, 0x7f, 0xff, 0xff,
    0x80, 0x0, 0x0, 0x0, 0x0, 0x1f, 0xff, 0xff,
    0xe0, 0x0, 0x0, 0x0, 0x0, 0x7, 0xff, 0xff,
    0xf8, 0x0, 0x0, 0x0, 0x0, 0x1, 0xff, 0xff,
    0xfe, 0x0, 0x0, 0x0, 0x0, 0x0, 0x3f, 0xff,
    0xff, 0x0, 0x0, 0x0, 0x0, 0x0, 0xf, 0xff,
    0xff, 0xc0, 0x0, 0x0, 0x0, 0x0, 0x3, 0xff,
    0xff, 0xf0, 0x0, 0x0, 0x0, 0x0, 0x0, 0xff,
    0xff, 0xf8, 0x0, 0x0, 0x0, 0x0, 0x0, 0x1f,
    0xff, 0xfe, 0x0, 0x0, 0x0, 0x0, 0x0, 0x7,
    0xff, 0xff, 0x80, 0x0, 0x0, 0x0, 0x0, 0x1,
    0xff, 0xff, 0xe0, 0x0, 0x0, 0x0, 0x0, 0x0,
    0x3f, 0xff, 0xf0, 0x0, 0x0, 0x0, 0x0, 0x0,
    0xf, 0xff, 0xfc, 0x0, 0x0, 0x0, 0x0, 0x0,
    0x3, 0xff, 0xff, 0x0, 0x0, 0x0, 0x0, 0x0,
    0x0, 0xff, 0xff, 0x80, 0x0, 0x0, 0x0, 0x0,
    0x0, 0x1f, 0xff, 0xe0, 0x0, 0x0, 0x0, 0x0,
    0x0, 0x7, 0xff, 0xf8, 0x0, 0x0, 0x0, 0x0,
    0x0, 0x1, 0xff, 0xfe, 0x0, 0x0, 0x0,

    /* U+0057 "W" */
    0xff, 0xff, 0x80, 0x0, 0x1, 0xff, 0xff, 0x0,
    0x0, 0x0, 0xff, 0xfe, 0xff, 0xff, 0x80, 0x0,
    0x1, 0xff, 0xff, 0x0, 0x0, 0x1, 0xff, 0xfe,
    0xff, 0xff, 0x80, 0x0, 0x1, 0xff, 0xff, 0x0,
    0x0, 0x1, 0xff, 0xfe, 0xff, 0xff, 0x80, 0x0,
    0x1, 0xff, 0xff, 0x0, 0x0, 0x1, 0xff, 0xfe,
    0x7f, 0xff, 0x80, 0x0, 0x3, 0xff, 0xff, 0x80,
    0x0, 0x1, 0xff, 0xfe, 0x7f, 0xff, 0x80, 0x0,
    0x3, 0xff, 0xff, 0x80, 0x0, 0x1, 0xff, 0xfc,
    0x7f, 0xff, 0xc0, 0x0, 0x3, 0xff, 0xff, 0x80,
    0x0, 0x3, 0xff, 0xfc, 0x7f, 0xff, 0xc0, 0x0,
    0x3, 0xff, 0xff, 0x80, 0x0, 0x3, 0xff, 0xfc,
    0x3f, 0xff, 0xc0, 0x0, 0x3, 0xff, 0xff, 0x80,
    0x0, 0x3, 0xff, 0xfc, 0x3f, 0xff, 0xc0, 0x0,
    0x3, 0xff, 0xff, 0x80, 0x0, 0x3, 0xff, 0xf8,
    0x3f, 0xff, 0xc0, 0x0, 0x7, 0xff, 0xff, 0xc0,
    0x0, 0x3, 0xff, 0xf8, 0x3f, 0xff, 0xe0, 0x0,
    0x7, 0xff, 0xff, 0xc0, 0x0, 0x7, 0xff, 0xf8,
    0x1f, 0xff, 0xe0, 0x0, 0x7, 0xff, 0xff, 0xc0,
    0x0, 0x7, 0xff, 0xf8, 0x1f, 0xff, 0xe0, 0x0,
    0x7, 0xff, 0xff, 0xc0, 0x0, 0x7, 0xff, 0xf0,
    0x1f, 0xff, 0xe0, 0x0, 0x7, 0xff, 0xff, 0xc0,
    0x0, 0x7, 0xff, 0xf0, 0x1f, 0xff, 0xe0, 0x0,
    0x7, 0xff, 0xff, 0xe0, 0x0, 0x7, 0xff, 0xf0,
    0x1f, 0xff, 0xf0, 0x0, 0xf, 0xff, 0xff, 0xe0,
    0x0, 0xf, 0xff, 0xf0, 0xf, 0xff, 0xf0, 0x0,
    0xf, 0xff, 0xff, 0xe0, 0x0, 0xf, 0xff, 0xf0,
    0xf, 0xff, 0xf0, 0x0, 0xf, 0xff, 0xff, 0xe0,
    0x0, 0xf, 0xff, 0xe0, 0xf, 0xff, 0xf0, 0x0,
    0xf, 0xff, 0xff, 0xe0, 0x0, 0xf, 0xff, 0xe0,
    0xf, 0xff, 0xf0, 0x0, 0xf, 0xfe, 0xff, 0xe0,
    0x0, 0xf, 0xff, 0xe0, 0x7, 0xff, 0xf8, 0x0,
    0xf, 0xfe, 0xff, 0xf0, 0x0, 0xf, 0xff, 0xe0,
    0x7, 0xff, 0xf8, 0x0, 0x1f, 0xfe, 0xff, 0xf0,
    0x0, 0x1f, 0xff, 0xc0, 0x7, 0xff, 0xf8, 0x0,
    0x1f, 0xfe, 0xff, 0xf0, 0x0, 0x1f, 0xff, 0xc0,
    0x7, 0xff, 0xf8, 0x0, 0x1f, 0xfe, 0xff, 0xf0,
    0x0, 0x1f, 0xff, 0xc0, 0x3, 0xff, 0xf8, 0x0,
    0x1f, 0xfe, 0xff, 0xf0, 0x0, 0x1f, 0xff, 0xc0,
    0x3, 0xff, 0xf8, 0x0, 0x1f, 0xfe, 0xff, 0xf0,
    0x0, 0x1f, 0xff, 0x80, 0x3, 0xff, 0xfc, 0x0,
    0x1f, 0xfc, 0x7f, 0xf8, 0x0, 0x3f, 0xff, 0x80,
    0x3, 0xff, 0xfc, 0x0, 0x3f, 0xfc, 0x7f, 0xf8,
    0x0, 0x3f, 0xff, 0x80, 0x3, 0xff, 0xfc, 0x0,
    0x3f, 0xfc, 0x7f, 0xf8, 0x0, 0x3f, 0xff, 0x80,
    0x1, 0xff, 0xfc, 0x0, 0x3f, 0xfc, 0x7f, 0xf8,
    0x0, 0x3f, 0xff, 0x80, 0x1, 0xff, 0xfc, 0x0,
    0x3f, 0xfc, 0x7f, 0xf8, 0x0, 0x3f, 0xff, 0x0,
    0x1, 0xff, 0xfe, 0x0, 0x3f, 0xfc, 0x7f, 0xf8,
    0x0, 0x7f, 0xff, 0x0, 0x1, 0xff, 0xfe, 0x0,
    0x3f, 0xfc, 0x7f, 0xfc, 0x0, 0x7f, 0xff, 0x0,
    0x0, 0xff, 0xfe, 0x0, 0x3f, 0xf8, 0x3f, 0xfc,
    0x0, 0x7f, 0xff, 0x0, 0x0, 0xff, 0xfe, 0x0,
    0x7f, 0xf8, 0x3f, 0xfc, 0x0, 0x7f, 0xfe, 0x0,
    0x0, 0xff, 0xfe, 0x0, 0x7f, 0xf8, 0x3f, 0xfc,
    0x0, 0x7f, 0xfe, 0x0, 0x0, 0xff, 0xff, 0x0,
    0x7f, 0xf8, 0x3f, 0xfc, 0x0, 0xff, 0xfe, 0x0,
    0x0, 0x7f, 0xff, 0x0, 0x7f, 0xf8, 0x3f, 0xfe,
    0x0, 0xff, 0xfe, 0x0, 0x0, 0x7f, 0xff, 0x0,
    0x7f, 0xf8, 0x3f, 0xfe, 0x0, 0xff, 0xfc, 0x0,
    0x0, 0x7f, 0xff, 0x0, 0x7f, 0xf0, 0x1f, 0xfe,
    0x0, 0xff, 0xfc, 0x0, 0x0, 0x7f, 0xff, 0x0,
    0xff, 0xf0, 0x1f, 0xfe, 0x0, 0xff, 0xfc, 0x0,
    0x0, 0x7f, 0xff, 0x0, 0xff, 0xf0, 0x1f, 0xfe,
    0x1, 0xff, 0xfc, 0x0, 0x0, 0x3f, 0xff, 0x80,
    0xff, 0xf0, 0x1f, 0xfe, 0x1, 0xff, 0xfc, 0x0,
    0x0, 0x3f, 0xff, 0x80, 0xff, 0xf0, 0x1f, 0xff,
    0x1, 0xff, 0xf8, 0x0, 0x0, 0x3f, 0xff, 0x80,
    0xff, 0xf0, 0x1f, 0xff, 0x1, 0xff, 0xf8, 0x0,
    0x0, 0x3f, 0xff, 0x80, 0xff, 0xe0, 0x1f, 0xff,
    0x1, 0xff, 0xf8, 0x0, 0x0, 0x1f, 0xff, 0x81,
    0xff, 0xe0, 0xf, 0xff, 0x1, 0xff, 0xf8, 0x0,
    0x0, 0x1f, 0xff, 0xc1, 0xff, 0xe0, 0xf, 0xff,
    0x3, 0xff, 0xf0, 0x0, 0x0, 0x1f, 0xff, 0xc1,
    0xff, 0xe0, 0xf, 0xff, 0x3, 0xff, 0xf0, 0x0,
    0x0, 0x1f, 0xff, 0xc1, 0xff, 0xe0, 0xf, 0xff,
    0x83, 0xff, 0xf0, 0x0, 0x0, 0xf, 0xff, 0xc1,
    0xff, 0xe0, 0xf, 0xff, 0x83, 0xff, 0xf0, 0x0,
    0x0, 0xf, 0xff, 0xc1, 0xff, 0xc0, 0xf, 0xff,
    0x83, 0xff, 0xe0, 0x0, 0x0, 0xf, 0xff, 0xc1,
    0xff, 0xc0, 0x7, 0xff, 0x83, 0xff, 0xe0, 0x0,
    0x0, 0xf, 0xff, 0xe3, 0xff, 0xc0, 0x7, 0xff,
    0x87, 0xff, 0xe0, 0x0, 0x0, 0xf, 0xff, 0xe3,
    0xff, 0xc0, 0x7, 0xff, 0x87, 0xff, 0xe0, 0x0,
    0x0, 0x7, 0xff, 0xe3, 0xff, 0xc0, 0x7, 0xff,
    0xc7, 0xff, 0xe0, 0x0, 0x0, 0x7, 0xff, 0xe3,
    0xff, 0xc0, 0x7, 0xff, 0xc7, 0xff, 0xc0, 0x0,
    0x0, 0x7, 0xff, 0xe3, 0xff, 0x80, 0x7, 0xff,
    0xc7, 0xff, 0xc0, 0x0, 0x0, 0x7, 0xff, 0xe3,
    0xff, 0x80, 0x3, 0xff, 0xc7, 0xff, 0xc0, 0x0,
    0x0, 0x3, 0xff, 0xf7, 0xff, 0x80, 0x3, 0xff,
    0xcf, 0xff, 0xc0, 0x0, 0x0, 0x3, 0xff, 0xf7,
    0xff, 0x80, 0x3, 0xff, 0xcf, 0xff, 0x80, 0x0,
    0x0, 0x3, 0xff, 0xf7, 0xff, 0x80, 0x3, 0xff,
    0xcf, 0xff, 0x80, 0x0, 0x0, 0x3, 0xff, 0xf7,
    0xff, 0x80, 0x3, 0xff, 0xef, 0xff, 0x80, 0x0,
    0x0, 0x1, 0xff, 0xf7, 0xff, 0x0, 0x3, 0xff,
    0xef, 0xff, 0x80, 0x0, 0x0, 0x1, 0xff, 0xf7,
    0xff, 0x0, 0x1, 0xff, 0xef, 0xff, 0x0, 0x0,
    0x0, 0x1, 0xff, 0xf7, 0xff, 0x0, 0x1, 0xff,
    0xff, 0xff, 0x0, 0x0, 0x0, 0x1, 0xff, 0xff,
    0xff, 0x0, 0x1, 0xff, 0xff, 0xff, 0x0, 0x0,
    0x0, 0x1, 0xff, 0xff, 0xff, 0x0, 0x1, 0xff,
    0xff, 0xff, 0x0, 0x0, 0x0, 0x0, 0xff, 0xff,
    0xff, 0x0, 0x1, 0xff, 0xff, 0xfe, 0x0, 0x0,
    0x0, 0x0, 0xff, 0xff, 0xfe, 0x0, 0x1, 0xff,
    0xff, 0xfe, 0x0, 0x0, 0x0, 0x0, 0xff, 0xff,
    0xfe, 0x0, 0x0, 0xff, 0xff, 0xfe, 0x0, 0x0,
    0x0, 0x0, 0xff, 0xff, 0xfe, 0x0, 0x0, 0xff,
    0xff, 0xfe, 0x0, 0x0, 0x0, 0x0, 0x7f, 0xff,
    0xfe, 0x0, 0x0, 0xff, 0xff, 0xfe, 0x0, 0x0,
    0x0, 0x0, 0x7f, 0xff, 0xfe, 0x0, 0x0, 0xff,
    0xff, 0xfc, 0x0, 0x0, 0x0, 0x0, 0x7f, 0xff,
    0xfe, 0x0, 0x0, 0xff, 0xff, 0xfc, 0x0, 0x0,
    0x0, 0x0, 0x7f, 0xff, 0xfc, 0x0, 0x0, 0x7f,
    0xff, 0xfc, 0x0, 0x0, 0x0, 0x0, 0x3f, 0xff,
    0xfc, 0x0, 0x0, 0x7f, 0xff, 0xfc, 0x0, 0x0,
    0x0, 0x0, 0x3f, 0xff, 0xfc, 0x0, 0x0, 0x7f,
    0xff, 0xf8, 0x0, 0x0, 0x0, 0x0, 0x3f, 0xff,
    0xfc, 0x0, 0x0, 0x7f, 0xff, 0xf8, 0x0, 0x0,
    0x0, 0x0, 0x3f, 0xff, 0xfc, 0x0, 0x0, 0x7f,
    0xff, 0xf8, 0x0, 0x0, 0x0, 0x0, 0x3f, 0xff,
    0xf8, 0x0, 0x0, 0x7f, 0xff, 0xf8, 0x0, 0x0,
    0x0, 0x0, 0x1f, 0xff, 0xf8, 0x0, 0x0, 0x3f,
    0xff, 0xf0, 0x0, 0x0, 0x0, 0x0, 0x1f, 0xff,
    0xf8, 0x0, 0x0, 0x3f, 0xff, 0xf0, 0x0, 0x0,
    0x0, 0x0, 0x1f, 0xff, 0xf8, 0x0, 0x0, 0x3f,
    0xff, 0xf0, 0x0, 0x0, 0x0, 0x0, 0x1f, 0xff,
    0xf8, 0x0, 0x0, 0x3f, 0xff, 0xf0, 0x0, 0x0,
    0x0, 0x0, 0xf, 0xff, 0xf8, 0x0, 0x0, 0x3f,
    0xff, 0xf0, 0x0, 0x0, 0x0, 0x0, 0xf, 0xff,
    0xf0, 0x0, 0x0, 0x3f, 0xff, 0xe0, 0x0, 0x0,
    0x0, 0x0, 0xf, 0xff, 0xf0, 0x0, 0x0, 0x1f,
    0xff, 0xe0, 0x0, 0x0, 0x0, 0x0, 0xf, 0xff,
    0xf0, 0x0, 0x0, 0x1f, 0xff, 0xe0, 0x0, 0x0,
    0x0, 0x0, 0x7, 0xff, 0xf0, 0x0, 0x0, 0x1f,
    0xff, 0xe0, 0x0, 0x0, 0x0, 0x0, 0x7, 0xff,
    0xf0, 0x0, 0x0, 0x1f, 0xff, 0xc0, 0x0, 0x0,

    /* U+0058 "X" */
    0x7f, 0xff, 0xf0, 0x0, 0x0, 0x1, 0xff, 0xff,
    0x8f, 0xff, 0xfc, 0x0, 0x0, 0x0, 0xff, 0xff,
    0xc3, 0xff, 0xff, 0x80, 0x0, 0x0, 0x3f, 0xff,
    0xf0, 0x7f, 0xff, 0xe0, 0x0, 0x0, 0x1f, 0xff,
    0xf8, 0x1f, 0xff, 0xfc, 0x0, 0x0, 0x7, 0xff,
    0xfe, 0x3, 0xff, 0xff, 0x0, 0x0, 0x3, 0xff,
    0xff, 0x0, 0xff, 0xff, 0xe0, 0x0, 0x0, 0xff,
    0xff, 0xc0, 0x1f, 0xff, 0xf8, 0x0, 0x0, 0x7f,
    0xff, 0xe0, 0x7, 0xff, 0xfe, 0x0, 0x0, 0x1f,
    0xff, 0xf8, 0x0, 0xff, 0xff, 0xc0, 0x0, 0xf,
    0xff, 0xfc, 0x0, 0x3f, 0xff, 0xf0, 0x0, 0x3,
    0xff, 0xff, 0x0, 0x7, 0xff, 0xfe, 0x0, 0x1,
    0xff, 0xff, 0x80, 0x1, 0xff, 0xff, 0x80, 0x0,
    0x7f, 0xff, 0xe0, 0x0, 0x3f, 0xff, 0xf0, 0x0,
    0x1f, 0xff, 0xf0, 0x0, 0xf, 0xff, 0xfc, 0x0,
    0xf, 0xff, 0xf8, 0x0, 0x1, 0xff, 0xff, 0x80,
    0x3, 0xff, 0xfe, 0x0, 0x0, 0x7f, 0xff, 0xe0,
    0x1, 0xff, 0xff, 0x0, 0x0, 0xf, 0xff, 0xfc,
    0x0, 0x7f, 0xff, 0xc0, 0x0, 0x3, 0xff, 0xff,
    0x0, 0x3f, 0xff, 0xe0, 0x0, 0x0, 0x7f, 0xff,
    0xc0, 0xf, 0xff, 0xf8, 0x0, 0x0, 0x1f, 0xff,
    0xf8, 0x7, 0xff, 0xfc, 0x0, 0x0, 0x3, 0xff,
    0xfe, 0x1, 0xff, 0xff, 0x0, 0x0, 0x0, 0xff,
    0xff, 0xc0, 0xff, 0xff, 0x80, 0x0, 0x0, 0x1f,
    0xff, 0xf0, 0x3f, 0xff, 0xe0, 0x0, 0x0, 0x7,
    0xff, 0xfe, 0x1f, 0xff, 0xf0, 0x0, 0x0, 0x0,
    0xff, 0xff, 0x87, 0xff, 0xfc, 0x0, 0x0, 0x0,
    0x3f, 0xff, 0xf1, 0xff, 0xfe, 0x0, 0x0, 0x0,
    0x7, 0xff, 0xfc, 0xff, 0xff, 0x80, 0x0, 0x0,
    0x1, 0xff, 0xff, 0xbf, 0xff, 0xc0, 0x0, 0x0,
    0x0, 0x3f, 0xff, 0xff, 0xff, 0xf0, 0x0, 0x0,
    0x0, 0xf, 0xff, 0xff, 0xff, 0xf8, 0x0, 0x0,
    0x0, 0x1, 0xff, 0xff, 0xff, 0xfe, 0x0, 0x0,
    0x0, 0x0, 0x7f, 0xff, 0xff, 0xff, 0x0, 0x0,
    0x0, 0x0, 0xf, 0xff, 0xff, 0xff, 0xc0, 0x0,
    0x0, 0x0, 0x3, 0xff, 0xff, 0xff, 0xe0, 0x0,
    0x0, 0x0, 0x0, 0x7f, 0xff, 0xff, 0xf0, 0x0,
    0x0, 0x0, 0x0, 0xf, 0xff, 0xff, 0xfc, 0x0,
    0x0, 0x0, 0x0, 0x3, 0xff, 0xff, 0xfe, 0x0,
    0x0, 0x0, 0x0, 0x0, 0x7f, 0xff, 0xff, 0x80,
    0x0, 0x0, 0x0, 0x0, 0x1f, 0xff, 0xff, 0xc0,
    0x0, 0x0, 0x0, 0x0, 0x3, 0xff, 0xff, 0xf0,
    0x0, 0x0, 0x0, 0x0, 0x0, 0xff, 0xff, 0xf8,
    0x0, 0x0, 0x0, 0x0, 0x0, 0x1f, 0xff, 0xfe,
    0x0, 0x0, 0x0, 0x0, 0x0, 0x7, 0xff, 0xff,
    0x0, 0x0, 0x0, 0x0, 0x0, 0x0, 0xff, 0xff,
    0xc0, 0x0, 0x0, 0x0, 0x0, 0x0, 0x3f, 0xff,
    0xf8, 0x0, 0x0, 0x0, 0x0, 0x0, 0x1f, 0xff,
    0xfe, 0x0, 0x0, 0x0, 0x0, 0x0, 0x7, 0xff,
    0xff, 0xc0, 0x0, 0x0, 0x0, 0x0, 0x3, 0xff,
    0xff, 0xf0, 0x0, 0x0, 0x0, 0x0, 0x0, 0xff,
    0xff, 0xfe, 0x0, 0x0, 0x0, 0x0, 0x0, 0x7f,
    0xff, 0xff, 0x80, 0x0, 0x0, 0x0, 0x0, 0x3f,
    0xff, 0xff, 0xf0, 0x0, 0x0, 0x0, 0x0, 0xf,
    0xff, 0xff, 0xfc, 0x0, 0x0, 0x0, 0x0, 0x7,
    0xff, 0xff, 0xff, 0x80, 0x0, 0x0, 0x0, 0x1,
    0xff, 0xff, 0xff, 0xe0, 0x0, 0x0, 0x0, 0x0,
    0xff, 0xff, 0xff, 0xfc, 0x0, 0x0, 0x0, 0x0,
    0x3f, 0xff, 0xff, 0xff, 0x0, 0x0, 0x0, 0x0,
    0x1f, 0xff, 0xff, 0xff, 0xe0, 0x0, 0x0, 0x0,
    0x7, 0xff, 0xff, 0xff, 0xf8, 0x0, 0x0, 0x0,
    0x3, 0xff, 0xff, 0xff, 0xff, 0x0, 0x0, 0x0,
    0x0, 0xff, 0xff, 0xff, 0xff, 0xc0, 0x0, 0x0,
    0x0, 0x7f, 0xff, 0xff, 0xff, 0xf8, 0x0, 0x0,
    0x0, 0x1f, 0xff, 0xf3, 0xff, 0xfe, 0x0, 0x0,
    0x0, 0xf, 0xff, 0xfc, 0xff, 0xff, 0xc0, 0x0,
    0x0, 0x3, 0xff, 0xfe, 0x1f, 0xff, 0xf0, 0x0,
    0x0, 0x1, 0xff, 0xff, 0x87, 0xff, 0xfe, 0x0,
    0x0, 0x0, 0x7f, 0xff, 0xc0, 0xff, 0xff, 0x80,
    0x0, 0x0, 0x3f, 0xff, 0xf0, 0x3f, 0xff, 0xf0,
    0x0, 0x0, 0xf, 0xff, 0xf8, 0x7, 0xff, 0xfc,
    0x0, 0x0, 0x7, 0xff, 0xfe, 0x1, 0xff, 0xff,
    0x80, 0x0, 0x1, 0xff, 0xff, 0x0, 0x3f, 0xff,
    0xe0, 0x0, 0x0, 0xff, 0xff, 0xc0, 0xf, 0xff,
    0xfc, 0x0, 0x0, 0x3f, 0xff, 0xe0, 0x3, 0xff,
    0xff, 0x0, 0x0, 0x1f, 0xff, 0xf8, 0x0, 0x7f,
    0xff, 0xe0, 0x0, 0x7, 0xff, 0xfc, 0x0, 0x1f,
    0xff, 0xf8, 0x0, 0x3, 0xff, 0xff, 0x0, 0x3,
    0xff, 0xff, 0x0, 0x0, 0xff, 0xff, 0x80, 0x0,
    0xff, 0xff, 0xe0, 0x0, 0x7f, 0xff, 0xe0, 0x0,
    0x1f, 0xff, 0xf8, 0x0, 0x1f, 0xff, 0xf0, 0x0,
    0x7, 0xff, 0xff, 0x0, 0xf, 0xff, 0xfc, 0x0,
    0x0, 0xff, 0xff, 0xc0, 0x7, 0xff, 0xfe, 0x0,
    0x0, 0x3f, 0xff, 0xf8, 0x1, 0xff, 0xff, 0x80,
    0x0, 0x7, 0xff, 0xfe, 0x0, 0xff, 0xff, 0xc0,
    0x0, 0x1, 0xff, 0xff, 0xc0, 0x3f, 0xff, 0xf0,
    0x0, 0x0, 0x3f, 0xff, 0xf0, 0x1f, 0xff, 0xf8,
    0x0, 0x0, 0xf, 0xff, 0xfe, 0x7, 0xff, 0xfe,
    0x0, 0x0, 0x3, 0xff, 0xff, 0x83, 0xff, 0xff,
    0x80, 0x0, 0x0, 0x7f, 0xff, 0xf0, 0xff, 0xff,
    0xc0, 0x0, 0x0, 0x1f, 0xff, 0xfc, 0x7f, 0xff,
    0xf0, 0x0, 0x0, 0x3, 0xff, 0xff, 0x9f, 0xff,
    0xf8, 0x0, 0x0, 0x0, 0xff, 0xff, 0xef, 0xff,
    0xfe, 0x0, 0x0, 0x0, 0x1f, 0xff, 0xff, 0xff,
    0xff, 0x0, 0x0, 0x0, 0x7, 0xff, 0xff,

    /* U+0059 "Y" */
    0xff, 0xff, 0xe0, 0x0, 0x0, 0x0, 0x7f, 0xff,
    0xef, 0xff, 0xfc, 0x0, 0x0, 0x0, 0xf, 0xff,
    0xf9, 0xff, 0xff, 0xc0, 0x0, 0x0, 0x3, 0xff,
    0xff, 0x1f, 0xff, 0xf8, 0x0, 0x0, 0x0, 0x7f,
    0xff, 0xe3, 0xff, 0xff, 0x0, 0x0, 0x0, 0xf,
    0xff, 0xf8, 0x3f, 0xff, 0xf0, 0x0, 0x0, 0x3,
    0xff, 0xff, 0x7, 0xff, 0xfe, 0x0, 0x0, 0x0,
    0x7f, 0xff, 0xc0, 0xff, 0xff, 0xe0, 0x0, 0x0,
    0x1f, 0xff, 0xf8, 0xf, 0xff, 0xfc, 0x0, 0x0,
    0x3, 0xff, 0xfe, 0x1, 0xff, 0xff, 0x80, 0x0,
    0x0, 0x7f, 0xff, 0xc0, 0x1f, 0xff, 0xf8, 0x0,
    0x0, 0x1f, 0xff, 0xf8, 0x3, 0xff, 0xff, 0x0,
    0x0, 0x3, 0xff, 0xfe, 0x0, 0x3f, 0xff, 0xf0,
    0x0, 0x0, 0x7f, 0xff, 0xc0, 0x7, 0xff, 0xfe,
    0x0, 0x0, 0x1f, 0xff, 0xf0, 0x0, 0x7f, 0xff,
    0xc0, 0x0, 0x3, 0xff, 0xfe, 0x0, 0xf, 0xff,
    0xfc, 0x0, 0x0, 0xff, 0xff, 0x80, 0x1, 0xff,
    0xff, 0x80, 0x0, 0x1f, 0xff, 0xf0, 0x0, 0x1f,
    0xff, 0xf0, 0x0, 0x3, 0xff, 0xfc, 0x0, 0x3,
    0xff, 0xff, 0x0, 0x0, 0xff, 0xff, 0x80, 0x0,
    0x3f, 0xff, 0xe0, 0x0, 0x1f, 0xff, 0xf0, 0x0,
    0x7, 0xff, 0xfe, 0x0, 0x3, 0xff, 0xfc, 0x0,
    0x0, 0x7f, 0xff, 0xc0, 0x0, 0xff, 0xff, 0x80,
    0x0, 0xf, 0xff, 0xf8, 0x0, 0x1f, 0xff, 0xe0,
    0x0, 0x0, 0xff, 0xff, 0x80, 0x7, 0xff, 0xfc,
    0x0, 0x0, 0x1f, 0xff, 0xf0, 0x0, 0xff, 0xff,
    0x0, 0x0, 0x1, 0xff, 0xff, 0x0, 0x1f, 0xff,
    0xe0, 0x0, 0x0, 0x3f, 0xff, 0xe0, 0x7, 0xff,
    0xfc, 0x0, 0x0, 0x7, 0xff, 0xfc, 0x0, 0xff,
    0xff, 0x0, 0x0, 0x0, 0x7f, 0xff, 0xc0, 0x1f,
    0xff, 0xe0, 0x0, 0x0, 0xf, 0xff, 0xf8, 0x7,
    0xff, 0xf8, 0x0, 0x0, 0x0, 0xff, 0xff, 0x80,
    0xff, 0xff, 0x0, 0x0, 0x0, 0x1f, 0xff, 0xf0,
    0x3f, 0xff, 0xc0, 0x0, 0x0, 0x1, 0xff, 0xfe,
    0x7, 0xff, 0xf8, 0x0, 0x0, 0x0, 0x3f, 0xff,
    0xe0, 0xff, 0xfe, 0x0, 0x0, 0x0, 0x3, 0xff,
    0xfc, 0x3f, 0xff, 0xc0, 0x0, 0x0, 0x0, 0x7f,
    0xff, 0xc7, 0xff, 0xf8, 0x0, 0x0, 0x0, 0x7,
    0xff, 0xf8, 0xff, 0xfe, 0x0, 0x0, 0x0, 0x0,
    0xff, 0xff, 0x3f, 0xff, 0xc0, 0x0, 0x0, 0x0,
    0x1f, 0xff, 0xf7, 0xff, 0xf0, 0x0, 0x0, 0x0,
    0x1, 0xff, 0xfe, 0xff, 0xfe, 0x0, 0x0, 0x0,
    0x0, 0x3f, 0xff, 0xff, 0xff, 0x80, 0x0, 0x0,
    0x0, 0x3, 0xff, 0xff, 0xff, 0xf0, 0x0, 0x0,
    0x0, 0x0, 0x7f, 0xff, 0xff, 0xfe, 0x0, 0x0,
    0x0, 0x0, 0x7, 0xff, 0xff, 0xff, 0x80, 0x0,
    0x0, 0x0, 0x0, 0xff, 0xff, 0xff, 0xf0, 0x0,
    0x0, 0x0, 0x0, 0xf, 0xff, 0xff, 0xfc, 0x0,
    0x0, 0x0, 0x0, 0x1, 0xff, 0xff, 0xff, 0x80,
    0x0, 0x0, 0x0, 0x0, 0x1f, 0xff, 0xff, 0xe0,
    0x0, 0x0, 0x0, 0x0, 0x3, 0xff, 0xff, 0xfc,
    0x0, 0x0, 0x0, 0x0, 0x0, 0x7f, 0xff, 0xff,
    0x80, 0x0, 0x0, 0x0, 0x0, 0x7, 0xff, 0xff,
    0xe0, 0x0, 0x0, 0x0, 0x0, 0x0, 0xff, 0xff,
    0xfc, 0x0, 0x0, 0x0, 0x0, 0x0, 0xf, 0xff,
    0xff, 0x0, 0x0, 0x0, 0x0, 0x0, 0x1, 0xff,
    0xff, 0xe0, 0x0, 0x0, 0x0, 0x0, 0x0, 0x1f,
    0xff, 0xf8, 0x0, 0x0, 0x0, 0x0, 0x0, 0x3,
    0xff, 0xff, 0x0, 0x0, 0x0, 0x0, 0x0, 0x0,
    0x3f, 0xff, 0xc0, 0x0, 0x0, 0x0, 0x0, 0x0,
    0x7, 0xff, 0xf8, 0x0, 0x0, 0x0, 0x0, 0x0,
    0x0, 0xff, 0xff, 0x0, 0x0, 0x0, 0x0, 0x0,
    0x0, 0x1f, 0xff, 0xe0, 0x0, 0x0, 0x0, 0x0,
    0x0, 0x3, 0xff, 0xfc, 0x0, 0x0, 0x0, 0x0,
    0x0, 0x0, 0x7f, 0xff, 0x80, 0x0, 0x0, 0x0,
    0x0, 0x0, 0xf, 0xff, 0xf0, 0x0, 0x0, 0x0,
    0x0, 0x0, 0x1, 0xff, 0xfe, 0x0, 0x0, 0x0,
    0x0, 0x0, 0x0, 0x3f, 0xff, 0xc0, 0x0, 0x0,
    0x0, 0x0, 0x0, 0x7, 0xff, 0xf8, 0x0, 0x0,
    0x0, 0x0, 0x0, 0x0, 0xff, 0xff, 0x0, 0x0,
    0x0, 0x0, 0x0, 0x0, 0x1f, 0xff, 0xe0, 0x0,
    0x0, 0x0, 0x0, 0x0, 0x3, 0xff, 0xfc, 0x0,
    0x0, 0x0, 0x0, 0x0, 0x0, 0x7f, 0xff, 0x80,
    0x0, 0x0, 0x0, 0x0, 0x0, 0xf, 0xff, 0xf0,
    0x0, 0x0, 0x0, 0x0, 0x0, 0x1, 0xff, 0xfe,
    0x0, 0x0, 0x0, 0x0, 0x0, 0x0, 0x3f, 0xff,
    0xc0, 0x0, 0x0, 0x0, 0x0, 0x0, 0x7, 0xff,
    0xf8, 0x0, 0x0, 0x0, 0x0, 0x0, 0x0, 0xff,
    0xff, 0x0, 0x0, 0x0, 0x0, 0x0, 0x0, 0x1f,
    0xff, 0xe0, 0x0, 0x0, 0x0, 0x0, 0x0, 0x3,
    0xff, 0xfc, 0x0, 0x0, 0x0, 0x0, 0x0, 0x0,
    0x7f, 0xff, 0x80, 0x0, 0x0, 0x0, 0x0, 0x0,
    0xf, 0xff, 0xf0, 0x0, 0x0, 0x0, 0x0, 0x0,
    0x1, 0xff, 0xfe, 0x0, 0x0, 0x0, 0x0, 0x0,
    0x0, 0x3f, 0xff, 0xc0, 0x0, 0x0, 0x0, 0x0,
    0x0, 0x7, 0xff, 0xf8, 0x0, 0x0, 0x0, 0x0,
    0x0, 0x0, 0xff, 0xff, 0x0, 0x0, 0x0, 0x0,
    0x0, 0x0, 0x1f, 0xff, 0xe0, 0x0, 0x0, 0x0,
    0x0, 0x0, 0x3, 0xff, 0xfc, 0x0, 0x0, 0x0,
    0x0, 0x0, 0x0, 0x7f, 0xff, 0x80, 0x0, 0x0,
    0x0, 0x0, 0x0, 0xf, 0xff, 0xf0, 0x0, 0x0,
    0x0, 0x0, 0x0, 0x1, 0xff, 0xfe, 0x0, 0x0,
    0x0, 0x0, 0x0, 0x0, 0x3f, 0xff, 0xc0, 0x0,
    0x0, 0x0, 0x0, 0x0, 0x7, 0xff, 0xf8, 0x0,
    0x0, 0x0, 0x0, 0x0, 0x0, 0xff, 0xff, 0x0,
    0x0, 0x0, 0x0, 0x0, 0x0, 0x1f, 0xff, 0xe0,
    0x0, 0x0, 0x0,

    /* U+005A "Z" */
    0x7f, 0xff, 0xff, 0xff, 0xff, 0xff, 0xff, 0xef,
    0xff, 0xff, 0xff, 0xff, 0xff, 0xff, 0xfd, 0xff,
    0xff, 0xff, 0xff, 0xff, 0xff, 0xff, 0xbf, 0xff,
    0xff, 0xff, 0xff, 0xff, 0xff, 0xf7, 0xff, 0xff,
    0xff, 0xff, 0xff, 0xff, 0xfe, 0xff, 0xff, 0xff,
    0xff, 0xff, 0xff, 0xff, 0xdf, 0xff, 0xff, 0xff,
    0xff, 0xff, 0xff, 0xfb, 0xff, 0xff, 0xff, 0xff,
    0xff, 0xff, 0xff, 0x7f, 0xff, 0xff, 0xff, 0xff,
    0xff, 0xff, 0xef, 0xff, 0xff, 0xff, 0xff, 0xff,
    0xff, 0xfd, 0xff, 0xff, 0xff, 0xff, 0xff, 0xff,
    0xff, 0xbf, 0xff, 0xff, 0xff, 0xff, 0xff, 0xff,
    0xf7, 0xff, 0xff, 0xff, 0xff, 0xff, 0xff, 0xfe,
    0xff, 0xff, 0xff, 0xff, 0xff, 0xff, 0xff, 0xdf,
    0xff, 0xff, 0xff, 0xff, 0xff, 0xff, 0xfb, 0xff,
    0xff, 0xff, 0xff, 0xff, 0xff, 0xff, 0x0, 0x0,
    0x0, 0x0, 0x1, 0xff, 0xff, 0xc0, 0x0, 0x0,
    0x0, 0x0, 0x7f, 0xff, 0xf0, 0x0, 0x0, 0x0,
    0x0, 0xf, 0xff, 0xfe, 0x0, 0x0, 0x0, 0x0,
    0x3, 0xff, 0xff, 0x80, 0x0, 0x0, 0x0, 0x0,
    0xff, 0xff, 0xe0, 0x0, 0x0, 0x0, 0x0, 0x1f,
    0xff, 0xfc, 0x0, 0x0, 0x0, 0x0, 0x7, 0xff,
    0xff, 0x0, 0x0, 0x0, 0x0, 0x1, 0xff, 0xff,
    0xc0, 0x0, 0x0, 0x0, 0x0, 0x3f, 0xff, 0xf8,
    0x0, 0x0, 0x0, 0x0, 0xf, 0xff, 0xfe, 0x0,
    0x0, 0x0, 0x0, 0x3, 0xff, 0xff, 0x80, 0x0,
    0x0, 0x0, 0x0, 0x7f, 0xff, 0xf0, 0x0, 0x0,
    0x0, 0x0, 0x1f, 0xff, 0xfc, 0x0, 0x0, 0x0,
    0x0, 0x7, 0xff, 0xff, 0x0, 0x0, 0x0, 0x0,
    0x0, 0xff, 0xff, 0xe0, 0x0, 0x0, 0x0, 0x0,
    0x3f, 0xff, 0xf8, 0x0, 0x0, 0x0, 0x0, 0xf,
    0xff, 0xfe, 0x0, 0x0, 0x0, 0x0, 0x1, 0xff,
    0xff, 0xc0, 0x0, 0x0, 0x0, 0x0, 0x7f, 0xff,
    0xf0, 0x0, 0x0, 0x0, 0x0, 0x1f, 0xff, 0xfe,
    0x0, 0x0, 0x0, 0x0, 0x3, 0xff, 0xff, 0x80,
    0x0, 0x0, 0x0, 0x0, 0xff, 0xff, 0xe0, 0x0,
    0x0, 0x0, 0x0, 0x3f, 0xff, 0xfc, 0x0, 0x0,
    0x0, 0x0, 0x7, 0xff, 0xff, 0x0, 0x0, 0x0,
    0x0, 0x1, 0xff, 0xff, 0xc0, 0x0, 0x0, 0x0,
    0x0, 0x3f, 0xff, 0xf8, 0x0, 0x0, 0x0, 0x0,
    0xf, 0xff, 0xfe, 0x0, 0x0, 0x0, 0x0, 0x3,
    0xff, 0xff, 0x80, 0x0, 0x0, 0x0, 0x0, 0x7f,
    0xff, 0xf0, 0x0, 0x0, 0x0, 0x0, 0x1f, 0xff,
    0xfc, 0x0, 0x0, 0x0, 0x0, 0x7, 0xff, 0xff,
    0x0, 0x0, 0x0, 0x0, 0x0, 0xff, 0xff, 0xe0,
    0x0, 0x0, 0x0, 0x0, 0x3f, 0xff, 0xf8, 0x0,
    0x0, 0x0, 0x0, 0xf, 0xff, 0xfe, 0x0, 0x0,
    0x0, 0x0, 0x1, 0xff, 0xff, 0xc0, 0x0, 0x0,
    0x0, 0x0, 0x7f, 0xff, 0xf0, 0x0, 0x0, 0x0,
    0x0, 0x1f, 0xff, 0xfc, 0x0, 0x0, 0x0, 0x0,
    0x3, 0xff, 0xff, 0x80, 0x0, 0x0, 0x0, 0x0,
    0xff, 0xff, 0xe0, 0x0, 0x0, 0x0, 0x0, 0x3f,
    0xff, 0xfc, 0x0, 0x0, 0x0, 0x0, 0x7, 0xff,
    0xff, 0x0, 0x0, 0x0, 0x0, 0x1, 0xff, 0xff,
    0xc0, 0x0, 0x0, 0x0, 0x0, 0x7f, 0xff, 0xf8,
    0x0, 0x0, 0x0, 0x0, 0xf, 0xff, 0xfe, 0x0,
    0x0, 0x0, 0x0, 0x3, 0xff, 0xff, 0x80, 0x0,
    0x0, 0x0, 0x0, 0xff, 0xff, 0xf0, 0x0, 0x0,
    0x0, 0x0, 0x1f, 0xff, 0xfc, 0x0, 0x0, 0x0,
    0x0, 0x7, 0xff, 0xff, 0x0, 0x0, 0x0, 0x0,
    0x1, 0xff, 0xff, 0xe0, 0x0, 0x0, 0x0, 0x0,
    0x3f, 0xff, 0xf8, 0x0, 0x0, 0x0, 0x0, 0xf,
    0xff, 0xfe, 0x0, 0x0, 0x0, 0x0, 0x1, 0xff,
    0xff, 0xc0, 0x0, 0x0, 0x0, 0x0, 0x7f, 0xff,
    0xf0, 0x0, 0x0, 0x0, 0x0, 0x1f, 0xff, 0xfc,
    0x0, 0x0, 0x0, 0x0, 0x3, 0xff, 0xff, 0x80,
    0x0, 0x0, 0x0, 0x0, 0xff, 0xff, 0xe0, 0x0,
    0x0, 0x0, 0x0, 0x3f, 0xff, 0xf8, 0x0, 0x0,
    0x0, 0x0, 0x7, 0xff, 0xff, 0x0, 0x0, 0x0,
    0x0, 0x1, 0xff, 0xff, 0xc0, 0x0, 0x0, 0x0,
    0x0, 0x7f, 0xff, 0xf8, 0x0, 0x0, 0x0, 0x0,
    0xf, 0xff, 0xff, 0xff, 0xff, 0xff, 0xff, 0xff,
    0xff, 0xff, 0xff, 0xff, 0xff, 0xff, 0xff, 0xff,
    0xff, 0xff, 0xff, 0xff, 0xff, 0xff, 0xff, 0xff,
    0xff, 0xff, 0xff, 0xff, 0xff, 0xff, 0xff, 0xff,
    0xff, 0xff, 0xff, 0xff, 0xff, 0xff, 0xff, 0xff,
    0xff, 0xff, 0xff, 0xff, 0xff, 0xff, 0xff, 0xff,
    0xff, 0xff, 0xff, 0xff, 0xff, 0xff, 0xff, 0xff,
    0xff, 0xff, 0xff, 0xff, 0xff, 0xff, 0xff, 0xff,
    0xff, 0xff, 0xff, 0xff, 0xff, 0xff, 0xff, 0xff,
    0xff, 0xff, 0xff, 0xff, 0xff, 0xff, 0xff, 0xff,
    0xff, 0xff, 0xff, 0xff, 0xff, 0xff, 0xff, 0xff,
    0xff, 0xff, 0xff, 0xff, 0xff, 0xff, 0xff, 0xff,
    0xff, 0xff, 0xff, 0xff, 0xff, 0xff, 0xff, 0xff,
    0xff, 0xff, 0xff, 0xff, 0xff, 0xff, 0xff, 0xff,
    0xff, 0xff, 0xff, 0xff, 0xff, 0xff, 0xf0,

    /* U+0061 "a" */
    0x0, 0x0, 0xf, 0xff, 0x0, 0x0, 0x0, 0x0,
    0xf, 0xff, 0xff, 0x80, 0x0, 0x0, 0x7, 0xff,
    0xff, 0xfe, 0x0, 0x0, 0x0, 0xff, 0xff, 0xff,
    0xf8, 0x0, 0x0, 0x3f, 0xff, 0xff, 0xff, 0xc0,
    0x0, 0x7, 0xff, 0xff, 0xff, 0xfe, 0x0, 0x0,
    0xff, 0xff, 0xff, 0xff, 0xf0, 0x0, 0x1f, 0xff,
    0xff, 0xff, 0xff, 0x80, 0x1, 0xff, 0xff, 0xff,
    0xff, 0xfc, 0x0, 0x3f, 0xff, 0xff, 0xff, 0xff,
    0xe0, 0x7, 0xff, 0xff, 0xff, 0xff, 0xfe, 0x0,
    0x7f, 0xff, 0xff, 0xff, 0xff, 0xf0, 0xf, 0xff,
    0xff, 0xff, 0xff, 0xff, 0x0, 0xff, 0xff, 0xff,
    0xff, 0xff, 0xf0, 0xf, 0xff, 0xff, 0xff, 0xff,
    0xff, 0x1, 0xff, 0xff, 0xc0, 0x7f, 0xff, 0xf8,
    0x1f, 0xff, 0xf0, 0x1, 0xff, 0xff, 0x81, 0xff,
    0xfe, 0x0, 0xf, 0xff, 0xf8, 0x1f, 0xff, 0xc0,
    0x0, 0x7f, 0xff, 0x83, 0xff, 0xf8, 0x0, 0x7,
    0xff, 0xf8, 0x3f, 0xff, 0x80, 0x0, 0x3f, 0xff,
    0x83, 0xff, 0xf8, 0x0, 0x3, 0xff, 0xf8, 0x3f,
    0xff, 0x0, 0x0, 0x3f, 0xff, 0x83, 0xff, 0xf0,
    0x0, 0x3, 0xff, 0xf8, 0x0, 0x0, 0x0, 0x0,
    0x3f, 0xff, 0x80, 0x0, 0x0, 0x0, 0x3, 0xff,
    0xf8, 0x0, 0x0, 0x0, 0x0, 0x7f, 0xff, 0x80,
    0x0, 0x0, 0x0, 0xf, 0xff, 0xf8, 0x0, 0x0,
    0x0, 0xf, 0xff, 0xff, 0x80, 0x0, 0x0, 0x1f,
    0xff, 0xff, 0xf8, 0x0, 0x0, 0x3f, 0xff, 0xff,
    0xff, 0x80, 0x0, 0x7f, 0xff, 0xff, 0xff, 0xf8,
    0x0, 0x1f, 0xff, 0xff, 0xff, 0xff, 0x80, 0x7,
    0xff, 0xff, 0xff, 0xff, 0xf8, 0x0, 0xff, 0xff,
    0xff, 0xff, 0xff, 0x80, 0x3f, 0xff, 0xff, 0xff,
    0xff, 0xf8, 0x7, 0xff, 0xff, 0xff, 0xff, 0xff,
    0x80, 0xff, 0xff, 0xff, 0xff, 0xff, 0xf8, 0xf,
    0xff, 0xff, 0xff, 0xbf, 0xff, 0x81, 0xff, 0xff,
    0xff, 0xe3, 0xff, 0xf8, 0x3f, 0xff, 0xff, 0xe0,
    0x3f, 0xff, 0x83, 0xff, 0xff, 0xe0, 0x3, 0xff,
    0xf8, 0x3f, 0xff, 0xf0, 0x0, 0x3f, 0xff, 0x87,
    0xff, 0xfc, 0x0, 0x3, 0xff, 0xf8, 0x7f, 0xff,
    0x80, 0x0, 0x3f, 0xff, 0x87, 0xff, 0xf0, 0x0,
    0x3, 0xff, 0xf8, 0xff, 0xff, 0x0, 0x0, 0x3f,
    0xff, 0x8f, 0xff, 0xe0, 0x0, 0x3, 0xff, 0xf8,
    0xff, 0xfe, 0x0, 0x0, 0x3f, 0xff, 0x8f, 0xff,
    0xe0, 0x0, 0x3, 0xff, 0xf8, 0xff, 0xfe, 0x0,
    0x0, 0x7f, 0xff, 0x8f, 0xff, 0xe0, 0x0, 0x7,
    0xff, 0xf8, 0xff, 0xfe, 0x0, 0x0, 0x7f, 0xff,
    0x8f, 0xff, 0xe0, 0x0, 0xf, 0xff, 0xf8, 0xff,
    0xfe, 0x0, 0x1, 0xff, 0xff, 0x8f, 0xff, 0xf0,
    0x0, 0x1f, 0xff, 0xf8, 0xff, 0xff, 0x0, 0x3,
    0xff, 0xff, 0x8f, 0xff, 0xf8, 0x0, 0xff, 0xff,
    0xf8, 0x7f, 0xff, 0xc0, 0x1f, 0xff, 0xff, 0x87,
    0xff, 0xff, 0x9f, 0xff, 0xff, 0xf8, 0x7f, 0xff,
    0xff, 0xff, 0xff, 0xff, 0x87, 0xff, 0xff, 0xff,
    0xff, 0xff, 0xf8, 0x3f, 0xff, 0xff, 0xff, 0xff,
    0xff, 0x83, 0xff, 0xff, 0xff, 0xfd, 0xff, 0xf8,
    0x1f, 0xff, 0xff, 0xff, 0x9f, 0xff, 0xc1, 0xff,
    0xff, 0xff, 0xf1, 0xff, 0xfc, 0xf, 0xff, 0xff,
    0xfe, 0x1f, 0xff, 0xc0, 0x7f, 0xff, 0xff, 0xc1,
    0xff, 0xfe, 0x3, 0xff, 0xff, 0xf8, 0x1f, 0xff,
    0xf0, 0x1f, 0xff, 0xff, 0x1, 0xff, 0xff, 0x0,
    0x7f, 0xff, 0xc0, 0xf, 0xff, 0xf0, 0x1, 0xff,
    0xe0, 0x0, 0x0, 0x0, 0x0, 0x0, 0xc0, 0x0,
    0x0, 0x0, 0x0,

    /* U+0062 "b" */
    0xff, 0xfe, 0x0, 0x0, 0x0, 0x0, 0x3, 0xff,
    0xf8, 0x0, 0x0, 0x0, 0x0, 0xf, 0xff, 0xe0,
    0x0, 0x0, 0x0, 0x0, 0x3f, 0xff, 0x80, 0x0,
    0x0, 0x0, 0x0, 0xff, 0xfe, 0x0, 0x0, 0x0,
    0x0, 0x3, 0xff, 0xf8, 0x0, 0x0, 0x0, 0x0,
    0xf, 0xff, 0xe0, 0x0, 0x0, 0x0, 0x0, 0x3f,
    0xff, 0x80, 0x0, 0x0, 0x0, 0x0, 0xff, 0xfe,
    0x0, 0x0, 0x0, 0x0, 0x3, 0xff, 0xf8, 0x0,
    0x0, 0x0, 0x0, 0xf, 0xff, 0xe0, 0x0, 0x0,
    0x0, 0x0, 0x3f, 0xff, 0x80, 0x0, 0x0, 0x0,
    0x0, 0xff, 0xfe, 0x0, 0x0, 0x0, 0x0, 0x3,
    0xff, 0xf8, 0x0, 0x0, 0x0, 0x0, 0xf, 0xff,
    0xe0, 0x0, 0x0, 0x0, 0x0, 0x3f, 0xff, 0x80,
    0x0, 0x0, 0x0, 0x0, 0xff, 0xfe, 0x0, 0x0,
    0x0, 0x0, 0x3, 0xff, 0xf8, 0x0, 0x0, 0x0,
    0x0, 0xf, 0xff, 0xe0, 0x0, 0x0, 0x0, 0x0,
    0x3f, 0xff, 0x80, 0x0, 0x0, 0x0, 0x0, 0xff,
    0xfe, 0x0, 0x0, 0x0, 0x0, 0x3, 0xff, 0xf8,
    0x0, 0x0, 0x0, 0x0, 0xf, 0xff, 0xe0, 0x1,
    0xfe, 0x0, 0x0, 0x3f, 0xff, 0x80, 0x3f, 0xff,
    0x0, 0x0, 0xff, 0xfe, 0x3, 0xff, 0xff, 0x0,
    0x3, 0xff, 0xf8, 0x1f, 0xff, 0xff, 0x0, 0xf,
    0xff, 0xe1, 0xff, 0xff, 0xfe, 0x0, 0x3f, 0xff,
    0x8f, 0xff, 0xff, 0xfc, 0x0, 0xff, 0xfe, 0x3f,
    0xff, 0xff, 0xf8, 0x3, 0xff, 0xf9, 0xff, 0xff,
    0xff, 0xf0, 0xf, 0xff, 0xef, 0xff, 0xff, 0xff,
    0xe0, 0x3f, 0xff, 0xbf, 0xff, 0xff, 0xff, 0xc0,
    0xff, 0xff, 0xff, 0xff, 0xff, 0xff, 0x3, 0xff,
    0xff, 0xff, 0xff, 0xff, 0xfe, 0xf, 0xff, 0xff,
    0xff, 0xff, 0xff, 0xf8, 0x3f, 0xff, 0xff, 0xff,
    0xff, 0xff, 0xf0, 0xff, 0xff, 0xff, 0xff, 0xff,
    0xff, 0xc3, 0xff, 0xff, 0xf8, 0xf, 0xff, 0xff,
    0x8f, 0xff, 0xff, 0x80, 0xf, 0xff, 0xfe, 0x3f,
    0xff, 0xfc, 0x0, 0x1f, 0xff, 0xf8, 0xff, 0xff,
    0xe0, 0x0, 0x3f, 0xff, 0xf3, 0xff, 0xff, 0x0,
    0x0, 0x7f, 0xff, 0xcf, 0xff, 0xf8, 0x0, 0x0,
    0xff, 0xff, 0x3f, 0xff, 0xe0, 0x0, 0x3, 0xff,
    0xfe, 0xff, 0xff, 0x80, 0x0, 0x7, 0xff, 0xfb,
    0xff, 0xfc, 0x0, 0x0, 0x1f, 0xff, 0xef, 0xff,
    0xf0, 0x0, 0x0, 0x7f, 0xff, 0xbf, 0xff, 0xc0,
    0x0, 0x0, 0xff, 0xfe, 0xff, 0xfe, 0x0, 0x0,
    0x3, 0xff, 0xfb, 0xff, 0xf8, 0x0, 0x0, 0xf,
    0xff, 0xff, 0xff, 0xe0, 0x0, 0x0, 0x3f, 0xff,
    0xff, 0xff, 0x80, 0x0, 0x0, 0x7f, 0xff, 0xff,
    0xfe, 0x0, 0x0, 0x1, 0xff, 0xff, 0xff, 0xf8,
    0x0, 0x0, 0x7, 0xff, 0xff, 0xff, 0xe0, 0x0,
    0x0, 0x1f, 0xff, 0xff, 0xff, 0x0, 0x0, 0x0,
    0x7f, 0xff, 0xff, 0xfc, 0x0, 0x0, 0x1, 0xff,
    0xff, 0xff, 0xf0, 0x0, 0x0, 0x7, 0xff, 0xff,
    0xff, 0xc0, 0x0, 0x0, 0x1f, 0xff, 0xff, 0xff,
    0x0, 0x0, 0x0, 0x7f, 0xff, 0xff, 0xfc, 0x0,
    0x0, 0x1, 0xff, 0xff, 0xff, 0xf0, 0x0, 0x0,
    0x7, 0xff, 0xff, 0xff, 0xc0, 0x0, 0x0, 0x1f,
    0xff, 0xff, 0xff, 0x80, 0x0, 0x0, 0x7f, 0xff,
    0xff, 0xfe, 0x0, 0x0, 0x3, 0xff, 0xff, 0xff,
    0xf8, 0x0, 0x0, 0xf, 0xff, 0xff, 0xff, 0xe0,
    0x0, 0x0, 0x3f, 0xff, 0xbf, 0xff, 0x80, 0x0,
    0x0, 0xff, 0xfe, 0xff, 0xfe, 0x0, 0x0, 0x3,
    0xff, 0xfb, 0xff, 0xfc, 0x0, 0x0, 0x1f, 0xff,
    0xef, 0xff, 0xf0, 0x0, 0x0, 0x7f, 0xff, 0xbf,
    0xff, 0xe0, 0x0, 0x1, 0xff, 0xfe, 0xff, 0xff,
    0x80, 0x0, 0xf, 0xff, 0xf3, 0xff, 0xff, 0x0,
    0x0, 0x3f, 0xff, 0xcf, 0xff, 0xfc, 0x0, 0x1,
    0xff, 0xff, 0x3f, 0xff, 0xf8, 0x0, 0xf, 0xff,
    0xfc, 0xff, 0xff, 0xf0, 0x0, 0x7f, 0xff, 0xe3,
    0xff, 0xff, 0xf0, 0x3, 0xff, 0xff, 0x8f, 0xff,
    0xff, 0xf0, 0x3f, 0xff, 0xfc, 0x3f, 0xff, 0xff,
    0xff, 0xff, 0xff, 0xf0, 0xff, 0xff, 0xff, 0xff,
    0xff, 0xff, 0xc3, 0xff, 0xff, 0xff, 0xff, 0xff,
    0xfe, 0xf, 0xff, 0xff, 0xff, 0xff, 0xff, 0xf8,
    0x3f, 0xff, 0xff, 0xff, 0xff, 0xff, 0xc0, 0xff,
    0xff, 0xff, 0xff, 0xff, 0xfe, 0x3, 0xff, 0xfb,
    0xff, 0xff, 0xff, 0xf8, 0xf, 0xff, 0xef, 0xff,
    0xff, 0xff, 0xc0, 0x3f, 0xff, 0x9f, 0xff, 0xff,
    0xfe, 0x0, 0xff, 0xfe, 0x3f, 0xff, 0xff, 0xf0,
    0x3, 0xff, 0xf8, 0x7f, 0xff, 0xff, 0x80, 0xf,
    0xff, 0xe0, 0xff, 0xff, 0xfc, 0x0, 0x3f, 0xff,
    0x80, 0xff, 0xff, 0xc0, 0x0, 0x0, 0x0, 0x0,
    0xff, 0xfc, 0x0, 0x0, 0x0, 0x0, 0x0, 0x7f,
    0x80, 0x0, 0x0,

    /* U+0064 "d" */
    0x0, 0x0, 0x0, 0x0, 0x1, 0xff, 0xfc, 0x0,
    0x0, 0x0, 0x0, 0x7, 0xff, 0xf0, 0x0, 0x0,
    0x0, 0x0, 0x1f, 0xff, 0xc0, 0x0, 0x0, 0x0,
    0x0, 0x7f, 0xff, 0x0, 0x0, 0x0, 0x0, 0x1,
    0xff, 0xfc, 0x0, 0x0, 0x0, 0x0, 0x7, 0xff,
    0xf0, 0x0, 0x0, 0x0, 0x0, 0x1f, 0xff, 0xc0,
    0x0, 0x0, 0x0, 0x0, 0x7f, 0xff, 0x0, 0x0,
    0x0, 0x0, 0x1, 0xff, 0xfc, 0x0, 0x0, 0x0,
    0x0, 0x7, 0xff, 0xf0, 0x0, 0x0, 0x0, 0x0,
    0x1f, 0xff, 0xc0, 0x0, 0x0, 0x0, 0x0, 0x7f,
    0xff, 0x0, 0x0, 0x0, 0x0, 0x1, 0xff, 0xfc,
    0x0, 0x0, 0x0, 0x0, 0x7, 0xff, 0xf0, 0x0,
    0x0, 0x0, 0x0, 0x1f, 0xff, 0xc0, 0x0, 0x0,
    0x0, 0x0, 0x7f, 0xff, 0x0, 0x0, 0x0, 0x0,
    0x1, 0xff, 0xfc, 0x0, 0x0, 0x0, 0x0, 0x7,
    0xff, 0xf0, 0x0, 0x0, 0x0, 0x0, 0x1f, 0xff,
    0xc0, 0x0, 0x0, 0x0, 0x0, 0x7f, 0xff, 0x0,
    0x0, 0x0, 0x0, 0x1, 0xff, 0xfc, 0x0, 0x0,
    0x0, 0x0, 0x7, 0xff, 0xf0, 0x0, 0x1, 0xff,
    0x0, 0x1f, 0xff, 0xc0, 0x0, 0x3f, 0xff, 0x0,
    0x7f, 0xff, 0x0, 0x3, 0xff, 0xff, 0x1, 0xff,
    0xfc, 0x0, 0x3f, 0xff, 0xff, 0x7, 0xff, 0xf0,
    0x1, 0xff, 0xff, 0xfe, 0x1f, 0xff, 0xc0, 0xf,
    0xff, 0xff, 0xfc, 0x7f, 0xff, 0x0, 0x7f, 0xff,
    0xff, 0xf9, 0xff, 0xfc, 0x3, 0xff, 0xff, 0xff,
    0xe7, 0xff, 0xf0, 0x1f, 0xff, 0xff, 0xff, 0xdf,
    0xff, 0xc0, 0xff, 0xff, 0xff, 0xff, 0xff, 0xff,
    0x3, 0xff, 0xff, 0xff, 0xff, 0xff, 0xfc, 0x1f,
    0xff, 0xff, 0xff, 0xff, 0xff, 0xf0, 0x7f, 0xff,
    0xff, 0xff, 0xff, 0xff, 0xc3, 0xff, 0xff, 0xff,
    0xff, 0xff, 0xff, 0xf, 0xff, 0xff, 0xff, 0xff,
    0xff, 0xfc, 0x7f, 0xff, 0xfc, 0x7, 0xff, 0xff,
    0xf1, 0xff, 0xff, 0xc0, 0x7, 0xff, 0xff, 0xc7,
    0xff, 0xfe, 0x0, 0xf, 0xff, 0xff, 0x3f, 0xff,
    0xf0, 0x0, 0x1f, 0xff, 0xfc, 0xff, 0xff, 0x80,
    0x0, 0x3f, 0xff, 0xf3, 0xff, 0xfc, 0x0, 0x0,
    0xff, 0xff, 0xdf, 0xff, 0xf0, 0x0, 0x1, 0xff,
    0xff, 0x7f, 0xff, 0x80, 0x0, 0x7, 0xff, 0xfd,
    0xff, 0xfe, 0x0, 0x0, 0xf, 0xff, 0xf7, 0xff,
    0xf8, 0x0, 0x0, 0x3f, 0xff, 0xdf, 0xff, 0xc0,
    0x0, 0x0, 0xff, 0xff, 0xff, 0xff, 0x0, 0x0,
    0x1, 0xff, 0xff, 0xff, 0xfc, 0x0, 0x0, 0x7,
    0xff, 0xff, 0xff, 0xf0, 0x0, 0x0, 0x1f, 0xff,
    0xff, 0xff, 0x80, 0x0, 0x0, 0x7f, 0xff, 0xff,
    0xfe, 0x0, 0x0, 0x1, 0xff, 0xff, 0xff, 0xf8,
    0x0, 0x0, 0x7, 0xff, 0xff, 0xff, 0xe0, 0x0,
    0x0, 0xf, 0xff, 0xff, 0xff, 0x80, 0x0, 0x0,
    0x3f, 0xff, 0xff, 0xfe, 0x0, 0x0, 0x0, 0xff,
    0xff, 0xff, 0xf8, 0x0, 0x0, 0x3, 0xff, 0xff,
    0xff, 0xe0, 0x0, 0x0, 0xf, 0xff, 0xff, 0xff,
    0x80, 0x0, 0x0, 0x3f, 0xff, 0xff, 0xfe, 0x0,
    0x0, 0x0, 0xff, 0xff, 0xff, 0xf8, 0x0, 0x0,
    0x3, 0xff, 0xff, 0xff, 0xe0, 0x0, 0x0, 0xf,
    0xff, 0xff, 0xff, 0x80, 0x0, 0x0, 0x7f, 0xff,
    0xff, 0xff, 0x0, 0x0, 0x1, 0xff, 0xff, 0xff,
    0xfc, 0x0, 0x0, 0x7, 0xff, 0xf7, 0xff, 0xf0,
    0x0, 0x0, 0x1f, 0xff, 0xdf, 0xff, 0xc0, 0x0,
    0x0, 0x7f, 0xff, 0x7f, 0xff, 0x0, 0x0, 0x1,
    0xff, 0xfd, 0xff, 0xfe, 0x0, 0x0, 0xf, 0xff,
    0xf7, 0xff, 0xf8, 0x0, 0x0, 0x3f, 0xff, 0xdf,
    0xff, 0xe0, 0x0, 0x0, 0xff, 0xff, 0x3f, 0xff,
    0xc0, 0x0, 0x7, 0xff, 0xfc, 0xff, 0xff, 0x0,
    0x0, 0x3f, 0xff, 0xf3, 0xff, 0xfe, 0x0, 0x0,
    0xff, 0xff, 0xcf, 0xff, 0xfc, 0x0, 0x7, 0xff,
    0xff, 0x1f, 0xff, 0xf8, 0x0, 0x3f, 0xff, 0xfc,
    0x7f, 0xff, 0xf0, 0x3, 0xff, 0xff, 0xf0, 0xff,
    0xff, 0xf0, 0x3f, 0xff, 0xff, 0xc3, 0xff, 0xff,
    0xff, 0xff, 0xff, 0xff, 0xf, 0xff, 0xff, 0xff,
    0xff, 0xff, 0xfc, 0x1f, 0xff, 0xff, 0xff, 0xff,
    0xff, 0xf0, 0x7f, 0xff, 0xff, 0xff, 0xff, 0xff,
    0xc0, 0xff, 0xff, 0xff, 0xff, 0xff, 0xff, 0x1,
    0xff, 0xff, 0xff, 0xff, 0xff, 0xfc, 0x7, 0xff,
    0xff, 0xff, 0xf7, 0xff, 0xf0, 0xf, 0xff, 0xff,
    0xff, 0xdf, 0xff, 0xc0, 0x1f, 0xff, 0xff, 0xfe,
    0x7f, 0xff, 0x0, 0x3f, 0xff, 0xff, 0xf1, 0xff,
    0xfc, 0x0, 0x7f, 0xff, 0xff, 0x87, 0xff, 0xf0,
    0x0, 0xff, 0xff, 0xfc, 0x1f, 0xff, 0xc0, 0x0,
    0xff, 0xff, 0xe0, 0x7f, 0xff, 0x0, 0x1, 0xff,
    0xfe, 0x0, 0x0, 0x0, 0x0, 0x0, 0xff, 0xc0,
    0x0, 0x0, 0x0,

    /* U+0065 "e" */
    0x0, 0x0, 0x7, 0xff, 0x0, 0x0, 0x0, 0x0,
    0x3, 0xff, 0xff, 0x80, 0x0, 0x0, 0x0, 0x7f,
    0xff, 0xff, 0x0, 0x0, 0x0, 0xf, 0xff, 0xff,
    0xfe, 0x0, 0x0, 0x0, 0xff, 0xff, 0xff, 0xf8,
    0x0, 0x0, 0xf, 0xff, 0xff, 0xff, 0xe0, 0x0,
    0x0, 0xff, 0xff, 0xff, 0xff, 0x80, 0x0, 0xf,
    0xff, 0xff, 0xff, 0xfe, 0x0, 0x0, 0xff, 0xff,
    0xff, 0xff, 0xf8, 0x0, 0xf, 0xff, 0xff, 0xff,
    0xff, 0xe0, 0x0, 0xff, 0xff, 0xff, 0xff, 0xff,
    0x80, 0x7, 0xff, 0xff, 0xff, 0xff, 0xfc, 0x0,
    0x7f, 0xff, 0xff, 0xff, 0xff, 0xf0, 0x3, 0xff,
    0xff, 0xff, 0xff, 0xff, 0x80, 0x3f, 0xff, 0xff,
    0xff, 0xff, 0xfe, 0x1, 0xff, 0xff, 0xc0, 0x7f,
    0xff, 0xf0, 0x1f, 0xff, 0xf8, 0x0, 0xff, 0xff,
    0xc0, 0xff, 0xff, 0x80, 0x3, 0xff, 0xfe, 0xf,
    0xff, 0xf8, 0x0, 0xf, 0xff, 0xf0, 0x7f, 0xff,
    0x80, 0x0, 0x3f, 0xff, 0xc3, 0xff, 0xfc, 0x0,
    0x0, 0xff, 0xfe, 0x1f, 0xff, 0xc0, 0x0, 0x7,
    0xff, 0xf1, 0xff, 0xfe, 0x0, 0x0, 0x1f, 0xff,
    0xcf, 0xff, 0xf0, 0x0, 0x0, 0xff, 0xfe, 0x7f,
    0xff, 0x0, 0x0, 0x7, 0xff, 0xf3, 0xff, 0xf8,
    0x0, 0x0, 0x1f, 0xff, 0x9f, 0xff, 0xc0, 0x0,
    0x0, 0xff, 0xfd, 0xff, 0xfe, 0x0, 0x0, 0x7,
    0xff, 0xef, 0xff, 0xf0, 0x0, 0x0, 0x3f, 0xff,
    0xff, 0xff, 0x0, 0x0, 0x1, 0xff, 0xff, 0xff,
    0xff, 0xff, 0xff, 0xff, 0xff, 0xff, 0xff, 0xff,
    0xff, 0xff, 0xff, 0xff, 0xff, 0xff, 0xff, 0xff,
    0xff, 0xff, 0xff, 0xff, 0xff, 0xff, 0xff, 0xff,
    0xff, 0xff, 0xff, 0xff, 0xff, 0xff, 0xff, 0xff,
    0xff, 0xff, 0xff, 0xff, 0xff, 0xff, 0xff, 0xff,
    0xff, 0xff, 0xff, 0xff, 0xff, 0xff, 0xff, 0xff,
    0xff, 0xff, 0xff, 0xff, 0xff, 0xff, 0xff, 0xff,
    0xff, 0xff, 0xff, 0xff, 0xff, 0xff, 0xff, 0xff,
    0xff, 0xff, 0xff, 0xff, 0xff, 0xff, 0xff, 0xff,
    0xff, 0xf0, 0x0, 0x0, 0x0, 0x0, 0x3f, 0xff,
    0x80, 0x0, 0x0, 0x0, 0x1, 0xff, 0xfc, 0x0,
    0x0, 0x0, 0x0, 0x7, 0xff, 0xe0, 0x0, 0x0,
    0x0, 0x0, 0x3f, 0xff, 0x0, 0x0, 0x0, 0x0,
    0x1, 0xff, 0xfc, 0x0, 0x0, 0x0, 0x0, 0xf,
    0xff, 0xe0, 0x0, 0x0, 0x0, 0x0, 0x7f, 0xff,
    0x0, 0x0, 0x0, 0x0, 0x3, 0xff, 0xf8, 0x0,
    0x0, 0x0, 0x0, 0xf, 0xff, 0xe0, 0x0, 0x1,
    0xff, 0xfc, 0x7f, 0xff, 0x0, 0x0, 0xf, 0xff,
    0xe3, 0xff, 0xfc, 0x0, 0x0, 0xff, 0xff, 0x1f,
    0xff, 0xf0, 0x0, 0x7, 0xff, 0xf0, 0x7f, 0xff,
    0xc0, 0x0, 0x7f, 0xff, 0x83, 0xff, 0xff, 0x0,
    0xf, 0xff, 0xfc, 0xf, 0xff, 0xff, 0x1, 0xff,
    0xff, 0xc0, 0x7f, 0xff, 0xff, 0xff, 0xff, 0xfe,
    0x3, 0xff, 0xff, 0xff, 0xff, 0xff, 0xe0, 0xf,
    0xff, 0xff, 0xff, 0xff, 0xff, 0x0, 0x3f, 0xff,
    0xff, 0xff, 0xff, 0xf0, 0x1, 0xff, 0xff, 0xff,
    0xff, 0xff, 0x80, 0x7, 0xff, 0xff, 0xff, 0xff,
    0xf8, 0x0, 0x1f, 0xff, 0xff, 0xff, 0xff, 0x80,
    0x0, 0xff, 0xff, 0xff, 0xff, 0xf8, 0x0, 0x3,
    0xff, 0xff, 0xff, 0xff, 0x80, 0x0, 0x7, 0xff,
    0xff, 0xff, 0xf8, 0x0, 0x0, 0x1f, 0xff, 0xff,
    0xff, 0x80, 0x0, 0x0, 0x7f, 0xff, 0xff, 0xf0,
    0x0, 0x0, 0x0, 0xff, 0xff, 0xff, 0x0, 0x0,
    0x0, 0x0, 0xff, 0xff, 0xc0, 0x0, 0x0, 0x0,
    0x0, 0x7f, 0xf0, 0x0, 0x0,

    /* U+0066 "f" */
    0x0, 0x0, 0xf, 0xff, 0x0, 0x0, 0x7f, 0xff,
    0x0, 0x1, 0xff, 0xff, 0x0, 0x7, 0xff, 0xff,
    0x0, 0xf, 0xff, 0xff, 0x0, 0x1f, 0xff, 0xff,
    0x0, 0x1f, 0xff, 0xff, 0x0, 0x3f, 0xff, 0xff,
    0x0, 0x3f, 0xff, 0xff, 0x0, 0x7f, 0xff, 0xff,
    0x0, 0x7f, 0xff, 0xff, 0x0, 0x7f, 0xff, 0xff,
    0x0, 0x7f, 0xff, 0xff, 0x0, 0xff, 0xff, 0xff,
    0x0, 0xff, 0xff, 0xff, 0x0, 0xff, 0xff, 0x80,
    0x0, 0xff, 0xff, 0x0, 0x0, 0xff, 0xfe, 0x0,
    0x0, 0xff, 0xfe, 0x0, 0x0, 0xff, 0xfe, 0x0,
    0x0, 0xff, 0xfe, 0x0, 0x0, 0xff, 0xfe, 0x0,
    0x0, 0xff, 0xfe, 0x0, 0x0, 0xff, 0xfe, 0x0,
    0x0, 0xff, 0xfe, 0x0, 0xff, 0xff, 0xff, 0xff,
    0xff, 0xff, 0xff, 0xff, 0xff, 0xff, 0xff, 0xff,
    0xff, 0xff, 0xff, 0xff, 0xff, 0xff, 0xff, 0xff,
    0xff, 0xff, 0xff, 0xff, 0xff, 0xff, 0xff, 0xff,
    0xff, 0xff, 0xff, 0xff, 0xff, 0xff, 0xff, 0xff,
    0xff, 0xff, 0xff, 0xff, 0xff, 0xff, 0xff, 0xff,
    0xff, 0xff, 0xff, 0xff, 0xff, 0xff, 0xff, 0xff,
    0x0, 0xff, 0xfe, 0x0, 0x0, 0xff, 0xfe, 0x0,
    0x0, 0xff, 0xfe, 0x0, 0x0, 0xff, 0xfe, 0x0,
    0x0, 0xff, 0xfe, 0x0, 0x0, 0xff, 0xfe, 0x0,
    0x0, 0xff, 0xfe, 0x0, 0x0, 0xff, 0xfe, 0x0,
    0x0, 0xff, 0xfe, 0x0, 0x0, 0xff, 0xfe, 0x0,
    0x0, 0xff, 0xfe, 0x0, 0x0, 0xff, 0xfe, 0x0,
    0x0, 0xff, 0xfe, 0x0, 0x0, 0xff, 0xfe, 0x0,
    0x0, 0xff, 0xfe, 0x0, 0x0, 0xff, 0xfe, 0x0,
    0x0, 0xff, 0xfe, 0x0, 0x0, 0xff, 0xfe, 0x0,
    0x0, 0xff, 0xfe, 0x0, 0x0, 0xff, 0xfe, 0x0,
    0x0, 0xff, 0xfe, 0x0, 0x0, 0xff, 0xfe, 0x0,
    0x0, 0xff, 0xfe, 0x0, 0x0, 0xff, 0xfe, 0x0,
    0x0, 0xff, 0xfe, 0x0, 0x0, 0xff, 0xfe, 0x0,
    0x0, 0xff, 0xfe, 0x0, 0x0, 0xff, 0xfe, 0x0,
    0x0, 0xff, 0xfe, 0x0, 0x0, 0xff, 0xfe, 0x0,
    0x0, 0xff, 0xfe, 0x0, 0x0, 0xff, 0xfe, 0x0,
    0x0, 0xff, 0xfe, 0x0, 0x0, 0xff, 0xfe, 0x0,
    0x0, 0xff, 0xfe, 0x0, 0x0, 0xff, 0xfe, 0x0,
    0x0, 0xff, 0xfe, 0x0, 0x0, 0xff, 0xfe, 0x0,
    0x0, 0xff, 0xfe, 0x0, 0x0, 0xff, 0xfe, 0x0,
    0x0, 0xff, 0xfe, 0x0, 0x0, 0xff, 0xfe, 0x0,
    0x0, 0xff, 0xfe, 0x0, 0x0, 0xff, 0xfe, 0x0,
    0x0, 0xff, 0xfe, 0x0, 0x0, 0xff, 0xfe, 0x0,
    0x0, 0xff, 0xfe, 0x0, 0x0, 0xff, 0xfe, 0x0,
    0x0, 0xff, 0xfe, 0x0, 0x0, 0xff, 0xfe, 0x0,
    0x0, 0xff, 0xfe, 0x0, 0x0, 0xff, 0xfe, 0x0,
    0x0, 0xff, 0xfe, 0x0, 0x0, 0xff, 0xfe, 0x0,
    0x0, 0xff, 0xfe, 0x0, 0x0, 0xff, 0xfe, 0x0,

    /* U+0067 "g" */
    0x0, 0x0, 0x1f, 0xf0, 0x0, 0x0, 0x0, 0x0,
    0x3, 0xff, 0xf0, 0x0, 0x0, 0x0, 0x0, 0x3f,
    0xff, 0xf0, 0x1f, 0xff, 0xc0, 0x3, 0xff, 0xff,
    0xf0, 0x7f, 0xff, 0x0, 0x1f, 0xff, 0xff, 0xe1,
    0xff, 0xfc, 0x0, 0xff, 0xff, 0xff, 0xc7, 0xff,
    0xf0, 0x7, 0xff, 0xff, 0xff, 0x1f, 0xff, 0xc0,
    0x3f, 0xff, 0xff, 0xfe, 0x7f, 0xff, 0x1, 0xff,
    0xff, 0xff, 0xfd, 0xff, 0xfc, 0xf, 0xff, 0xff,
    0xff, 0xf7, 0xff, 0xf0, 0x3f, 0xff, 0xff, 0xff,
    0xff, 0xff, 0xc1, 0xff, 0xff, 0xff, 0xff, 0xff,
    0xff, 0x7, 0xff, 0xff, 0xff, 0xff, 0xff, 0xfc,
    0x3f, 0xff, 0xff, 0xff, 0xff, 0xff, 0xf0, 0xff,
    0xff, 0xff, 0xff, 0xff, 0xff, 0xc7, 0xff, 0xff,
    0xc1, 0xff, 0xff, 0xff, 0x1f, 0xff, 0xfc, 0x0,
    0xff, 0xff, 0xfc, 0x7f, 0xff, 0xc0, 0x1, 0xff,
    0xff, 0xf3, 0xff, 0xfe, 0x0, 0x3, 0xff, 0xff,
    0xcf, 0xff, 0xf8, 0x0, 0x7, 0xff, 0xff, 0x3f,
    0xff, 0xc0, 0x0, 0x1f, 0xff, 0xfd, 0xff, 0xff,
    0x0, 0x0, 0x3f, 0xff, 0xf7, 0xff, 0xf8, 0x0,
    0x0, 0xff, 0xff, 0xdf, 0xff, 0xe0, 0x0, 0x1,
    0xff, 0xff, 0x7f, 0xff, 0x0, 0x0, 0x7, 0xff,
    0xfd, 0xff, 0xfc, 0x0, 0x0, 0xf, 0xff, 0xf7,
    0xff, 0xf0, 0x0, 0x0, 0x3f, 0xff, 0xff, 0xff,
    0xc0, 0x0, 0x0, 0xff, 0xff, 0xff, 0xff, 0x0,
    0x0, 0x3, 0xff, 0xff, 0xff, 0xf8, 0x0, 0x0,
    0x7, 0xff, 0xff, 0xff, 0xe0, 0x0, 0x0, 0x1f,
    0xff, 0xff, 0xff, 0x80, 0x0, 0x0, 0x7f, 0xff,
    0xff, 0xfe, 0x0, 0x0, 0x1, 0xff, 0xff, 0xff,
    0xf8, 0x0, 0x0, 0x7, 0xff, 0xff, 0xff, 0xe0,
    0x0, 0x0, 0x1f, 0xff, 0xff, 0xff, 0x80, 0x0,
    0x0, 0x7f, 0xff, 0xff, 0xfe, 0x0, 0x0, 0x1,
    0xff, 0xff, 0xff, 0xf8, 0x0, 0x0, 0x7, 0xff,
    0xff, 0xff, 0xe0, 0x0, 0x0, 0x1f, 0xff, 0xff,
    0xff, 0x80, 0x0, 0x0, 0x7f, 0xff, 0xff, 0xfe,
    0x0, 0x0, 0x1, 0xff, 0xff, 0xff, 0xf8, 0x0,
    0x0, 0x7, 0xff, 0xff, 0xff, 0xe0, 0x0, 0x0,
    0x3f, 0xff, 0xff, 0xff, 0xc0, 0x0, 0x0, 0xff,
    0xff, 0x7f, 0xff, 0x0, 0x0, 0x3, 0xff, 0xfd,
    0xff, 0xfc, 0x0, 0x0, 0xf, 0xff, 0xf7, 0xff,
    0xf0, 0x0, 0x0, 0x3f, 0xff, 0xdf, 0xff, 0xe0,
    0x0, 0x1, 0xff, 0xff, 0x7f, 0xff, 0x80, 0x0,
    0x7, 0xff, 0xfd, 0xff, 0xfe, 0x0, 0x0, 0x3f,
    0xff, 0xf3, 0xff, 0xfc, 0x0, 0x0, 0xff, 0xff,
    0xcf, 0xff, 0xf8, 0x0, 0x7, 0xff, 0xff, 0x3f,
    0xff, 0xe0, 0x0, 0x3f, 0xff, 0xfc, 0x7f, 0xff,
    0xc0, 0x1, 0xff, 0xff, 0xf1, 0xff, 0xff, 0x80,
    0xf, 0xff, 0xff, 0xc7, 0xff, 0xff, 0x80, 0xff,
    0xff, 0xff, 0xf, 0xff, 0xff, 0xff, 0xff, 0xff,
    0xfc, 0x3f, 0xff, 0xff, 0xff, 0xff, 0xff, 0xf0,
    0x7f, 0xff, 0xff, 0xff, 0xff, 0xff, 0xc1, 0xff,
    0xff, 0xff, 0xff, 0xff, 0xff, 0x3, 0xff, 0xff,
    0xff, 0xff, 0xff, 0xfc, 0xf, 0xff, 0xff, 0xff,
    0xf7, 0xff, 0xf0, 0x1f, 0xff, 0xff, 0xff, 0xdf,
    0xff, 0xc0, 0x3f, 0xff, 0xff, 0xfe, 0x7f, 0xff,
    0x0, 0x7f, 0xff, 0xff, 0xf9, 0xff, 0xfc, 0x0,
    0xff, 0xff, 0xff, 0xc7, 0xff, 0xf0, 0x1, 0xff,
    0xff, 0xfe, 0x1f, 0xff, 0xc0, 0x3, 0xff, 0xff,
    0xf0, 0x7f, 0xff, 0x0, 0x3, 0xff, 0xff, 0x81,
    0xff, 0xfc, 0x0, 0x3, 0xff, 0xf8, 0x7, 0xff,
    0xf0, 0x0, 0x1, 0xff, 0x0, 0x1f, 0xff, 0xc0,
    0x0, 0x0, 0x0, 0x0, 0x7f, 0xff, 0x0, 0x0,
    0x0, 0x0, 0x1, 0xff, 0xfc, 0x0, 0x0, 0x0,
    0x0, 0x7, 0xff, 0xf0, 0x0, 0x0, 0x0, 0x0,
    0x1f, 0xff, 0xc0, 0x0, 0x0, 0x0, 0x0, 0xff,
    0xff, 0x0, 0x0, 0x0, 0x0, 0x3, 0xff, 0xf8,
    0x0, 0x0, 0x0, 0x0, 0xf, 0xff, 0xe7, 0xff,
    0xf8, 0x0, 0x0, 0x3f, 0xff, 0x9f, 0xff, 0xe0,
    0x0, 0x1, 0xff, 0xfe, 0x7f, 0xff, 0xc0, 0x0,
    0x7, 0xff, 0xf8, 0xff, 0xff, 0x0, 0x0, 0x3f,
    0xff, 0xc3, 0xff, 0xfe, 0x0, 0x1, 0xff, 0xff,
    0xf, 0xff, 0xfc, 0x0, 0xf, 0xff, 0xfc, 0x3f,
    0xff, 0xfe, 0x1, 0xff, 0xff, 0xe0, 0x7f, 0xff,
    0xff, 0xff, 0xff, 0xff, 0x81, 0xff, 0xff, 0xff,
    0xff, 0xff, 0xfc, 0x3, 0xff, 0xff, 0xff, 0xff,
    0xff, 0xf0, 0xf, 0xff, 0xff, 0xff, 0xff, 0xff,
    0x80, 0x1f, 0xff, 0xff, 0xff, 0xff, 0xfc, 0x0,
    0x3f, 0xff, 0xff, 0xff, 0xff, 0xe0, 0x0, 0x7f,
    0xff, 0xff, 0xff, 0xff, 0x0, 0x0, 0xff, 0xff,
    0xff, 0xff, 0xf8, 0x0, 0x1, 0xff, 0xff, 0xff,
    0xff, 0xc0, 0x0, 0x1, 0xff, 0xff, 0xff, 0xfc,
    0x0, 0x0, 0x1, 0xff, 0xff, 0xff, 0xc0, 0x0,
    0x0, 0x0, 0xff, 0xff, 0xf8, 0x0, 0x0, 0x0,
    0x0, 0x3f, 0xfe, 0x0, 0x0, 0x0,

    /* U+0068 "h" */
    0xff, 0xfe, 0x0, 0x0, 0x0, 0x0, 0x1f, 0xff,
    0xc0, 0x0, 0x0, 0x0, 0x3, 0xff, 0xf8, 0x0,
    0x0, 0x0, 0x0, 0x7f, 0xff, 0x0, 0x0, 0x0,
    0x0, 0xf, 0xff, 0xe0, 0x0, 0x0, 0x0, 0x1,
    0xff, 0xfc, 0x0, 0x0, 0x0, 0x0, 0x3f, 0xff,
    0x80, 0x0, 0x0, 0x0, 0x7, 0xff, 0xf0, 0x0,
    0x0, 0x0, 0x0, 0xff, 0xfe, 0x0, 0x0, 0x0,
    0x0, 0x1f, 0xff, 0xc0, 0x0, 0x0, 0x0, 0x3,
    0xff, 0xf8, 0x0, 0x0, 0x0, 0x0, 0x7f, 0xff,
    0x0, 0x0, 0x0, 0x0, 0xf, 0xff, 0xe0, 0x0,
    0x0, 0x0, 0x1, 0xff, 0xfc, 0x0, 0x0, 0x0,
    0x0, 0x3f, 0xff, 0x80, 0x0, 0x0, 0x0, 0x7,
    0xff, 0xf0, 0x0, 0x0, 0x0, 0x0, 0xff, 0xfe,
    0x0, 0x0, 0x0, 0x0, 0x1f, 0xff, 0xc0, 0x0,
    0x0, 0x0, 0x3, 0xff, 0xf8, 0x0, 0x0, 0x0,
    0x0, 0x7f, 0xff, 0x0, 0x0, 0x0, 0x0, 0xf,
    0xff, 0xe0, 0x0, 0x0, 0x0, 0x1, 0xff, 0xfc,
    0x0, 0x0, 0x0, 0x0, 0x3f, 0xff, 0x80, 0x7,
    0xfc, 0x0, 0x7, 0xff, 0xf0, 0x7, 0xff, 0xf0,
    0x0, 0xff, 0xfe, 0x3, 0xff, 0xff, 0x80, 0x1f,
    0xff, 0xc0, 0xff, 0xff, 0xfc, 0x3, 0xff, 0xf8,
    0x7f, 0xff, 0xff, 0xc0, 0x7f, 0xff, 0x1f, 0xff,
    0xff, 0xfc, 0xf, 0xff, 0xe7, 0xff, 0xff, 0xff,
    0xc1, 0xff, 0xfc, 0xff, 0xff, 0xff, 0xfc, 0x3f,
    0xff, 0xbf, 0xff, 0xff, 0xff, 0x87, 0xff, 0xf7,
    0xff, 0xff, 0xff, 0xf8, 0xff, 0xff, 0xff, 0xff,
    0xff, 0xff, 0x1f, 0xff, 0xff, 0xff, 0xff, 0xff,
    0xf3, 0xff, 0xff, 0xff, 0xff, 0xff, 0xfe, 0x7f,
    0xff, 0xff, 0xff, 0xff, 0xff, 0xef, 0xff, 0xff,
    0xff, 0xff, 0xff, 0xfd, 0xff, 0xff, 0xfc, 0x7,
    0xff, 0xff, 0xbf, 0xff, 0xfe, 0x0, 0x3f, 0xff,
    0xf7, 0xff, 0xff, 0x80, 0x3, 0xff, 0xff, 0xff,
    0xff, 0xe0, 0x0, 0x3f, 0xff, 0xff, 0xff, 0xf8,
    0x0, 0x3, 0xff, 0xff, 0xff, 0xfe, 0x0, 0x0,
    0x7f, 0xff, 0xff, 0xff, 0xc0, 0x0, 0xf, 0xff,
    0xff, 0xff, 0xf0, 0x0, 0x0, 0xff, 0xff, 0xff,
    0xfe, 0x0, 0x0, 0x1f, 0xff, 0xff, 0xff, 0xc0,
    0x0, 0x3, 0xff, 0xff, 0xff, 0xf0, 0x0, 0x0,
    0x7f, 0xff, 0xff, 0xfe, 0x0, 0x0, 0xf, 0xff,
    0xff, 0xff, 0xc0, 0x0, 0x1, 0xff, 0xff, 0xff,
    0xf8, 0x0, 0x0, 0x3f, 0xff, 0xff, 0xff, 0x0,
    0x0, 0x7, 0xff, 0xff, 0xff, 0xe0, 0x0, 0x0,
    0xff, 0xff, 0xff, 0xfc, 0x0, 0x0, 0x1f, 0xff,
    0xff, 0xff, 0x80, 0x0, 0x3, 0xff, 0xff, 0xff,
    0xf0, 0x0, 0x0, 0x7f, 0xff, 0xff, 0xfe, 0x0,
    0x0, 0xf, 0xff, 0xff, 0xff, 0xc0, 0x0, 0x1,
    0xff, 0xff, 0xff, 0xf8, 0x0, 0x0, 0x3f, 0xff,
    0xff, 0xff, 0x0, 0x0, 0x7, 0xff, 0xff, 0xff,
    0xe0, 0x0, 0x0, 0xff, 0xff, 0xff, 0xfc, 0x0,
    0x0, 0x1f, 0xff, 0xff, 0xff, 0x80, 0x0, 0x3,
    0xff, 0xff, 0xff, 0xf0, 0x0, 0x0, 0x7f, 0xff,
    0xff, 0xfe, 0x0, 0x0, 0xf, 0xff, 0xff, 0xff,
    0xc0, 0x0, 0x1, 0xff, 0xff, 0xff, 0xf8, 0x0,
    0x0, 0x3f, 0xff, 0xff, 0xff, 0x0, 0x0, 0x7,
    0xff, 0xff, 0xff, 0xe0, 0x0, 0x0, 0xff, 0xff,
    0xff, 0xfc, 0x0, 0x0, 0x1f, 0xff, 0xff, 0xff,
    0x80, 0x0, 0x3, 0xff, 0xff, 0xff, 0xf0, 0x0,
    0x0, 0x7f, 0xff, 0xff, 0xfe, 0x0, 0x0, 0xf,
    0xff, 0xff, 0xff, 0xc0, 0x0, 0x1, 0xff, 0xff,
    0xff, 0xf8, 0x0, 0x0, 0x3f, 0xff, 0xff, 0xff,
    0x0, 0x0, 0x7, 0xff, 0xff, 0xff, 0xe0, 0x0,
    0x0, 0xff, 0xff, 0xff, 0xfc, 0x0, 0x0, 0x1f,
    0xff, 0xff, 0xff, 0x80, 0x0, 0x3, 0xff, 0xff,
    0xff, 0xf0, 0x0, 0x0, 0x7f, 0xff, 0xff, 0xfe,
    0x0, 0x0, 0xf, 0xff, 0xff, 0xff, 0xc0, 0x0,
    0x1, 0xff, 0xff, 0xff, 0xf8, 0x0, 0x0, 0x3f,
    0xff, 0xff, 0xff, 0x0, 0x0, 0x7, 0xff, 0xff,
    0xff, 0xe0, 0x0, 0x0, 0xff, 0xff, 0xff, 0xfc,
    0x0, 0x0, 0x1f, 0xff, 0xff, 0xff, 0x80, 0x0,
    0x3, 0xff, 0xff, 0xff, 0xf0, 0x0, 0x0, 0x7f,
    0xff, 0xff, 0xfe, 0x0, 0x0, 0xf, 0xff, 0xff,
    0xff, 0xc0, 0x0, 0x1, 0xff, 0xff, 0xff, 0xf8,
    0x0, 0x0, 0x3f, 0xff, 0xff, 0xff, 0x0, 0x0,
    0x7, 0xff, 0xf0,

    /* U+0069 "i" */
    0xff, 0xff, 0xff, 0xff, 0xff, 0xff, 0xff, 0xff,
    0xff, 0xff, 0xff, 0xff, 0xff, 0xff, 0xff, 0xff,
    0xff, 0xff, 0xff, 0xff, 0xff, 0xff, 0xff, 0xff,
    0xff, 0xff, 0xff, 0xff, 0xff, 0xff, 0xff, 0xfe,
    0x0, 0x0, 0x0, 0x0, 0x0, 0x0, 0x0, 0x0,
    0x0, 0x0, 0x0, 0x0, 0x0, 0x0, 0x1, 0xff,
    0xff, 0xff, 0xff, 0xff, 0xff, 0xff, 0xff, 0xff,
    0xff, 0xff, 0xff, 0xff, 0xff, 0xff, 0xff, 0xff,
    0xff, 0xff, 0xff, 0xff, 0xff, 0xff, 0xff, 0xff,
    0xff, 0xff, 0xff, 0xff, 0xff, 0xff, 0xff, 0xff,
    0xff, 0xff, 0xff, 0xff, 0xff, 0xff, 0xff, 0xff,
    0xff, 0xff, 0xff, 0xff, 0xff, 0xff, 0xff, 0xff,
    0xff, 0xff, 0xff, 0xff, 0xff, 0xff, 0xff, 0xff,
    0xff, 0xff, 0xff, 0xff, 0xff, 0xff, 0xff, 0xff,
    0xff, 0xff, 0xff, 0xff, 0xff, 0xff, 0xff, 0xff,
    0xff, 0xff, 0xff, 0xff, 0xff, 0xff, 0xff, 0xff,
    0xff, 0xff, 0xff, 0xff, 0xff, 0xff, 0xff, 0xff,
    0xff, 0xff, 0xff, 0xff, 0xff, 0xff, 0xff, 0xff,
    0xff, 0xff, 0xff, 0xff, 0xff, 0xff, 0xff, 0xff,
    0xff, 0xff, 0xff, 0xff, 0xff, 0xff, 0xff, 0xff,
    0xff, 0xff, 0xff, 0xff, 0xff, 0xff, 0xff, 0xff,
    0xff, 0xff, 0xff, 0xff, 0xff, 0xff, 0xe0,

    /* U+006A "j" */
    0x1, 0xff, 0xfc, 0x7, 0xff, 0xf0, 0x1f, 0xff,
    0xc0, 0x7f, 0xff, 0x1, 0xff, 0xfc, 0x7, 0xff,
    0xf0, 0x1f, 0xff, 0xc0, 0x7f, 0xff, 0x1, 0xff,
    0xfc, 0x7, 0xff, 0xf0, 0x1f, 0xff, 0xc0, 0x7f,
    0xff, 0x1, 0xff, 0xfc, 0x7, 0xff, 0xf0, 0x1f,
    0xff, 0xc0, 0x7f, 0xff, 0x1, 0xff, 0xfc, 0x0,
    0x0, 0x0, 0x0, 0x0, 0x0, 0x0, 0x0, 0x0,
    0x0, 0x0, 0x0, 0x0, 0x0, 0x0, 0x0, 0x0,
    0x0, 0x0, 0x0, 0x0, 0x0, 0x7, 0xff, 0xf0,
    0x1f, 0xff, 0xc0, 0x7f, 0xff, 0x1, 0xff, 0xfc,
    0x7, 0xff, 0xf0, 0x1f, 0xff, 0xc0, 0x7f, 0xff,
    0x1, 0xff, 0xfc, 0x7, 0xff, 0xf0, 0x1f, 0xff,
    0xc0, 0x7f, 0xff, 0x1, 0xff, 0xfc, 0x7, 0xff,
    0xf0, 0x1f, 0xff, 0xc0, 0x7f, 0xff, 0x1, 0xff,
    0xfc, 0x7, 0xff, 0xf0, 0x1f, 0xff, 0xc0, 0x7f,
    0xff, 0x1, 0xff, 0xfc, 0x7, 0xff, 0xf0, 0x1f,
    0xff, 0xc0, 0x7f, 0xff, 0x1, 0xff, 0xfc, 0x7,
    0xff, 0xf0, 0x1f, 0xff, 0xc0, 0x7f, 0xff, 0x1,
    0xff, 0xfc, 0x7, 0xff, 0xf0, 0x1f, 0xff, 0xc0,
    0x7f, 0xff, 0x1, 0xff, 0xfc, 0x7, 0xff, 0xf0,
    0x1f, 0xff, 0xc0, 0x7f, 0xff, 0x1, 0xff, 0xfc,
    0x7, 0xff, 0xf0, 0x1f, 0xff, 0xc0, 0x7f, 0xff,
    0x1, 0xff, 0xfc, 0x7, 0xff, 0xf0, 0x1f, 0xff,
    0xc0, 0x7f, 0xff, 0x1, 0xff, 0xfc, 0x7, 0xff,
    0xf0, 0x1f, 0xff, 0xc0, 0x7f, 0xff, 0x1, 0xff,
    0xfc, 0x7, 0xff, 0xf0, 0x1f, 0xff, 0xc0, 0x7f,
    0xff, 0x1, 0xff, 0xfc, 0x7, 0xff, 0xf0, 0x1f,
    0xff, 0xc0, 0x7f, 0xff, 0x1, 0xff, 0xfc, 0x7,
    0xff, 0xf0, 0x1f, 0xff, 0xc0, 0x7f, 0xff, 0x1,
    0xff, 0xfc, 0x7, 0xff, 0xf0, 0x1f, 0xff, 0xc0,
    0x7f, 0xff, 0x1, 0xff, 0xfc, 0x7, 0xff, 0xf0,
    0x1f, 0xff, 0xc0, 0x7f, 0xff, 0x1, 0xff, 0xfc,
    0x7, 0xff, 0xf0, 0x1f, 0xff, 0xc0, 0x7f, 0xff,
    0x1, 0xff, 0xfc, 0x7, 0xff, 0xf0, 0x1f, 0xff,
    0xc0, 0x7f, 0xff, 0x1, 0xff, 0xfc, 0x7, 0xff,
    0xf0, 0x1f, 0xff, 0xc0, 0xff, 0xff, 0x3, 0xff,
    0xfc, 0x1f, 0xff, 0xff, 0xff, 0xff, 0xff, 0xff,
    0xff, 0xff, 0xff, 0xfb, 0xff, 0xff, 0xef, 0xff,
    0xff, 0xbf, 0xff, 0xfe, 0xff, 0xff, 0xf3, 0xff,
    0xff, 0xcf, 0xff, 0xfe, 0x3f, 0xff, 0xf8, 0xff,
    0xff, 0xc3, 0xff, 0xfe, 0xf, 0xff, 0xf0, 0x3f,
    0xff, 0x0, 0xff, 0xc0, 0x0,

    /* U+006B "k" */
    0xff, 0xfe, 0x0, 0x0, 0x0, 0x0, 0xf, 0xff,
    0xe0, 0x0, 0x0, 0x0, 0x0, 0xff, 0xfe, 0x0,
    0x0, 0x0, 0x0, 0xf, 0xff, 0xe0, 0x0, 0x0,
    0x0, 0x0, 0xff, 0xfe, 0x0, 0x0, 0x0, 0x0,
    0xf, 0xff, 0xe0, 0x0, 0x0, 0x0, 0x0, 0xff,
    0xfe, 0x0, 0x0, 0x0, 0x0, 0xf, 0xff, 0xe0,
    0x0, 0x0, 0x0, 0x0, 0xff, 0xfe, 0x0, 0x0,
    0x0, 0x0, 0xf, 0xff, 0xe0, 0x0, 0x0, 0x0,
    0x0, 0xff, 0xfe, 0x0, 0x0, 0x0, 0x0, 0xf,
    0xff, 0xe0, 0x0, 0x0, 0x0, 0x0, 0xff, 0xfe,
    0x0, 0x0, 0x0, 0x0, 0xf, 0xff, 0xe0, 0x0,
    0x0, 0x0, 0x0, 0xff, 0xfe, 0x0, 0x0, 0x0,
    0x0, 0xf, 0xff, 0xe0, 0x0, 0x0, 0x0, 0x0,
    0xff, 0xfe, 0x0, 0x0, 0x0, 0x0, 0xf, 0xff,
    0xe0, 0x0, 0x0, 0x0, 0x0, 0xff, 0xfe, 0x0,
    0x0, 0x0, 0x0, 0xf, 0xff, 0xe0, 0x0, 0x0,
    0x0, 0x0, 0xff, 0xfe, 0x0, 0x0, 0x0, 0x0,
    0xf, 0xff, 0xe0, 0x0, 0x0, 0x0, 0x0, 0xff,
    0xfe, 0x0, 0x0, 0x0, 0x0, 0xf, 0xff, 0xe0,
    0x0, 0x0, 0x0, 0x0, 0xff, 0xfe, 0x0, 0x0,
    0x7f, 0xff, 0xef, 0xff, 0xe0, 0x0, 0xf, 0xff,
    0xfe, 0xff, 0xfe, 0x0, 0x0, 0xff, 0xff, 0xcf,
    0xff, 0xe0, 0x0, 0x1f, 0xff, 0xf8, 0xff, 0xfe,
    0x0, 0x3, 0xff, 0xff, 0xf, 0xff, 0xe0, 0x0,
    0x3f, 0xff, 0xf0, 0xff, 0xfe, 0x0, 0x7, 0xff,
    0xfe, 0xf, 0xff, 0xe0, 0x0, 0xff, 0xff, 0xc0,
    0xff, 0xfe, 0x0, 0x1f, 0xff, 0xf8, 0xf, 0xff,
    0xe0, 0x1, 0xff, 0xff, 0x80, 0xff, 0xfe, 0x0,
    0x3f, 0xff, 0xf0, 0xf, 0xff, 0xe0, 0x7, 0xff,
    0xfe, 0x0, 0xff, 0xfe, 0x0, 0x7f, 0xff, 0xc0,
    0xf, 0xff, 0xe0, 0xf, 0xff, 0xfc, 0x0, 0xff,
    0xfe, 0x1, 0xff, 0xff, 0x80, 0xf, 0xff, 0xe0,
    0x3f, 0xff, 0xf0, 0x0, 0xff, 0xfe, 0x3, 0xff,
    0xfe, 0x0, 0xf, 0xff, 0xe0, 0x7f, 0xff, 0xe0,
    0x0, 0xff, 0xfe, 0xf, 0xff, 0xfc, 0x0, 0xf,
    0xff, 0xe0, 0xff, 0xff, 0x80, 0x0, 0xff, 0xfe,
    0x1f, 0xff, 0xf0, 0x0, 0xf, 0xff, 0xe3, 0xff,
    0xff, 0x0, 0x0, 0xff, 0xfe, 0x7f, 0xff, 0xe0,
    0x0, 0xf, 0xff, 0xe7, 0xff, 0xfc, 0x0, 0x0,
    0xff, 0xfe, 0xff, 0xff, 0x80, 0x0, 0xf, 0xff,
    0xff, 0xff, 0xf8, 0x0, 0x0, 0xff, 0xff, 0xff,
    0xff, 0x0, 0x0, 0xf, 0xff, 0xff, 0xff, 0xf0,
    0x0, 0x0, 0xff, 0xff, 0xff, 0xff, 0x80, 0x0,
    0xf, 0xff, 0xff, 0xff, 0xf8, 0x0, 0x0, 0xff,
    0xff, 0xff, 0xff, 0xc0, 0x0, 0xf, 0xff, 0xff,
    0xff, 0xfc, 0x0, 0x0, 0xff, 0xff, 0xff, 0xff,
    0xe0, 0x0, 0xf, 0xff, 0xff, 0xff, 0xfe, 0x0,
    0x0, 0xff, 0xff, 0xff, 0xff, 0xf0, 0x0, 0xf,
    0xff, 0xff, 0xff, 0xff, 0x0, 0x0, 0xff, 0xff,
    0xff, 0xff, 0xf8, 0x0, 0xf, 0xff, 0xff, 0xff,
    0xff, 0x80, 0x0, 0xff, 0xff, 0xff, 0xff, 0xfc,
    0x0, 0xf, 0xff, 0xff, 0xff, 0xff, 0xc0, 0x0,
    0xff, 0xff, 0xf3, 0xff, 0xfe, 0x0, 0xf, 0xff,
    0xfe, 0x3f, 0xff, 0xe0, 0x0, 0xff, 0xff, 0xc1,
    0xff, 0xff, 0x0, 0xf, 0xff, 0xf8, 0x1f, 0xff,
    0xf0, 0x0, 0xff, 0xff, 0x80, 0xff, 0xff, 0x80,
    0xf, 0xff, 0xf0, 0xf, 0xff, 0xf8, 0x0, 0xff,
    0xfe, 0x0, 0x7f, 0xff, 0xc0, 0xf, 0xff, 0xe0,
    0x7, 0xff, 0xfc, 0x0, 0xff, 0xfe, 0x0, 0x3f,
    0xff, 0xe0, 0xf, 0xff, 0xe0, 0x3, 0xff, 0xfe,
    0x0, 0xff, 0xfe, 0x0, 0x3f, 0xff, 0xf0, 0xf,
    0xff, 0xe0, 0x1, 0xff, 0xff, 0x0, 0xff, 0xfe,
    0x0, 0x1f, 0xff, 0xf8, 0xf, 0xff, 0xe0, 0x0,
    0xff, 0xff, 0x80, 0xff, 0xfe, 0x0, 0xf, 0xff,
    0xfc, 0xf, 0xff, 0xe0, 0x0, 0x7f, 0xff, 0xc0,
    0xff, 0xfe, 0x0, 0x7, 0xff, 0xfe, 0xf, 0xff,
    0xe0, 0x0, 0x3f, 0xff, 0xe0, 0xff, 0xfe, 0x0,
    0x3, 0xff, 0xff, 0xf, 0xff, 0xe0, 0x0, 0x1f,
    0xff, 0xf0, 0xff, 0xfe, 0x0, 0x1, 0xff, 0xff,
    0xf, 0xff, 0xe0, 0x0, 0x1f, 0xff, 0xf8, 0xff,
    0xfe, 0x0, 0x0, 0xff, 0xff, 0x8f, 0xff, 0xe0,
    0x0, 0xf, 0xff, 0xfc, 0xff, 0xfe, 0x0, 0x0,
    0x7f, 0xff, 0xcf, 0xff, 0xe0, 0x0, 0x7, 0xff,
    0xfe, 0xff, 0xfe, 0x0, 0x0, 0x3f, 0xff, 0xef,
    0xff, 0xe0, 0x0, 0x3, 0xff, 0xff,

    /* U+006C "l" */
    0xff, 0xff, 0xff, 0xff, 0xff, 0xff, 0xff, 0xff,
    0xff, 0xff, 0xff, 0xff, 0xff, 0xff, 0xff, 0xff,
    0xff, 0xff, 0xff, 0xff, 0xff, 0xff, 0xff, 0xff,
    0xff, 0xff, 0xff, 0xff, 0xff, 0xff, 0xff, 0xff,
    0xff, 0xff, 0xff, 0xff, 0xff, 0xff, 0xff, 0xff,
    0xff, 0xff, 0xff, 0xff, 0xff, 0xff, 0xff, 0xff,
    0xff, 0xff, 0xff, 0xff, 0xff, 0xff, 0xff, 0xff,
    0xff, 0xff, 0xff, 0xff, 0xff, 0xff, 0xff, 0xff,
    0xff, 0xff, 0xff, 0xff, 0xff, 0xff, 0xff, 0xff,
    0xff, 0xff, 0xff, 0xff, 0xff, 0xff, 0xff, 0xff,
    0xff, 0xff, 0xff, 0xff, 0xff, 0xff, 0xff, 0xff,
    0xff, 0xff, 0xff, 0xff, 0xff, 0xff, 0xff, 0xff,
    0xff, 0xff, 0xff, 0xff, 0xff, 0xff, 0xff, 0xff,
    0xff, 0xff, 0xff, 0xff, 0xff, 0xff, 0xff, 0xff,
    0xff, 0xff, 0xff, 0xff, 0xff, 0xff, 0xff, 0xff,
    0xff, 0xff, 0xff, 0xff, 0xff, 0xff, 0xff, 0xff,
    0xff, 0xff, 0xff, 0xff, 0xff, 0xff, 0xff, 0xff,
    0xff, 0xff, 0xff, 0xff, 0xff, 0xff, 0xff, 0xff,
    0xff, 0xff, 0xff, 0xff, 0xff, 0xff, 0xff, 0xff,
    0xff, 0xff, 0xff, 0xff, 0xff, 0xff, 0xff, 0xff,
    0xff, 0xff, 0xff, 0xff, 0xff, 0xff, 0xff, 0xff,
    0xff, 0xff, 0xff, 0xff, 0xf0,

    /* U+006D "m" */
    0x0, 0x0, 0x0, 0x3f, 0xe0, 0x0, 0x0, 0xff,
    0x80, 0x0, 0x0, 0x0, 0x1, 0xff, 0xf8, 0x0,
    0x3, 0xff, 0xf0, 0x0, 0xff, 0xfc, 0x7, 0xff,
    0xfe, 0x0, 0xf, 0xff, 0xfc, 0x0, 0xff, 0xfc,
    0xf, 0xff, 0xff, 0x0, 0x1f, 0xff, 0xff, 0x0,
    0xff, 0xfc, 0x1f, 0xff, 0xff, 0x80, 0x3f, 0xff,
    0xff, 0x80, 0xff, 0xfc, 0x3f, 0xff, 0xff, 0xc0,
    0x7f, 0xff, 0xff, 0xc0, 0xff, 0xfc, 0x7f, 0xff,
    0xff, 0xe0, 0xff, 0xff, 0xff, 0xe0, 0xff, 0xfc,
    0x7f, 0xff, 0xff, 0xe1, 0xff, 0xff, 0xff, 0xf0,
    0xff, 0xfc, 0xff, 0xff, 0xff, 0xf1, 0xff, 0xff,
    0xff, 0xf0, 0xff, 0xfc, 0xff, 0xff, 0xff, 0xfb,
    0xff, 0xff, 0xff, 0xf8, 0xff, 0xfd, 0xff, 0xff,
    0xff, 0xfb, 0xff, 0xff, 0xff, 0xf8, 0xff, 0xfd,
    0xff, 0xff, 0xff, 0xff, 0xff, 0xff, 0xff, 0xfc,
    0xff, 0xff, 0xff, 0xff, 0xff, 0xff, 0xff, 0xff,
    0xff, 0xfc, 0xff, 0xff, 0xff, 0xff, 0xff, 0xff,
    0xff, 0xff, 0xff, 0xfe, 0xff, 0xff, 0xff, 0xff,
    0xff, 0xff, 0xff, 0xff, 0xff, 0xfe, 0xff, 0xff,
    0xf8, 0x1f, 0xff, 0xff, 0xfc, 0xf, 0xff, 0xfe,
    0xff, 0xff, 0xe0, 0x7, 0xff, 0xff, 0xe0, 0x7,
    0xff, 0xfe, 0xff, 0xff, 0xc0, 0x3, 0xff, 0xff,
    0xc0, 0x3, 0xff, 0xff, 0xff, 0xff, 0x80, 0x1,
    0xff, 0xff, 0xc0, 0x1, 0xff, 0xff, 0xff, 0xff,
    0x80, 0x1, 0xff, 0xff, 0x80, 0x1, 0xff, 0xff,
    0xff, 0xff, 0x0, 0x1, 0xff, 0xff, 0x0, 0x0,
    0xff, 0xff, 0xff, 0xff, 0x0, 0x0, 0xff, 0xff,
    0x0, 0x0, 0xff, 0xff, 0xff, 0xff, 0x0, 0x0,
    0xff, 0xff, 0x0, 0x0, 0xff, 0xff, 0xff, 0xfe,
    0x0, 0x0, 0xff, 0xff, 0x0, 0x0, 0x7f, 0xff,
    0xff, 0xfe, 0x0, 0x0, 0xff, 0xfe, 0x0, 0x0,
    0x7f, 0xff, 0xff, 0xfe, 0x0, 0x0, 0xff, 0xfe,
    0x0, 0x0, 0x7f, 0xff, 0xff, 0xfe, 0x0, 0x0,
    0xff, 0xfe, 0x0, 0x0, 0x7f, 0xff, 0xff, 0xfe,
    0x0, 0x0, 0xff, 0xfe, 0x0, 0x0, 0x7f, 0xff,
    0xff, 0xfe, 0x0, 0x0, 0xff, 0xfe, 0x0, 0x0,
    0x7f, 0xff, 0xff, 0xfe, 0x0, 0x0, 0xff, 0xfe,
    0x0, 0x0, 0x7f, 0xff, 0xff, 0xfe, 0x0, 0x0,
    0xff, 0xfe, 0x0, 0x0, 0x7f, 0xff, 0xff, 0xfe,
    0x0, 0x0, 0xff, 0xfe, 0x0, 0x0, 0x7f, 0xff,
    0xff, 0xfe, 0x0, 0x0, 0xff, 0xfe, 0x0, 0x0,
    0x7f, 0xff, 0xff, 0xfe, 0x0, 0x0, 0xff, 0xfe,
    0x0, 0x0, 0x7f, 0xff, 0xff, 0xfe, 0x0, 0x0,
    0xff, 0xfe, 0x0, 0x0, 0x7f, 0xff, 0xff, 0xfe,
    0x0, 0x0, 0xff, 0xfe, 0x0, 0x0, 0x7f, 0xff,
    0xff, 0xfe, 0x0, 0x0, 0xff, 0xfe, 0x0, 0x0,
    0x7f, 0xff, 0xff, 0xfe, 0x0, 0x0, 0xff, 0xfe,
    0x0, 0x0, 0x7f, 0xff, 0xff, 0xfe, 0x0, 0x0,
    0xff, 0xfe, 0x0, 0x0, 0x7f, 0xff, 0xff, 0xfe,
    0x0, 0x0, 0xff, 0xfe, 0x0, 0x0, 0x7f, 0xff,
    0xff, 0xfe, 0x0, 0x0, 0xff, 0xfe, 0x0, 0x0,
    0x7f, 0xff, 0xff, 0xfe, 0x0, 0x0, 0xff, 0xfe,
    0x0, 0x0, 0x7f, 0xff, 0xff, 0xfe, 0x0, 0x0,
    0xff, 0xfe, 0x0, 0x0, 0x7f, 0xff, 0xff, 0xfe,
    0x0, 0x0, 0xff, 0xfe, 0x0, 0x0, 0x7f, 0xff,
    0xff, 0xfe, 0x0, 0x0, 0xff, 0xfe, 0x0, 0x0,
    0x7f, 0xff, 0xff, 0xfe, 0x0, 0x0, 0xff, 0xfe,
    0x0, 0x0, 0x7f, 0xff, 0xff, 0xfe, 0x0, 0x0,
    0xff, 0xfe, 0x0, 0x0, 0x7f, 0xff, 0xff, 0xfe,
    0x0, 0x0, 0xff, 0xfe, 0x0, 0x0, 0x7f, 0xff,
    0xff, 0xfe, 0x0, 0x0, 0xff, 0xfe, 0x0, 0x0,
    0x7f, 0xff, 0xff, 0xfe, 0x0, 0x0, 0xff, 0xfe,
    0x0, 0x0, 0x7f, 0xff, 0xff, 0xfe, 0x0, 0x0,
    0xff, 0xfe, 0x0, 0x0, 0x7f, 0xff, 0xff, 0xfe,
    0x0, 0x0, 0xff, 0xfe, 0x0, 0x0, 0x7f, 0xff,
    0xff, 0xfe, 0x0, 0x0, 0xff, 0xfe, 0x0, 0x0,
    0x7f, 0xff, 0xff, 0xfe, 0x0, 0x0, 0xff, 0xfe,
    0x0, 0x0, 0x7f, 0xff, 0xff, 0xfe, 0x0, 0x0,
    0xff, 0xfe, 0x0, 0x0, 0x7f, 0xff, 0xff, 0xfe,
    0x0, 0x0, 0xff, 0xfe, 0x0, 0x0, 0x7f, 0xff,
    0xff, 0xfe, 0x0, 0x0, 0xff, 0xfe, 0x0, 0x0,
    0x7f, 0xff, 0xff, 0xfe, 0x0, 0x0, 0xff, 0xfe,
    0x0, 0x0, 0x7f, 0xff, 0xff, 0xfe, 0x0, 0x0,
    0xff, 0xfe, 0x0, 0x0, 0x7f, 0xff, 0xff, 0xfe,
    0x0, 0x0, 0xff, 0xfe, 0x0, 0x0, 0x7f, 0xff,
    0xff, 0xfe, 0x0, 0x0, 0xff, 0xfe, 0x0, 0x0,
    0x7f, 0xff, 0xff, 0xfe, 0x0, 0x0, 0xff, 0xfe,
    0x0, 0x0, 0x7f, 0xff, 0xff, 0xfe, 0x0, 0x0,
    0xff, 0xfe, 0x0, 0x0, 0x7f, 0xff, 0xff, 0xfe,
    0x0, 0x0, 0xff, 0xfe, 0x0, 0x0, 0x7f, 0xff,
    0xff, 0xfe, 0x0, 0x0, 0xff, 0xfe, 0x0, 0x0,
    0x7f, 0xff, 0xff, 0xfe, 0x0, 0x0, 0xff, 0xfe,
    0x0, 0x0, 0x7f, 0xff, 0xff, 0xfe, 0x0, 0x0,
    0xff, 0xfe, 0x0, 0x0, 0x7f, 0xff, 0xff, 0xfe,
    0x0, 0x0, 0xff, 0xfe, 0x0, 0x0, 0x7f, 0xff,
    0xff, 0xfe, 0x0, 0x0, 0xff, 0xfe, 0x0, 0x0,
    0x7f, 0xff, 0xff, 0xfe, 0x0, 0x0, 0xff, 0xfe,
    0x0, 0x0, 0x7f, 0xff,

    /* U+006E "n" */
    0x0, 0x0, 0x0, 0x1f, 0xf0, 0x0, 0x0, 0x0,
    0x0, 0x1f, 0xff, 0xc0, 0x3, 0xff, 0xf0, 0xf,
    0xff, 0xfe, 0x0, 0x7f, 0xfe, 0x3, 0xff, 0xff,
    0xf0, 0xf, 0xff, 0xc0, 0xff, 0xff, 0xff, 0x1,
    0xff, 0xf8, 0x3f, 0xff, 0xff, 0xf0, 0x3f, 0xff,
    0xf, 0xff, 0xff, 0xff, 0x7, 0xff, 0xe3, 0xff,
    0xff, 0xff, 0xf0, 0xff, 0xfc, 0xff, 0xff, 0xff,
    0xfe, 0x1f, 0xff, 0x9f, 0xff, 0xff, 0xff, 0xe3,
    0xff, 0xf7, 0xff, 0xff, 0xff, 0xfc, 0x7f, 0xfe,
    0xff, 0xff, 0xff, 0xff, 0xcf, 0xff, 0xff, 0xff,
    0xff, 0xff, 0xf9, 0xff, 0xff, 0xff, 0xff, 0xff,
    0xff, 0xbf, 0xff, 0xff, 0xff, 0xff, 0xff, 0xf7,
    0xff, 0xff, 0xf0, 0x1f, 0xff, 0xfe, 0xff, 0xff,
    0xf8, 0x0, 0xff, 0xff, 0xdf, 0xff, 0xfe, 0x0,
    0xf, 0xff, 0xff, 0xff, 0xff, 0x80, 0x0, 0xff,
    0xff, 0xff, 0xff, 0xe0, 0x0, 0xf, 0xff, 0xff,
    0xff, 0xf8, 0x0, 0x1, 0xff, 0xff, 0xff, 0xff,
    0x0, 0x0, 0x3f, 0xff, 0xff, 0xff, 0xc0, 0x0,
    0x3, 0xff, 0xff, 0xff, 0xf8, 0x0, 0x0, 0x7f,
    0xff, 0xff, 0xff, 0x0, 0x0, 0xf, 0xff, 0xff,
    0xff, 0xc0, 0x0, 0x1, 0xff, 0xff, 0xff, 0xf8,
    0x0, 0x0, 0x3f, 0xff, 0xff, 0xff, 0x0, 0x0,
    0x7, 0xff, 0xff, 0xff, 0xe0, 0x0, 0x0, 0xff,
    0xff, 0xff, 0xfc, 0x0, 0x0, 0x1f, 0xff, 0xff,
    0xff, 0x80, 0x0, 0x3, 0xff, 0xff, 0xff, 0xf0,
    0x0, 0x0, 0x7f, 0xff, 0xff, 0xfe, 0x0, 0x0,
    0xf, 0xff, 0xff, 0xff, 0xc0, 0x0, 0x1, 0xff,
    0xff, 0xff, 0xf8, 0x0, 0x0, 0x3f, 0xff, 0xff,
    0xff, 0x0, 0x0, 0x7, 0xff, 0xff, 0xff, 0xe0,
    0x0, 0x0, 0xff, 0xff, 0xff, 0xfc, 0x0, 0x0,
    0x1f, 0xff, 0xff, 0xff, 0x80, 0x0, 0x3, 0xff,
    0xff, 0xff, 0xf0, 0x0, 0x0, 0x7f, 0xff, 0xff,
    0xfe, 0x0, 0x0, 0xf, 0xff, 0xff, 0xff, 0xc0,
    0x0, 0x1, 0xff, 0xff, 0xff, 0xf8, 0x0, 0x0,
    0x3f, 0xff, 0xff, 0xff, 0x0, 0x0, 0x7, 0xff,
    0xff, 0xff, 0xe0, 0x0, 0x0, 0xff, 0xff, 0xff,
    0xfc, 0x0, 0x0, 0x1f, 0xff, 0xff, 0xff, 0x80,
    0x0, 0x3, 0xff, 0xff, 0xff, 0xf0, 0x0, 0x0,
    0x7f, 0xff, 0xff, 0xfe, 0x0, 0x0, 0xf, 0xff,
    0xff, 0xff, 0xc0, 0x0, 0x1, 0xff, 0xff, 0xff,
    0xf8, 0x0, 0x0, 0x3f, 0xff, 0xff, 0xff, 0x0,
    0x0, 0x7, 0xff, 0xff, 0xff, 0xe0, 0x0, 0x0,
    0xff, 0xff, 0xff, 0xfc, 0x0, 0x0, 0x1f, 0xff,
    0xff, 0xff, 0x80, 0x0, 0x3, 0xff, 0xff, 0xff,
    0xf0, 0x0, 0x0, 0x7f, 0xff, 0xff, 0xfe, 0x0,
    0x0, 0xf, 0xff, 0xff, 0xff, 0xc0, 0x0, 0x1,
    0xff, 0xff, 0xff, 0xf8, 0x0, 0x0, 0x3f, 0xff,
    0xff, 0xff, 0x0, 0x0, 0x7, 0xff, 0xff, 0xff,
    0xe0, 0x0, 0x0, 0xff, 0xff, 0xff, 0xfc, 0x0,
    0x0, 0x1f, 0xff, 0xff, 0xff, 0x80, 0x0, 0x3,
    0xff, 0xff, 0xff, 0xf0, 0x0, 0x0, 0x7f, 0xff,
    0xff, 0xfe, 0x0, 0x0, 0xf, 0xff, 0xff, 0xff,
    0xc0, 0x0, 0x1, 0xff, 0xff, 0xff, 0xf8, 0x0,
    0x0, 0x3f, 0xff, 0xff, 0xff, 0x0, 0x0, 0x7,
    0xff, 0xff, 0xff, 0xe0, 0x0, 0x0, 0xff, 0xff,
    0xff, 0xfc, 0x0, 0x0, 0x1f, 0xff, 0xc0,

    /* U+006F "o" */
    0x0, 0x0, 0x1, 0xff, 0xc0, 0x0, 0x0, 0x0,
    0x0, 0x7, 0xff, 0xfc, 0x0, 0x0, 0x0, 0x0,
    0x1f, 0xff, 0xff, 0xc0, 0x0, 0x0, 0x0, 0x3f,
    0xff, 0xff, 0xf8, 0x0, 0x0, 0x0, 0x7f, 0xff,
    0xff, 0xff, 0x0, 0x0, 0x0, 0x7f, 0xff, 0xff,
    0xff, 0xc0, 0x0, 0x0, 0x7f, 0xff, 0xff, 0xff,
    0xf0, 0x0, 0x0, 0x7f, 0xff, 0xff, 0xff, 0xfc,
    0x0, 0x0, 0x7f, 0xff, 0xff, 0xff, 0xff, 0x0,
    0x0, 0x7f, 0xff, 0xff, 0xff, 0xff, 0xc0, 0x0,
    0x7f, 0xff, 0xff, 0xff, 0xff, 0xf0, 0x0, 0x3f,
    0xff, 0xff, 0xff, 0xff, 0xf8, 0x0, 0x3f, 0xff,
    0xff, 0xff, 0xff, 0xfe, 0x0, 0x3f, 0xff, 0xff,
    0xff, 0xff, 0xff, 0x80, 0x1f, 0xff, 0xff, 0xff,
    0xff, 0xff, 0xc0, 0x1f, 0xff, 0xff, 0x1, 0xff,
    0xff, 0xf0, 0xf, 0xff, 0xfc, 0x0, 0x3f, 0xff,
    0xf8, 0xf, 0xff, 0xfc, 0x0, 0x7, 0xff, 0xfe,
    0x7, 0xff, 0xfc, 0x0, 0x1, 0xff, 0xff, 0x3,
    0xff, 0xfc, 0x0, 0x0, 0x7f, 0xff, 0x83, 0xff,
    0xfc, 0x0, 0x0, 0x3f, 0xff, 0xe1, 0xff, 0xfe,
    0x0, 0x0, 0xf, 0xff, 0xf0, 0xff, 0xfe, 0x0,
    0x0, 0x3, 0xff, 0xf8, 0xff, 0xff, 0x0, 0x0,
    0x1, 0xff, 0xfe, 0x7f, 0xff, 0x80, 0x0, 0x0,
    0xff, 0xff, 0x3f, 0xff, 0x80, 0x0, 0x0, 0x3f,
    0xff, 0x9f, 0xff, 0xc0, 0x0, 0x0, 0x1f, 0xff,
    0xcf, 0xff, 0xe0, 0x0, 0x0, 0xf, 0xff, 0xef,
    0xff, 0xf0, 0x0, 0x0, 0x7, 0xff, 0xff, 0xff,
    0xf0, 0x0, 0x0, 0x1, 0xff, 0xff, 0xff, 0xf8,
    0x0, 0x0, 0x0, 0xff, 0xff, 0xff, 0xfc, 0x0,
    0x0, 0x0, 0x7f, 0xff, 0xff, 0xfe, 0x0, 0x0,
    0x0, 0x3f, 0xff, 0xff, 0xff, 0x0, 0x0, 0x0,
    0x1f, 0xff, 0xff, 0xff, 0x80, 0x0, 0x0, 0xf,
    0xff, 0xff, 0xff, 0xc0, 0x0, 0x0, 0x7, 0xff,
    0xff, 0xff, 0xe0, 0x0, 0x0, 0x3, 0xff, 0xff,
    0xff, 0xf0, 0x0, 0x0, 0x1, 0xff, 0xff, 0xff,
    0xf8, 0x0, 0x0, 0x0, 0xff, 0xff, 0xff, 0xfc,
    0x0, 0x0, 0x0, 0x7f, 0xff, 0xff, 0xfe, 0x0,
    0x0, 0x0, 0x3f, 0xff, 0xff, 0xff, 0x0, 0x0,
    0x0, 0x1f, 0xff, 0xff, 0xff, 0x80, 0x0, 0x0,
    0xf, 0xff, 0xff, 0xff, 0xe0, 0x0, 0x0, 0xf,
    0xff, 0xf7, 0xff, 0xf0, 0x0, 0x0, 0x7, 0xff,
    0xf3, 0xff, 0xf8, 0x0, 0x0, 0x3, 0xff, 0xf9,
    0xff, 0xfc, 0x0, 0x0, 0x1, 0xff, 0xfc, 0xff,
    0xff, 0x0, 0x0, 0x1, 0xff, 0xfe, 0x7f, 0xff,
    0x80, 0x0, 0x0, 0xff, 0xff, 0x1f, 0xff, 0xc0,
    0x0, 0x0, 0x7f, 0xff, 0xf, 0xff, 0xf0, 0x0,
    0x0, 0x7f, 0xff, 0x87, 0xff, 0xf8, 0x0, 0x0,
    0x3f, 0xff, 0xc3, 0xff, 0xfe, 0x0, 0x0, 0x3f,
    0xff, 0xc0, 0xff, 0xff, 0x80, 0x0, 0x3f, 0xff,
    0xe0, 0x7f, 0xff, 0xe0, 0x0, 0x3f, 0xff, 0xf0,
    0x1f, 0xff, 0xf8, 0x0, 0x3f, 0xff, 0xf0, 0xf,
    0xff, 0xff, 0x80, 0xff, 0xff, 0xf8, 0x3, 0xff,
    0xff, 0xff, 0xff, 0xff, 0xf8, 0x1, 0xff, 0xff,
    0xff, 0xff, 0xff, 0xfc, 0x0, 0x7f, 0xff, 0xff,
    0xff, 0xff, 0xfc, 0x0, 0x3f, 0xff, 0xff, 0xff,
    0xff, 0xfe, 0x0, 0xf, 0xff, 0xff, 0xff, 0xff,
    0xfe, 0x0, 0x3, 0xff, 0xff, 0xff, 0xff, 0xfe,
    0x0, 0x0, 0xff, 0xff, 0xff, 0xff, 0xfe, 0x0,
    0x0, 0x3f, 0xff, 0xff, 0xff, 0xfe, 0x0, 0x0,
    0xf, 0xff, 0xff, 0xff, 0xfe, 0x0, 0x0, 0x3,
    0xff, 0xff, 0xff, 0xfe, 0x0, 0x0, 0x0, 0xff,
    0xff, 0xff, 0xfe, 0x0, 0x0, 0x0, 0x1f, 0xff,
    0xff, 0xfc, 0x0, 0x0, 0x0, 0x3, 0xff, 0xff,
    0xf8, 0x0, 0x0, 0x0, 0x0, 0x7f, 0xff, 0xf0,
    0x0, 0x0, 0x0, 0x0, 0x3, 0xff, 0x80, 0x0,
    0x0,

    /* U+0070 "p" */
    0x0, 0x0, 0x0, 0x3f, 0xe0, 0x0, 0x0, 0x0,
    0x0, 0x3, 0xff, 0xf0, 0x0, 0xf, 0xff, 0xc0,
    0x3f, 0xff, 0xf0, 0x0, 0x3f, 0xff, 0x3, 0xff,
    0xff, 0xf0, 0x0, 0xff, 0xfc, 0x1f, 0xff, 0xff,
    0xe0, 0x3, 0xff, 0xf0, 0xff, 0xff, 0xff, 0xc0,
    0xf, 0xff, 0xc7, 0xff, 0xff, 0xff, 0x80, 0x3f,
    0xff, 0x1f, 0xff, 0xff, 0xff, 0x0, 0xff, 0xfc,
    0xff, 0xff, 0xff, 0xfe, 0x3, 0xff, 0xf7, 0xff,
    0xff, 0xff, 0xfc, 0xf, 0xff, 0xdf, 0xff, 0xff,
    0xff, 0xf0, 0x3f, 0xff, 0xff, 0xff, 0xff, 0xff,
    0xe0, 0xff, 0xff, 0xff, 0xff, 0xff, 0xff, 0x83,
    0xff, 0xff, 0xff, 0xff, 0xff, 0xff, 0xf, 0xff,
    0xff, 0xff, 0xff, 0xff, 0xfc, 0x3f, 0xff, 0xff,
    0x80, 0xff, 0xff, 0xf8, 0xff, 0xff, 0xf8, 0x0,
    0xff, 0xff, 0xe3, 0xff, 0xff, 0xc0, 0x1, 0xff,
    0xff, 0x8f, 0xff, 0xfe, 0x0, 0x3, 0xff, 0xff,
    0x3f, 0xff, 0xf0, 0x0, 0x7, 0xff, 0xfc, 0xff,
    0xff, 0x80, 0x0, 0xf, 0xff, 0xf3, 0xff, 0xfe,
    0x0, 0x0, 0x3f, 0xff, 0xef, 0xff, 0xf0, 0x0,
    0x0, 0x7f, 0xff, 0xbf, 0xff, 0xc0, 0x0, 0x1,
    0xff, 0xfe, 0xff, 0xff, 0x0, 0x0, 0x3, 0xff,
    0xfb, 0xff, 0xf8, 0x0, 0x0, 0xf, 0xff, 0xef,
    0xff, 0xe0, 0x0, 0x0, 0x3f, 0xff, 0xff, 0xff,
    0x80, 0x0, 0x0, 0xff, 0xff, 0xff, 0xfe, 0x0,
    0x0, 0x3, 0xff, 0xff, 0xff, 0xf8, 0x0, 0x0,
    0x7, 0xff, 0xff, 0xff, 0xc0, 0x0, 0x0, 0x1f,
    0xff, 0xff, 0xff, 0x0, 0x0, 0x0, 0x7f, 0xff,
    0xff, 0xfc, 0x0, 0x0, 0x1, 0xff, 0xff, 0xff,
    0xf0, 0x0, 0x0, 0x7, 0xff, 0xff, 0xff, 0xc0,
    0x0, 0x0, 0x1f, 0xff, 0xff, 0xff, 0x0, 0x0,
    0x0, 0x7f, 0xff, 0xff, 0xfc, 0x0, 0x0, 0x1,
    0xff, 0xff, 0xff, 0xf0, 0x0, 0x0, 0x7, 0xff,
    0xff, 0xff, 0xc0, 0x0, 0x0, 0x1f, 0xff, 0xff,
    0xff, 0x0, 0x0, 0x0, 0x7f, 0xff, 0xff, 0xfc,
    0x0, 0x0, 0x1, 0xff, 0xff, 0xff, 0xf0, 0x0,
    0x0, 0x7, 0xff, 0xff, 0xff, 0xe0, 0x0, 0x0,
    0x3f, 0xff, 0xff, 0xff, 0x80, 0x0, 0x0, 0xff,
    0xfe, 0xff, 0xfe, 0x0, 0x0, 0x3, 0xff, 0xfb,
    0xff, 0xf8, 0x0, 0x0, 0xf, 0xff, 0xef, 0xff,
    0xe0, 0x0, 0x0, 0x7f, 0xff, 0xbf, 0xff, 0xc0,
    0x0, 0x1, 0xff, 0xfe, 0xff, 0xff, 0x0, 0x0,
    0x7, 0xff, 0xfb, 0xff, 0xfe, 0x0, 0x0, 0x3f,
    0xff, 0xcf, 0xff, 0xf8, 0x0, 0x0, 0xff, 0xff,
    0x3f, 0xff, 0xf0, 0x0, 0x7, 0xff, 0xfc, 0xff,
    0xff, 0xe0, 0x0, 0x3f, 0xff, 0xf3, 0xff, 0xff,
    0xc0, 0x1, 0xff, 0xff, 0x8f, 0xff, 0xff, 0x80,
    0xf, 0xff, 0xfe, 0x3f, 0xff, 0xff, 0xc0, 0xff,
    0xff, 0xf8, 0xff, 0xff, 0xff, 0xff, 0xff, 0xff,
    0xc3, 0xff, 0xff, 0xff, 0xff, 0xff, 0xff, 0xf,
    0xff, 0xff, 0xff, 0xff, 0xff, 0xf8, 0x3f, 0xff,
    0xff, 0xff, 0xff, 0xff, 0xe0, 0xff, 0xff, 0xff,
    0xff, 0xff, 0xff, 0x3, 0xff, 0xfb, 0xff, 0xff,
    0xff, 0xfc, 0xf, 0xff, 0xef, 0xff, 0xff, 0xff,
    0xe0, 0x3f, 0xff, 0x9f, 0xff, 0xff, 0xff, 0x0,
    0xff, 0xfe, 0x7f, 0xff, 0xff, 0xf8, 0x3, 0xff,
    0xf8, 0xff, 0xff, 0xff, 0xc0, 0xf, 0xff, 0xe1,
    0xff, 0xff, 0xfe, 0x0, 0x3f, 0xff, 0x83, 0xff,
    0xff, 0xf0, 0x0, 0xff, 0xfe, 0x7, 0xff, 0xff,
    0x0, 0x3, 0xff, 0xf8, 0x7, 0xff, 0xf8, 0x0,
    0xf, 0xff, 0xe0, 0x3, 0xfe, 0x0, 0x0, 0x3f,
    0xff, 0x80, 0x0, 0x0, 0x0, 0x0, 0xff, 0xfe,
    0x0, 0x0, 0x0, 0x0, 0x3, 0xff, 0xf8, 0x0,
    0x0, 0x0, 0x0, 0xf, 0xff, 0xe0, 0x0, 0x0,
    0x0, 0x0, 0x3f, 0xff, 0x80, 0x0, 0x0, 0x0,
    0x0, 0xff, 0xfe, 0x0, 0x0, 0x0, 0x0, 0x3,
    0xff, 0xf8, 0x0, 0x0, 0x0, 0x0, 0xf, 0xff,
    0xe0, 0x0, 0x0, 0x0, 0x0, 0x3f, 0xff, 0x80,
    0x0, 0x0, 0x0, 0x0, 0xff, 0xfe, 0x0, 0x0,
    0x0, 0x0, 0x3, 0xff, 0xf8, 0x0, 0x0, 0x0,
    0x0, 0xf, 0xff, 0xe0, 0x0, 0x0, 0x0, 0x0,
    0x3f, 0xff, 0x80, 0x0, 0x0, 0x0, 0x0, 0xff,
    0xfe, 0x0, 0x0, 0x0, 0x0, 0x3, 0xff, 0xf8,
    0x0, 0x0, 0x0, 0x0, 0xf, 0xff, 0xe0, 0x0,
    0x0, 0x0, 0x0, 0x3f, 0xff, 0x80, 0x0, 0x0,
    0x0, 0x0, 0xff, 0xfe, 0x0, 0x0, 0x0, 0x0,
    0x3, 0xff, 0xf8, 0x0, 0x0, 0x0, 0x0, 0xf,
    0xff, 0xe0, 0x0, 0x0, 0x0, 0x0, 0x3f, 0xff,
    0x80, 0x0, 0x0, 0x0, 0x0, 0xff, 0xfe, 0x0,
    0x0, 0x0, 0x0, 0x3, 0xff, 0xf8, 0x0, 0x0,
    0x0, 0x0, 0xf, 0xff, 0xe0, 0x0, 0x0, 0x0,
    0x0, 0x3f, 0xff, 0x80, 0x0, 0x0, 0x0, 0x0,

    /* U+0071 "q" */
    0x0, 0x0, 0xf, 0xf8, 0x0, 0x0, 0x0, 0x0,
    0x1, 0xff, 0xfe, 0x0, 0x0, 0x0, 0x0, 0xf,
    0xff, 0xfe, 0x3, 0xff, 0xf8, 0x0, 0x3f, 0xff,
    0xff, 0x7, 0xff, 0xf0, 0x0, 0xff, 0xff, 0xff,
    0xf, 0xff, 0xe0, 0x7, 0xff, 0xff, 0xff, 0x1f,
    0xff, 0xc0, 0x1f, 0xff, 0xff, 0xfe, 0x3f, 0xff,
    0x80, 0x7f, 0xff, 0xff, 0xfe, 0x7f, 0xff, 0x0,
    0xff, 0xff, 0xff, 0xfe, 0xff, 0xfe, 0x3, 0xff,
    0xff, 0xff, 0xfd, 0xff, 0xfc, 0xf, 0xff, 0xff,
    0xff, 0xff, 0xff, 0xf8, 0x1f, 0xff, 0xff, 0xff,
    0xff, 0xff, 0xf0, 0x7f, 0xff, 0xff, 0xff, 0xff,
    0xff, 0xe0, 0xff, 0xff, 0xff, 0xff, 0xff, 0xff,
    0xc3, 0xff, 0xff, 0xff, 0xff, 0xff, 0xff, 0x87,
    0xff, 0xff, 0x81, 0xff, 0xff, 0xff, 0x1f, 0xff,
    0xfc, 0x0, 0x7f, 0xff, 0xfe, 0x3f, 0xff, 0xf0,
    0x0, 0x7f, 0xff, 0xfc, 0x7f, 0xff, 0xc0, 0x0,
    0x7f, 0xff, 0xf9, 0xff, 0xff, 0x0, 0x0, 0x7f,
    0xff, 0xf3, 0xff, 0xfc, 0x0, 0x0, 0x7f, 0xff,
    0xe7, 0xff, 0xf8, 0x0, 0x0, 0xff, 0xff, 0xcf,
    0xff, 0xe0, 0x0, 0x0, 0xff, 0xff, 0xbf, 0xff,
    0xc0, 0x0, 0x1, 0xff, 0xff, 0x7f, 0xff, 0x80,
    0x0, 0x1, 0xff, 0xfe, 0xff, 0xfe, 0x0, 0x0,
    0x3, 0xff, 0xfd, 0xff, 0xfc, 0x0, 0x0, 0x7,
    0xff, 0xfb, 0xff, 0xf8, 0x0, 0x0, 0x7, 0xff,
    0xff, 0xff, 0xf0, 0x0, 0x0, 0xf, 0xff, 0xff,
    0xff, 0xc0, 0x0, 0x0, 0x1f, 0xff, 0xff, 0xff,
    0x80, 0x0, 0x0, 0x3f, 0xff, 0xff, 0xff, 0x0,
    0x0, 0x0, 0x7f, 0xff, 0xff, 0xfe, 0x0, 0x0,
    0x0, 0xff, 0xff, 0xff, 0xfc, 0x0, 0x0, 0x1,
    0xff, 0xff, 0xff, 0xf8, 0x0, 0x0, 0x3, 0xff,
    0xff, 0xff, 0xf0, 0x0, 0x0, 0x7, 0xff, 0xff,
    0xff, 0xe0, 0x0, 0x0, 0xf, 0xff, 0xff, 0xff,
    0xc0, 0x0, 0x0, 0x1f, 0xff, 0xff, 0xff, 0x80,
    0x0, 0x0, 0x3f, 0xff, 0xff, 0xff, 0x0, 0x0,
    0x0, 0x7f, 0xff, 0xff, 0xfe, 0x0, 0x0, 0x0,
    0xff, 0xff, 0xff, 0xfc, 0x0, 0x0, 0x1, 0xff,
    0xff, 0xff, 0xf8, 0x0, 0x0, 0x3, 0xff, 0xff,
    0xff, 0xf8, 0x0, 0x0, 0x7, 0xff, 0xf7, 0xff,
    0xf0, 0x0, 0x0, 0xf, 0xff, 0xef, 0xff, 0xe0,
    0x0, 0x0, 0x3f, 0xff, 0xdf, 0xff, 0xc0, 0x0,
    0x0, 0x7f, 0xff, 0xbf, 0xff, 0xc0, 0x0, 0x0,
    0xff, 0xff, 0x7f, 0xff, 0x80, 0x0, 0x3, 0xff,
    0xfe, 0xff, 0xff, 0x0, 0x0, 0x7, 0xff, 0xfc,
    0xff, 0xff, 0x0, 0x0, 0x1f, 0xff, 0xf9, 0xff,
    0xfe, 0x0, 0x0, 0x7f, 0xff, 0xf3, 0xff, 0xfe,
    0x0, 0x0, 0xff, 0xff, 0xe3, 0xff, 0xfe, 0x0,
    0x3, 0xff, 0xff, 0xc7, 0xff, 0xff, 0x0, 0x1f,
    0xff, 0xff, 0x8f, 0xff, 0xff, 0x80, 0xff, 0xff,
    0xff, 0xf, 0xff, 0xff, 0xff, 0xff, 0xff, 0xfe,
    0x1f, 0xff, 0xff, 0xff, 0xff, 0xff, 0xfc, 0x1f,
    0xff, 0xff, 0xff, 0xff, 0xff, 0xf8, 0x3f, 0xff,
    0xff, 0xff, 0xff, 0xff, 0xf0, 0x3f, 0xff, 0xff,
    0xff, 0xff, 0xff, 0xe0, 0x3f, 0xff, 0xff, 0xff,
    0xdf, 0xff, 0xc0, 0x7f, 0xff, 0xff, 0xff, 0xbf,
    0xff, 0x80, 0x7f, 0xff, 0xff, 0xfe, 0x7f, 0xff,
    0x0, 0x7f, 0xff, 0xff, 0xfc, 0xff, 0xfe, 0x0,
    0x7f, 0xff, 0xff, 0xf1, 0xff, 0xfc, 0x0, 0x7f,
    0xff, 0xff, 0xc3, 0xff, 0xf8, 0x0, 0x7f, 0xff,
    0xff, 0x7, 0xff, 0xf0, 0x0, 0x3f, 0xff, 0xf8,
    0xf, 0xff, 0xe0, 0x0, 0x1f, 0xff, 0xc0, 0x1f,
    0xff, 0xc0, 0x0, 0x7, 0xfc, 0x0, 0x3f, 0xff,
    0x80, 0x0, 0x0, 0x0, 0x0, 0x7f, 0xff, 0x0,
    0x0, 0x0, 0x0, 0x0, 0xff, 0xfe, 0x0, 0x0,
    0x0, 0x0, 0x1, 0xff, 0xfc, 0x0, 0x0, 0x0,
    0x0, 0x3, 0xff, 0xf8, 0x0, 0x0, 0x0, 0x0,
    0x7, 0xff, 0xf0, 0x0, 0x0, 0x0, 0x0, 0xf,
    0xff, 0xe0, 0x0, 0x0, 0x0, 0x0, 0x1f, 0xff,
    0xc0, 0x0, 0x0, 0x0, 0x0, 0x3f, 0xff, 0x80,
    0x0, 0x0, 0x0, 0x0, 0x7f, 0xff, 0x0, 0x0,
    0x0, 0x0, 0x0, 0xff, 0xfe, 0x0, 0x0, 0x0,
    0x0, 0x1, 0xff, 0xfc, 0x0, 0x0, 0x0, 0x0,
    0x3, 0xff, 0xf8, 0x0, 0x0, 0x0, 0x0, 0x7,
    0xff, 0xf0, 0x0, 0x0, 0x0, 0x0, 0xf, 0xff,
    0xe0, 0x0, 0x0, 0x0, 0x0, 0x1f, 0xff, 0xc0,
    0x0, 0x0, 0x0, 0x0, 0x3f, 0xff, 0x80, 0x0,
    0x0, 0x0, 0x0, 0x7f, 0xff, 0x0, 0x0, 0x0,
    0x0, 0x0, 0xff, 0xfe, 0x0, 0x0, 0x0, 0x0,
    0x1, 0xff, 0xfc, 0x0, 0x0, 0x0, 0x0, 0x3,
    0xff, 0xf8, 0x0, 0x0, 0x0, 0x0, 0x7, 0xff,
    0xf0, 0x0, 0x0, 0x0, 0x0, 0xf, 0xff, 0xe0,
    0x0, 0x0, 0x0, 0x0, 0x1f, 0xff, 0xc0, 0x0,
    0x0, 0x0, 0x0, 0x3f, 0xff, 0x80, 0x0, 0x0,
    0x0, 0x0, 0x7f, 0xff,

    /* U+0072 "r" */
    0x0, 0x0, 0x0, 0x3f, 0x0, 0x0, 0x1, 0xff,
    0xff, 0xfc, 0x3, 0xff, 0xff, 0xfc, 0x7, 0xff,
    0xff, 0xfc, 0xf, 0xff, 0xff, 0xfc, 0x1f, 0xff,
    0xff, 0xfc, 0x3f, 0xff, 0xff, 0xfc, 0x7f, 0xff,
    0xff, 0xfc, 0x7f, 0xff, 0xff, 0xfc, 0xff, 0xff,
    0xff, 0xfc, 0xff, 0xff, 0xff, 0xfd, 0xff, 0xff,
    0xff, 0xfd, 0xff, 0xff, 0xff, 0xff, 0xff, 0xff,
    0xff, 0xff, 0xff, 0xff, 0xff, 0xff, 0xff, 0xff,
    0xff, 0xff, 0xff, 0xff, 0xff, 0xff, 0xff, 0xff,
    0xff, 0xff, 0xff, 0x0, 0xff, 0xff, 0xf8, 0x0,
    0xff, 0xff, 0xf0, 0x0, 0xff, 0xff, 0xe0, 0x0,
    0xff, 0xff, 0xc0, 0x0, 0xff, 0xff, 0x80, 0x0,
    0xff, 0xff, 0x80, 0x0, 0xff, 0xff, 0x0, 0x0,
    0xff, 0xff, 0x0, 0x0, 0xff, 0xff, 0x0, 0x0,
    0xff, 0xff, 0x0, 0x0, 0xff, 0xfe, 0x0, 0x0,
    0xff, 0xfe, 0x0, 0x0, 0xff, 0xfe, 0x0, 0x0,
    0xff, 0xfe, 0x0, 0x0, 0xff, 0xfe, 0x0, 0x0,
    0xff, 0xfe, 0x0, 0x0, 0xff, 0xfe, 0x0, 0x0,
    0xff, 0xfe, 0x0, 0x0, 0xff, 0xfe, 0x0, 0x0,
    0xff, 0xfe, 0x0, 0x0, 0xff, 0xfe, 0x0, 0x0,
    0xff, 0xfe, 0x0, 0x0, 0xff, 0xfe, 0x0, 0x0,
    0xff, 0xfe, 0x0, 0x0, 0xff, 0xfe, 0x0, 0x0,
    0xff, 0xfe, 0x0, 0x0, 0xff, 0xfe, 0x0, 0x0,
    0xff, 0xfe, 0x0, 0x0, 0xff, 0xfe, 0x0, 0x0,
    0xff, 0xfe, 0x0, 0x0, 0xff, 0xfe, 0x0, 0x0,
    0xff, 0xfe, 0x0, 0x0, 0xff, 0xfe, 0x0, 0x0,
    0xff, 0xfe, 0x0, 0x0, 0xff, 0xfe, 0x0, 0x0,
    0xff, 0xfe, 0x0, 0x0, 0xff, 0xfe, 0x0, 0x0,
    0xff, 0xfe, 0x0, 0x0, 0xff, 0xfe, 0x0, 0x0,
    0xff, 0xfe, 0x0, 0x0, 0xff, 0xfe, 0x0, 0x0,
    0xff, 0xfe, 0x0, 0x0, 0xff, 0xfe, 0x0, 0x0,
    0xff, 0xfe, 0x0, 0x0, 0xff, 0xfe, 0x0, 0x0,
    0xff, 0xfe, 0x0, 0x0, 0xff, 0xfe, 0x0, 0x0,
    0xff, 0xfe, 0x0, 0x0, 0xff, 0xfe, 0x0, 0x0,
    0xff, 0xfe, 0x0, 0x0, 0xff, 0xfe, 0x0, 0x0,

    /* U+0073 "s" */
    0x0, 0x0, 0x1f, 0xfe, 0x0, 0x0, 0x0, 0x0,
    0x1f, 0xff, 0xff, 0x0, 0x0, 0x0, 0x7, 0xff,
    0xff, 0xfe, 0x0, 0x0, 0x0, 0xff, 0xff, 0xff,
    0xf8, 0x0, 0x0, 0x3f, 0xff, 0xff, 0xff, 0xc0,
    0x0, 0x7, 0xff, 0xff, 0xff, 0xfe, 0x0, 0x0,
    0xff, 0xff, 0xff, 0xff, 0xf0, 0x0, 0x1f, 0xff,
    0xff, 0xff, 0xff, 0x80, 0x3, 0xff, 0xff, 0xff,
    0xff, 0xfc, 0x0, 0x3f, 0xff, 0xff, 0xff, 0xff,
    0xe0, 0x7, 0xff, 0xff, 0xff, 0xff, 0xfe, 0x0,
    0xff, 0xff, 0xff, 0xff, 0xff, 0xf0, 0xf, 0xff,
    0xff, 0xff, 0xff, 0xff, 0x0, 0xff, 0xff, 0xc0,
    0x3f, 0xff, 0xf8, 0x1f, 0xff, 0xe0, 0x0, 0xff,
    0xff, 0x81, 0xff, 0xfc, 0x0, 0x7, 0xff, 0xf8,
    0x1f, 0xff, 0xc0, 0x0, 0x3f, 0xff, 0x81, 0xff,
    0xf8, 0x0, 0x3, 0xff, 0xfc, 0x3f, 0xff, 0x80,
    0x0, 0x1f, 0xff, 0xc3, 0xff, 0xf8, 0x0, 0x1,
    0xff, 0xfc, 0x3f, 0xff, 0x80, 0x0, 0x1f, 0xff,
    0xc3, 0xff, 0xf8, 0x0, 0x1, 0xff, 0xfc, 0x3f,
    0xff, 0xc0, 0x0, 0x0, 0x0, 0x3, 0xff, 0xfe,
    0x0, 0x0, 0x0, 0x0, 0x3f, 0xff, 0xf8, 0x0,
    0x0, 0x0, 0x3, 0xff, 0xff, 0xe0, 0x0, 0x0,
    0x0, 0x3f, 0xff, 0xff, 0xc0, 0x0, 0x0, 0x3,
    0xff, 0xff, 0xff, 0xc0, 0x0, 0x0, 0x1f, 0xff,
    0xff, 0xff, 0xc0, 0x0, 0x1, 0xff, 0xff, 0xff,
    0xff, 0xc0, 0x0, 0x1f, 0xff, 0xff, 0xff, 0xff,
    0x0, 0x1, 0xff, 0xff, 0xff, 0xff, 0xfc, 0x0,
    0xf, 0xff, 0xff, 0xff, 0xff, 0xf0, 0x0, 0x7f,
    0xff, 0xff, 0xff, 0xff, 0x80, 0x7, 0xff, 0xff,
    0xff, 0xff, 0xfc, 0x0, 0x3f, 0xff, 0xff, 0xff,
    0xff, 0xe0, 0x1, 0xff, 0xff, 0xff, 0xff, 0xff,
    0x0, 0xf, 0xff, 0xff, 0xff, 0xff, 0xf8, 0x0,
    0x7f, 0xff, 0xff, 0xff, 0xff, 0xc0, 0x1, 0xff,
    0xff, 0xff, 0xff, 0xfc, 0x0, 0x7, 0xff, 0xff,
    0xff, 0xff, 0xe0, 0x0, 0x1f, 0xff, 0xff, 0xff,
    0xfe, 0x0, 0x0, 0x3f, 0xff, 0xff, 0xff, 0xe0,
    0x0, 0x0, 0x3f, 0xff, 0xff, 0xff, 0x0, 0x0,
    0x0, 0x3f, 0xff, 0xff, 0xf0, 0x0, 0x0, 0x0,
    0x3f, 0xff, 0xff, 0x0, 0x0, 0x0, 0x0, 0xff,
    0xff, 0xf0, 0x0, 0x0, 0x0, 0x3, 0xff, 0xff,
    0x0, 0x0, 0x0, 0x0, 0xf, 0xff, 0xff, 0xff,
    0xe0, 0x0, 0x0, 0xff, 0xff, 0xff, 0xfe, 0x0,
    0x0, 0x7, 0xff, 0xff, 0xff, 0xe0, 0x0, 0x0,
    0x7f, 0xff, 0xff, 0xff, 0x0, 0x0, 0x7, 0xff,
    0xff, 0xff, 0xf0, 0x0, 0x0, 0x7f, 0xff, 0x7f,
    0xff, 0x0, 0x0, 0xf, 0xff, 0xe7, 0xff, 0xf8,
    0x0, 0x0, 0xff, 0xfe, 0x7f, 0xff, 0xc0, 0x0,
    0x1f, 0xff, 0xe7, 0xff, 0xff, 0x0, 0x3, 0xff,
    0xfe, 0x3f, 0xff, 0xfc, 0x1, 0xff, 0xff, 0xc3,
    0xff, 0xff, 0xff, 0xff, 0xff, 0xfc, 0x1f, 0xff,
    0xff, 0xff, 0xff, 0xff, 0x81, 0xff, 0xff, 0xff,
    0xff, 0xff, 0xf8, 0xf, 0xff, 0xff, 0xff, 0xff,
    0xff, 0x0, 0x7f, 0xff, 0xff, 0xff, 0xff, 0xe0,
    0x3, 0xff, 0xff, 0xff, 0xff, 0xfc, 0x0, 0x1f,
    0xff, 0xff, 0xff, 0xff, 0xc0, 0x0, 0xff, 0xff,
    0xff, 0xff, 0xf0, 0x0, 0x7, 0xff, 0xff, 0xff,
    0xfe, 0x0, 0x0, 0x1f, 0xff, 0xff, 0xff, 0xc0,
    0x0, 0x0, 0x7f, 0xff, 0xff, 0xf0, 0x0, 0x0,
    0x0, 0xff, 0xff, 0xf8, 0x0, 0x0, 0x0, 0x0,
    0x7f, 0xf8, 0x0, 0x0,

    /* U+0074 "t" */
    0x1, 0xff, 0xfc, 0x0, 0x3, 0xff, 0xf8, 0x0,
    0x7, 0xff, 0xf0, 0x0, 0xf, 0xff, 0xe0, 0x0,
    0x1f, 0xff, 0xc0, 0x0, 0x3f, 0xff, 0x80, 0x0,
    0x7f, 0xff, 0x0, 0x0, 0xff, 0xfe, 0x0, 0x1,
    0xff, 0xfc, 0x0, 0x3, 0xff, 0xf8, 0x0, 0x7,
    0xff, 0xf0, 0x0, 0xf, 0xff, 0xe0, 0x0, 0x1f,
    0xff, 0xc0, 0x0, 0x3f, 0xff, 0x80, 0x0, 0x7f,
    0xff, 0x0, 0x0, 0xff, 0xfe, 0x0, 0x1, 0xff,
    0xfc, 0x0, 0x3, 0xff, 0xf8, 0x0, 0x7, 0xff,
    0xf0, 0x7, 0xff, 0xff, 0xff, 0xff, 0xff, 0xff,
    0xff, 0xff, 0xff, 0xff, 0xff, 0xff, 0xff, 0xff,
    0xff, 0xff, 0xff, 0xff, 0xff, 0xff, 0xff, 0xff,
    0xff, 0xff, 0xff, 0xff, 0xff, 0xff, 0xff, 0xff,
    0xff, 0xff, 0xff, 0xff, 0xff, 0xff, 0xff, 0xff,
    0xff, 0xff, 0xff, 0xff, 0xff, 0xff, 0xff, 0xff,
    0xff, 0xff, 0xff, 0xff, 0x1, 0xff, 0xfc, 0x0,
    0x3, 0xff, 0xf8, 0x0, 0x7, 0xff, 0xf0, 0x0,
    0xf, 0xff, 0xe0, 0x0, 0x1f, 0xff, 0xc0, 0x0,
    0x3f, 0xff, 0x80, 0x0, 0x7f, 0xff, 0x0, 0x0,
    0xff, 0xfe, 0x0, 0x1, 0xff, 0xfc, 0x0, 0x3,
    0xff, 0xf8, 0x0, 0x7, 0xff, 0xf0, 0x0, 0xf,
    0xff, 0xe0, 0x0, 0x1f, 0xff, 0xc0, 0x0, 0x3f,
    0xff, 0x80, 0x0, 0x7f, 0xff, 0x0, 0x0, 0xff,
    0xfe, 0x0, 0x1, 0xff, 0xfc, 0x0, 0x3, 0xff,
    0xf8, 0x0, 0x7, 0xff, 0xf0, 0x0, 0xf, 0xff,
    0xe0, 0x0, 0x1f, 0xff, 0xc0, 0x0, 0x3f, 0xff,
    0x80, 0x0, 0x7f, 0xff, 0x0, 0x0, 0xff, 0xfe,
    0x0, 0x1, 0xff, 0xfc, 0x0, 0x3, 0xff, 0xf8,
    0x0, 0x7, 0xff, 0xf0, 0x0, 0xf, 0xff, 0xe0,
    0x0, 0x1f, 0xff, 0xc0, 0x0, 0x3f, 0xff, 0x80,
    0x0, 0x7f, 0xff, 0x0, 0x0, 0xff, 0xfe, 0x0,
    0x1, 0xff, 0xfc, 0x0, 0x3, 0xff, 0xf8, 0x0,
    0x7, 0xff, 0xf0, 0x0, 0xf, 0xff, 0xe0, 0x0,
    0x1f, 0xff, 0xc0, 0x0, 0x3f, 0xff, 0x80, 0x0,
    0x7f, 0xff, 0x0, 0x0, 0xff, 0xfe, 0x0, 0x1,
    0xff, 0xfc, 0x0, 0x3, 0xff, 0xfc, 0x0, 0x7,
    0xff, 0xfc, 0x0, 0xf, 0xff, 0xff, 0xf0, 0x1f,
    0xff, 0xff, 0xe0, 0x3f, 0xff, 0xff, 0xc0, 0x7f,
    0xff, 0xff, 0x80, 0x7f, 0xff, 0xff, 0x0, 0xff,
    0xff, 0xfe, 0x1, 0xff, 0xff, 0xfc, 0x1, 0xff,
    0xff, 0xf8, 0x3, 0xff, 0xff, 0xf0, 0x3, 0xff,
    0xff, 0xe0, 0x1, 0xff, 0xff, 0xc0, 0x1, 0xff,
    0xff, 0x80, 0x0, 0x7f, 0xff,

    /* U+0075 "u" */
    0xff, 0xfe, 0x0, 0x0, 0x1f, 0xff, 0xff, 0xff,
    0x80, 0x0, 0x7, 0xff, 0xff, 0xff, 0xe0, 0x0,
    0x1, 0xff, 0xff, 0xff, 0xf8, 0x0, 0x0, 0x7f,
    0xff, 0xff, 0xfe, 0x0, 0x0, 0x1f, 0xff, 0xff,
    0xff, 0x80, 0x0, 0x7, 0xff, 0xff, 0xff, 0xe0,
    0x0, 0x1, 0xff, 0xff, 0xff, 0xf8, 0x0, 0x0,
    0x7f, 0xff, 0xff, 0xfe, 0x0, 0x0, 0x1f, 0xff,
    0xff, 0xff, 0x80, 0x0, 0x7, 0xff, 0xff, 0xff,
    0xe0, 0x0, 0x1, 0xff, 0xff, 0xff, 0xf8, 0x0,
    0x0, 0x7f, 0xff, 0xff, 0xfe, 0x0, 0x0, 0x1f,
    0xff, 0xff, 0xff, 0x80, 0x0, 0x7, 0xff, 0xff,
    0xff, 0xe0, 0x0, 0x1, 0xff, 0xff, 0xff, 0xf8,
    0x0, 0x0, 0x7f, 0xff, 0xff, 0xfe, 0x0, 0x0,
    0x1f, 0xff, 0xff, 0xff, 0x80, 0x0, 0x7, 0xff,
    0xff, 0xff, 0xe0, 0x0, 0x1, 0xff, 0xff, 0xff,
    0xf8, 0x0, 0x0, 0x7f, 0xff, 0xff, 0xfe, 0x0,
    0x0, 0x1f, 0xff, 0xff, 0xff, 0x80, 0x0, 0x7,
    0xff, 0xff, 0xff, 0xe0, 0x0, 0x1, 0xff, 0xff,
    0xff, 0xf8, 0x0, 0x0, 0x7f, 0xff, 0xff, 0xfe,
    0x0, 0x0, 0x1f, 0xff, 0xff, 0xff, 0x80, 0x0,
    0x7, 0xff, 0xff, 0xff, 0xe0, 0x0, 0x1, 0xff,
    0xff, 0xff, 0xf8, 0x0, 0x0, 0x7f, 0xff, 0xff,
    0xfe, 0x0, 0x0, 0x1f, 0xff, 0xff, 0xff, 0x80,
    0x0, 0x7, 0xff, 0xff, 0xff, 0xe0, 0x0, 0x1,
    0xff, 0xff, 0xff, 0xf8, 0x0, 0x0, 0x7f, 0xff,
    0xff, 0xfe, 0x0, 0x0, 0x1f, 0xff, 0xff, 0xff,
    0x80, 0x0, 0x7, 0xff, 0xff, 0xff, 0xe0, 0x0,
    0x1, 0xff, 0xff, 0xff, 0xf8, 0x0, 0x0, 0x7f,
    0xff, 0xff, 0xfe, 0x0, 0x0, 0x1f, 0xff, 0xff,
    0xff, 0x80, 0x0, 0x7, 0xff, 0xff, 0xff, 0xe0,
    0x0, 0x1, 0xff, 0xff, 0xff, 0xf8, 0x0, 0x0,
    0x7f, 0xff, 0xff, 0xfe, 0x0, 0x0, 0x1f, 0xff,
    0xff, 0xff, 0x80, 0x0, 0x7, 0xff, 0xff, 0xff,
    0xe0, 0x0, 0x1, 0xff, 0xff, 0xff, 0xf8, 0x0,
    0x0, 0x7f, 0xff, 0xff, 0xfe, 0x0, 0x0, 0x1f,
    0xff, 0xff, 0xff, 0x80, 0x0, 0xf, 0xff, 0xff,
    0xff, 0xe0, 0x0, 0x3, 0xff, 0xff, 0xff, 0xf8,
    0x0, 0x0, 0xff, 0xff, 0xff, 0xff, 0x0, 0x0,
    0x7f, 0xff, 0xff, 0xff, 0xc0, 0x0, 0x1f, 0xff,
    0xff, 0xff, 0xf0, 0x0, 0xf, 0xff, 0xff, 0xff,
    0xfe, 0x0, 0x3, 0xff, 0xff, 0x7f, 0xff, 0xc0,
    0x1, 0xff, 0xff, 0xdf, 0xff, 0xf8, 0x1, 0xff,
    0xff, 0xf7, 0xff, 0xff, 0x81, 0xff, 0xff, 0xfd,
    0xff, 0xff, 0xff, 0xff, 0xff, 0xff, 0x7f, 0xff,
    0xff, 0xff, 0xff, 0xff, 0xcf, 0xff, 0xff, 0xff,
    0xff, 0xff, 0xf3, 0xff, 0xff, 0xff, 0xff, 0xff,
    0xfc, 0x7f, 0xff, 0xff, 0xff, 0xbf, 0xff, 0x1f,
    0xff, 0xff, 0xff, 0xcf, 0xff, 0xc3, 0xff, 0xff,
    0xff, 0xf3, 0xff, 0xf0, 0xff, 0xff, 0xff, 0xf8,
    0xff, 0xfc, 0x1f, 0xff, 0xff, 0xfc, 0x3f, 0xff,
    0x3, 0xff, 0xff, 0xff, 0xf, 0xff, 0xc0, 0x7f,
    0xff, 0xff, 0x83, 0xff, 0xf0, 0xf, 0xff, 0xff,
    0x80, 0xff, 0xfc, 0x1, 0xff, 0xff, 0xc0, 0x3f,
    0xff, 0x0, 0x1f, 0xff, 0xc0, 0x0, 0x0, 0x0,
    0x0, 0xff, 0x80, 0x0, 0x0, 0x0,

    /* U+0076 "v" */
    0x7f, 0xff, 0x80, 0x0, 0x0, 0xff, 0xff, 0x7f,
    0xff, 0x80, 0x0, 0x0, 0xff, 0xff, 0x7f, 0xff,
    0x80, 0x0, 0x0, 0xff, 0xfe, 0x7f, 0xff, 0xc0,
    0x0, 0x1, 0xff, 0xfe, 0x3f, 0xff, 0xc0, 0x0,
    0x1, 0xff, 0xfe, 0x3f, 0xff, 0xc0, 0x0, 0x1,
    0xff, 0xfc, 0x3f, 0xff, 0xc0, 0x0, 0x1, 0xff,
    0xfc, 0x1f, 0xff, 0xe0, 0x0, 0x1, 0xff, 0xfc,
    0x1f, 0xff, 0xe0, 0x0, 0x3, 0xff, 0xfc, 0x1f,
    0xff, 0xe0, 0x0, 0x3, 0xff, 0xf8, 0xf, 0xff,
    0xe0, 0x0, 0x3, 0xff, 0xf8, 0xf, 0xff, 0xe0,
    0x0, 0x3, 0xff, 0xf8, 0xf, 0xff, 0xf0, 0x0,
    0x7, 0xff, 0xf0, 0xf, 0xff, 0xf0, 0x0, 0x7,
    0xff, 0xf0, 0x7, 0xff, 0xf0, 0x0, 0x7, 0xff,
    0xf0, 0x7, 0xff, 0xf0, 0x0, 0x7, 0xff, 0xe0,
    0x7, 0xff, 0xf8, 0x0, 0xf, 0xff, 0xe0, 0x3,
    0xff, 0xf8, 0x0, 0xf, 0xff, 0xe0, 0x3, 0xff,
    0xf8, 0x0, 0xf, 0xff, 0xe0, 0x3, 0xff, 0xf8,
    0x0, 0xf, 0xff, 0xc0, 0x3, 0xff, 0xfc, 0x0,
    0x1f, 0xff, 0xc0, 0x1, 0xff, 0xfc, 0x0, 0x1f,
    0xff, 0xc0, 0x1, 0xff, 0xfc, 0x0, 0x1f, 0xff,
    0x80, 0x1, 0xff, 0xfc, 0x0, 0x1f, 0xff, 0x80,
    0x0, 0xff, 0xfc, 0x0, 0x1f, 0xff, 0x80, 0x0,
    0xff, 0xfe, 0x0, 0x3f, 0xff, 0x80, 0x0, 0xff,
    0xfe, 0x0, 0x3f, 0xff, 0x0, 0x0, 0x7f, 0xfe,
    0x0, 0x3f, 0xff, 0x0, 0x0, 0x7f, 0xfe, 0x0,
    0x3f, 0xff, 0x0, 0x0, 0x7f, 0xff, 0x0, 0x7f,
    0xfe, 0x0, 0x0, 0x7f, 0xff, 0x0, 0x7f, 0xfe,
    0x0, 0x0, 0x3f, 0xff, 0x0, 0x7f, 0xfe, 0x0,
    0x0, 0x3f, 0xff, 0x0, 0x7f, 0xfc, 0x0, 0x0,
    0x3f, 0xff, 0x0, 0xff, 0xfc, 0x0, 0x0, 0x1f,
    0xff, 0x80, 0xff, 0xfc, 0x0, 0x0, 0x1f, 0xff,
    0x80, 0xff, 0xfc, 0x0, 0x0, 0x1f, 0xff, 0x80,
    0xff, 0xf8, 0x0, 0x0, 0x1f, 0xff, 0x81, 0xff,
    0xf8, 0x0, 0x0, 0xf, 0xff, 0xc1, 0xff, 0xf8,
    0x0, 0x0, 0xf, 0xff, 0xc1, 0xff, 0xf0, 0x0,
    0x0, 0xf, 0xff, 0xc1, 0xff, 0xf0, 0x0, 0x0,
    0x7, 0xff, 0xc3, 0xff, 0xf0, 0x0, 0x0, 0x7,
    0xff, 0xe3, 0xff, 0xe0, 0x0, 0x0, 0x7, 0xff,
    0xe3, 0xff, 0xe0, 0x0, 0x0, 0x3, 0xff, 0xe3,
    0xff, 0xe0, 0x0, 0x0, 0x3, 0xff, 0xe3, 0xff,
    0xe0, 0x0, 0x0, 0x3, 0xff, 0xe7, 0xff, 0xc0,
    0x0, 0x0, 0x3, 0xff, 0xf7, 0xff, 0xc0, 0x0,
    0x0, 0x1, 0xff, 0xf7, 0xff, 0xc0, 0x0, 0x0,
    0x1, 0xff, 0xf7, 0xff, 0x80, 0x0, 0x0, 0x1,
    0xff, 0xff, 0xff, 0x80, 0x0, 0x0, 0x0, 0xff,
    0xff, 0xff, 0x80, 0x0, 0x0, 0x0, 0xff, 0xff,
    0xff, 0x0, 0x0, 0x0, 0x0, 0xff, 0xff, 0xff,
    0x0, 0x0, 0x0, 0x0, 0x7f, 0xff, 0xff, 0x0,
    0x0, 0x0, 0x0, 0x7f, 0xff, 0xff, 0x0, 0x0,
    0x0, 0x0, 0x7f, 0xff, 0xfe, 0x0, 0x0, 0x0,
    0x0, 0x7f, 0xff, 0xfe, 0x0, 0x0, 0x0, 0x0,
    0x3f, 0xff, 0xfe, 0x0, 0x0, 0x0, 0x0, 0x3f,
    0xff, 0xfc, 0x0, 0x0, 0x0, 0x0, 0x3f, 0xff,
    0xfc, 0x0, 0x0, 0x0, 0x0, 0x1f, 0xff, 0xfc,
    0x0, 0x0, 0x0, 0x0, 0x1f, 0xff, 0xfc, 0x0,
    0x0, 0x0, 0x0, 0x1f, 0xff, 0xf8, 0x0, 0x0,
    0x0, 0x0, 0x1f, 0xff, 0xf8, 0x0, 0x0, 0x0,
    0x0, 0xf, 0xff, 0xf8, 0x0, 0x0, 0x0, 0x0,
    0xf, 0xff, 0xf0, 0x0, 0x0, 0x0, 0x0, 0xf,
    0xff, 0xf0, 0x0, 0x0,

    /* U+0077 "w" */
    0xff, 0xff, 0x0, 0x0, 0xff, 0xfe, 0x0, 0x0,
    0x7f, 0xff, 0xff, 0xff, 0x0, 0x0, 0xff, 0xff,
    0x0, 0x0, 0xff, 0xfe, 0x7f, 0xff, 0x0, 0x0,
    0xff, 0xff, 0x0, 0x0, 0xff, 0xfe, 0x7f, 0xff,
    0x0, 0x0, 0xff, 0xff, 0x0, 0x0, 0xff, 0xfe,
    0x7f, 0xff, 0x0, 0x0, 0xff, 0xff, 0x0, 0x0,
    0xff, 0xfe, 0x7f, 0xff, 0x80, 0x0, 0xff, 0xff,
    0x0, 0x0, 0xff, 0xfc, 0x3f, 0xff, 0x80, 0x1,
    0xff, 0xff, 0x80, 0x1, 0xff, 0xfc, 0x3f, 0xff,
    0x80, 0x1, 0xff, 0xff, 0x80, 0x1, 0xff, 0xfc,
    0x3f, 0xff, 0x80, 0x1, 0xff, 0xff, 0x80, 0x1,
    0xff, 0xfc, 0x3f, 0xff, 0x80, 0x1, 0xff, 0xff,
    0x80, 0x1, 0xff, 0xf8, 0x3f, 0xff, 0xc0, 0x1,
    0xff, 0xff, 0x80, 0x1, 0xff, 0xf8, 0x1f, 0xff,
    0xc0, 0x1, 0xff, 0xff, 0x80, 0x1, 0xff, 0xf8,
    0x1f, 0xff, 0xc0, 0x3, 0xff, 0xff, 0xc0, 0x3,
    0xff, 0xf8, 0x1f, 0xff, 0xc0, 0x3, 0xff, 0xff,
    0xc0, 0x3, 0xff, 0xf0, 0x1f, 0xff, 0xc0, 0x3,
    0xff, 0xff, 0xc0, 0x3, 0xff, 0xf0, 0xf, 0xff,
    0xc0, 0x3, 0xff, 0xff, 0xc0, 0x3, 0xff, 0xf0,
    0xf, 0xff, 0xe0, 0x3, 0xff, 0xff, 0xc0, 0x3,
    0xff, 0xf0, 0xf, 0xff, 0xe0, 0x3, 0xff, 0xff,
    0xc0, 0x3, 0xff, 0xf0, 0xf, 0xff, 0xe0, 0x3,
    0xff, 0xff, 0xe0, 0x7, 0xff, 0xe0, 0x7, 0xff,
    0xe0, 0x7, 0xfe, 0xff, 0xe0, 0x7, 0xff, 0xe0,
    0x7, 0xff, 0xe0, 0x7, 0xfe, 0xff, 0xe0, 0x7,
    0xff, 0xe0, 0x7, 0xff, 0xe0, 0x7, 0xfe, 0xff,
    0xe0, 0x7, 0xff, 0xe0, 0x7, 0xff, 0xf0, 0x7,
    0xfe, 0x7f, 0xe0, 0x7, 0xff, 0xc0, 0x7, 0xff,
    0xf0, 0x7, 0xfe, 0x7f, 0xe0, 0xf, 0xff, 0xc0,
    0x3, 0xff, 0xf0, 0x7, 0xfe, 0x7f, 0xf0, 0xf,
    0xff, 0xc0, 0x3, 0xff, 0xf0, 0xf, 0xfc, 0x7f,
    0xf0, 0xf, 0xff, 0xc0, 0x3, 0xff, 0xf0, 0xf,
    0xfc, 0x7f, 0xf0, 0xf, 0xff, 0x80, 0x3, 0xff,
    0xf8, 0xf, 0xfc, 0x7f, 0xf0, 0xf, 0xff, 0x80,
    0x1, 0xff, 0xf8, 0xf, 0xfc, 0x3f, 0xf0, 0xf,
    0xff, 0x80, 0x1, 0xff, 0xf8, 0xf, 0xfc, 0x3f,
    0xf0, 0x1f, 0xff, 0x80, 0x1, 0xff, 0xf8, 0xf,
    0xf8, 0x3f, 0xf8, 0x1f, 0xff, 0x0, 0x1, 0xff,
    0xf8, 0x1f, 0xf8, 0x3f, 0xf8, 0x1f, 0xff, 0x0,
    0x0, 0xff, 0xf8, 0x1f, 0xf8, 0x3f, 0xf8, 0x1f,
    0xff, 0x0, 0x0, 0xff, 0xfc, 0x1f, 0xf8, 0x3f,
    0xf8, 0x1f, 0xff, 0x0, 0x0, 0xff, 0xfc, 0x1f,
    0xf8, 0x1f, 0xf8, 0x3f, 0xff, 0x0, 0x0, 0xff,
    0xfc, 0x1f, 0xf8, 0x1f, 0xf8, 0x3f, 0xfe, 0x0,
    0x0, 0xff, 0xfc, 0x1f, 0xf0, 0x1f, 0xfc, 0x3f,
    0xfe, 0x0, 0x0, 0x7f, 0xfc, 0x3f, 0xf0, 0x1f,
    0xfc, 0x3f, 0xfe, 0x0, 0x0, 0x7f, 0xfe, 0x3f,
    0xf0, 0x1f, 0xfc, 0x3f, 0xfe, 0x0, 0x0, 0x7f,
    0xfe, 0x3f, 0xf0, 0xf, 0xfc, 0x3f, 0xfc, 0x0,
    0x0, 0x7f, 0xfe, 0x3f, 0xf0, 0xf, 0xfc, 0x7f,
    0xfc, 0x0, 0x0, 0x3f, 0xfe, 0x3f, 0xf0, 0xf,
    0xfc, 0x7f, 0xfc, 0x0, 0x0, 0x3f, 0xfe, 0x3f,
    0xe0, 0xf, 0xfe, 0x7f, 0xfc, 0x0, 0x0, 0x3f,
    0xfe, 0x7f, 0xe0, 0xf, 0xfe, 0x7f, 0xf8, 0x0,
    0x0, 0x3f, 0xff, 0x7f, 0xe0, 0xf, 0xfe, 0x7f,
    0xf8, 0x0, 0x0, 0x1f, 0xff, 0x7f, 0xe0, 0x7,
    0xfe, 0x7f, 0xf8, 0x0, 0x0, 0x1f, 0xff, 0x7f,
    0xe0, 0x7, 0xfe, 0xff, 0xf8, 0x0, 0x0, 0x1f,
    0xff, 0x7f, 0xc0, 0x7, 0xfe, 0xff, 0xf0, 0x0,
    0x0, 0x1f, 0xff, 0x7f, 0xc0, 0x7, 0xff, 0xff,
    0xf0, 0x0, 0x0, 0x1f, 0xff, 0xff, 0xc0, 0x7,
    0xff, 0xff, 0xf0, 0x0, 0x0, 0xf, 0xff, 0xff,
    0xc0, 0x7, 0xff, 0xff, 0xf0, 0x0, 0x0, 0xf,
    0xff, 0xff, 0xc0, 0x3, 0xff, 0xff, 0xf0, 0x0,
    0x0, 0xf, 0xff, 0xff, 0xc0, 0x3, 0xff, 0xff,
    0xe0, 0x0, 0x0, 0xf, 0xff, 0xff, 0x80, 0x3,
    0xff, 0xff, 0xe0, 0x0, 0x0, 0x7, 0xff, 0xff,
    0x80, 0x3, 0xff, 0xff, 0xe0, 0x0, 0x0, 0x7,
    0xff, 0xff, 0x80, 0x3, 0xff, 0xff, 0xe0, 0x0,
    0x0, 0x7, 0xff, 0xff, 0x80, 0x1, 0xff, 0xff,
    0xc0, 0x0, 0x0, 0x7, 0xff, 0xff, 0x80, 0x1,
    0xff, 0xff, 0xc0, 0x0, 0x0, 0x3, 0xff, 0xff,
    0x80, 0x1, 0xff, 0xff, 0xc0, 0x0, 0x0, 0x3,
    0xff, 0xff, 0x0, 0x1, 0xff, 0xff, 0xc0, 0x0,
    0x0, 0x3, 0xff, 0xff, 0x0, 0x1, 0xff, 0xff,
    0x80, 0x0, 0x0, 0x3, 0xff, 0xff, 0x0, 0x1,
    0xff, 0xff, 0x80, 0x0, 0x0, 0x3, 0xff, 0xff,
    0x0, 0x0, 0xff, 0xff, 0x80, 0x0, 0x0, 0x1,
    0xff, 0xff, 0x0, 0x0, 0xff, 0xff, 0x80, 0x0,
    0x0, 0x1, 0xff, 0xff, 0x0, 0x0, 0xff, 0xff,
    0x0, 0x0, 0x0, 0x1, 0xff, 0xfe, 0x0, 0x0,
    0xff, 0xff, 0x0, 0x0, 0x0, 0x1, 0xff, 0xfe,
    0x0, 0x0, 0xff, 0xff, 0x0, 0x0, 0x0, 0x0,
    0xff, 0xfe, 0x0, 0x0, 0xff, 0xff, 0x0, 0x0,

    /* U+0078 "x" */
    0x7f, 0xff, 0xc0, 0x0, 0x7, 0xff, 0xfc, 0xff,
    0xff, 0xc0, 0x0, 0x1f, 0xff, 0xf0, 0xff, 0xff,
    0x80, 0x0, 0x3f, 0xff, 0xe1, 0xff, 0xff, 0x80,
    0x0, 0xff, 0xff, 0x81, 0xff, 0xff, 0x0, 0x1,
    0xff, 0xff, 0x3, 0xff, 0xff, 0x0, 0x7, 0xff,
    0xfc, 0x3, 0xff, 0xfe, 0x0, 0xf, 0xff, 0xf8,
    0x7, 0xff, 0xfe, 0x0, 0x3f, 0xff, 0xe0, 0x7,
    0xff, 0xfc, 0x0, 0x7f, 0xff, 0x80, 0xf, 0xff,
    0xfc, 0x1, 0xff, 0xff, 0x0, 0xf, 0xff, 0xf8,
    0x3, 0xff, 0xfc, 0x0, 0xf, 0xff, 0xf8, 0xf,
    0xff, 0xf8, 0x0, 0x1f, 0xff, 0xf0, 0x1f, 0xff,
    0xe0, 0x0, 0x1f, 0xff, 0xf0, 0x7f, 0xff, 0xc0,
    0x0, 0x3f, 0xff, 0xe0, 0xff, 0xff, 0x0, 0x0,
    0x3f, 0xff, 0xe1, 0xff, 0xfe, 0x0, 0x0, 0x7f,
    0xff, 0xc7, 0xff, 0xf8, 0x0, 0x0, 0x7f, 0xff,
    0x8f, 0xff, 0xe0, 0x0, 0x0, 0xff, 0xff, 0xbf,
    0xff, 0xc0, 0x0, 0x0, 0xff, 0xff, 0x7f, 0xff,
    0x0, 0x0, 0x1, 0xff, 0xff, 0xff, 0xfe, 0x0,
    0x0, 0x1, 0xff, 0xff, 0xff, 0xf8, 0x0, 0x0,
    0x1, 0xff, 0xff, 0xff, 0xf0, 0x0, 0x0, 0x3,
    0xff, 0xff, 0xff, 0xc0, 0x0, 0x0, 0x3, 0xff,
    0xff, 0xff, 0x80, 0x0, 0x0, 0x7, 0xff, 0xff,
    0xfe, 0x0, 0x0, 0x0, 0x7, 0xff, 0xff, 0xfc,
    0x0, 0x0, 0x0, 0xf, 0xff, 0xff, 0xf0, 0x0,
    0x0, 0x0, 0xf, 0xff, 0xff, 0xc0, 0x0, 0x0,
    0x0, 0x1f, 0xff, 0xff, 0x80, 0x0, 0x0, 0x0,
    0x1f, 0xff, 0xfe, 0x0, 0x0, 0x0, 0x0, 0x3f,
    0xff, 0xfc, 0x0, 0x0, 0x0, 0x0, 0x3f, 0xff,
    0xf0, 0x0, 0x0, 0x0, 0x0, 0x7f, 0xff, 0xe0,
    0x0, 0x0, 0x0, 0x0, 0xff, 0xff, 0xc0, 0x0,
    0x0, 0x0, 0x3, 0xff, 0xff, 0xc0, 0x0, 0x0,
    0x0, 0x7, 0xff, 0xff, 0xc0, 0x0, 0x0, 0x0,
    0x1f, 0xff, 0xff, 0x80, 0x0, 0x0, 0x0, 0x3f,
    0xff, 0xff, 0x80, 0x0, 0x0, 0x0, 0xff, 0xff,
    0xff, 0x0, 0x0, 0x0, 0x1, 0xff, 0xff, 0xff,
    0x0, 0x0, 0x0, 0x7, 0xff, 0xff, 0xfe, 0x0,
    0x0, 0x0, 0x1f, 0xff, 0xff, 0xfe, 0x0, 0x0,
    0x0, 0x3f, 0xff, 0xff, 0xfc, 0x0, 0x0, 0x0,
    0xff, 0xff, 0xff, 0xfc, 0x0, 0x0, 0x1, 0xff,
    0xff, 0xff, 0xf8, 0x0, 0x0, 0x7, 0xff, 0xff,
    0xff, 0xf8, 0x0, 0x0, 0xf, 0xff, 0xff, 0xff,
    0xf8, 0x0, 0x0, 0x3f, 0xff, 0xdf, 0xff, 0xf0,
    0x0, 0x0, 0x7f, 0xff, 0x9f, 0xff, 0xf0, 0x0,
    0x1, 0xff, 0xff, 0x3f, 0xff, 0xe0, 0x0, 0x3,
    0xff, 0xfc, 0x3f, 0xff, 0xe0, 0x0, 0xf, 0xff,
    0xf8, 0x7f, 0xff, 0xc0, 0x0, 0x1f, 0xff, 0xe0,
    0x7f, 0xff, 0xc0, 0x0, 0x7f, 0xff, 0xc0, 0xff,
    0xff, 0x80, 0x1, 0xff, 0xff, 0x0, 0xff, 0xff,
    0x80, 0x3, 0xff, 0xfe, 0x1, 0xff, 0xff, 0x80,
    0xf, 0xff, 0xf8, 0x1, 0xff, 0xff, 0x0, 0x1f,
    0xff, 0xf0, 0x3, 0xff, 0xff, 0x0, 0x7f, 0xff,
    0xc0, 0x3, 0xff, 0xfe, 0x0, 0xff, 0xff, 0x80,
    0x7, 0xff, 0xfe, 0x3, 0xff, 0xfe, 0x0, 0x7,
    0xff, 0xfc, 0x7, 0xff, 0xfc, 0x0, 0xf, 0xff,
    0xfc, 0x1f, 0xff, 0xf0, 0x0, 0xf, 0xff, 0xf8,
    0x3f, 0xff, 0xe0, 0x0, 0x1f, 0xff, 0xf8, 0xff,
    0xff, 0xc0, 0x0, 0x3f, 0xff, 0xf3, 0xff, 0xff,
    0x0, 0x0, 0x3f, 0xff, 0xf7, 0xff, 0xfe, 0x0,
    0x0, 0x7f, 0xff, 0xf0,

    /* U+0079 "y" */
    0xff, 0xff, 0x0, 0x0, 0x0, 0xff, 0xff, 0xff,
    0xfe, 0x0, 0x0, 0x1, 0xff, 0xff, 0xff, 0xfe,
    0x0, 0x0, 0x7, 0xff, 0xfb, 0xff, 0xfc, 0x0,
    0x0, 0xf, 0xff, 0xf7, 0xff, 0xf8, 0x0, 0x0,
    0x1f, 0xff, 0xcf, 0xff, 0xf0, 0x0, 0x0, 0x3f,
    0xff, 0x8f, 0xff, 0xf0, 0x0, 0x0, 0xff, 0xff,
    0x1f, 0xff, 0xe0, 0x0, 0x1, 0xff, 0xfc, 0x3f,
    0xff, 0xc0, 0x0, 0x3, 0xff, 0xf8, 0x7f, 0xff,
    0x80, 0x0, 0x7, 0xff, 0xf0, 0x7f, 0xff, 0x80,
    0x0, 0xf, 0xff, 0xe0, 0xff, 0xff, 0x0, 0x0,
    0x3f, 0xff, 0x81, 0xff, 0xfe, 0x0, 0x0, 0x7f,
    0xff, 0x1, 0xff, 0xfc, 0x0, 0x0, 0xff, 0xfe,
    0x3, 0xff, 0xfc, 0x0, 0x1, 0xff, 0xf8, 0x7,
    0xff, 0xf8, 0x0, 0x7, 0xff, 0xf0, 0x7, 0xff,
    0xf0, 0x0, 0xf, 0xff, 0xe0, 0xf, 0xff, 0xe0,
    0x0, 0x1f, 0xff, 0x80, 0x1f, 0xff, 0xe0, 0x0,
    0x3f, 0xff, 0x0, 0x3f, 0xff, 0xc0, 0x0, 0xff,
    0xfe, 0x0, 0x3f, 0xff, 0x80, 0x1, 0xff, 0xfc,
    0x0, 0x7f, 0xff, 0x0, 0x3, 0xff, 0xf0, 0x0,
    0xff, 0xff, 0x0, 0x7, 0xff, 0xe0, 0x0, 0xff,
    0xfe, 0x0, 0xf, 0xff, 0xc0, 0x1, 0xff, 0xfc,
    0x0, 0x3f, 0xff, 0x0, 0x3, 0xff, 0xf8, 0x0,
    0x7f, 0xfe, 0x0, 0x7, 0xff, 0xf0, 0x0, 0xff,
    0xfc, 0x0, 0x7, 0xff, 0xf0, 0x1, 0xff, 0xf8,
    0x0, 0xf, 0xff, 0xe0, 0x7, 0xff, 0xe0, 0x0,
    0x1f, 0xff, 0xc0, 0xf, 0xff, 0xc0, 0x0, 0x1f,
    0xff, 0x80, 0x1f, 0xff, 0x80, 0x0, 0x3f, 0xff,
    0x80, 0x3f, 0xfe, 0x0, 0x0, 0x7f, 0xff, 0x0,
    0xff, 0xfc, 0x0, 0x0, 0xff, 0xfe, 0x1, 0xff,
    0xf8, 0x0, 0x0, 0xff, 0xfc, 0x3, 0xff, 0xf0,
    0x0, 0x1, 0xff, 0xfc, 0x7, 0xff, 0xc0, 0x0,
    0x3, 0xff, 0xf8, 0xf, 0xff, 0x80, 0x0, 0x3,
    0xff, 0xf0, 0x3f, 0xff, 0x0, 0x0, 0x7, 0xff,
    0xe0, 0x7f, 0xfc, 0x0, 0x0, 0xf, 0xff, 0xe0,
    0xff, 0xf8, 0x0, 0x0, 0xf, 0xff, 0xc1, 0xff,
    0xf0, 0x0, 0x0, 0x1f, 0xff, 0x87, 0xff, 0xe0,
    0x0, 0x0, 0x3f, 0xff, 0xf, 0xff, 0x80, 0x0,
    0x0, 0x7f, 0xff, 0x1f, 0xff, 0x0, 0x0, 0x0,
    0x7f, 0xfe, 0x3f, 0xfe, 0x0, 0x0, 0x0, 0xff,
    0xfc, 0xff, 0xf8, 0x0, 0x0, 0x1, 0xff, 0xf9,
    0xff, 0xf0, 0x0, 0x0, 0x1, 0xff, 0xfb, 0xff,
    0xe0, 0x0, 0x0, 0x3, 0xff, 0xf7, 0xff, 0xc0,
    0x0, 0x0, 0x7, 0xff, 0xef, 0xff, 0x0, 0x0,
    0x0, 0xf, 0xff, 0xff, 0xfe, 0x0, 0x0, 0x0,
    0xf, 0xff, 0xff, 0xfc, 0x0, 0x0, 0x0, 0x1f,
    0xff, 0xff, 0xf0, 0x0, 0x0, 0x0, 0x3f, 0xff,
    0xff, 0xe0, 0x0, 0x0, 0x0, 0x3f, 0xff, 0xff,
    0xc0, 0x0, 0x0, 0x0, 0x7f, 0xff, 0xff, 0x80,
    0x0, 0x0, 0x0, 0xff, 0xff, 0xfe, 0x0, 0x0,
    0x0, 0x0, 0xff, 0xff, 0xfc, 0x0, 0x0, 0x0,
    0x1, 0xff, 0xff, 0xf8, 0x0, 0x0, 0x0, 0x3,
    0xff, 0xff, 0xe0, 0x0, 0x0, 0x0, 0x7, 0xff,
    0xff, 0xc0, 0x0, 0x0, 0x0, 0x7, 0xff, 0xff,
    0x80, 0x0, 0x0, 0x0, 0xf, 0xff, 0xff, 0x0,
    0x0, 0x0, 0x0, 0x1f, 0xff, 0xfc, 0x0, 0x0,
    0x0, 0x0, 0x1f, 0xff, 0xf8, 0x0, 0x0, 0x0,
    0x0, 0x3f, 0xff, 0xf0, 0x0, 0x0, 0x0, 0x0,
    0x7f, 0xff, 0xc0, 0x0, 0x0, 0x0, 0x0, 0xff,
    0xff, 0x80, 0x0, 0x0, 0x0, 0x0, 0xff, 0xff,
    0x0, 0x0, 0x0, 0x0, 0x1, 0xff, 0xfe, 0x0,
    0x0, 0x0, 0x0, 0x3, 0xff, 0xf8, 0x0, 0x0,
    0x0, 0x0, 0x7, 0xff, 0xf0, 0x0, 0x0, 0x0,
    0x0, 0xf, 0xff, 0xe0, 0x0, 0x0, 0x0, 0x0,
    0x1f, 0xff, 0x80, 0x0, 0x0, 0x0, 0x0, 0x3f,
    0xff, 0x0, 0x0, 0x0, 0x0, 0x0, 0xff, 0xfe,
    0x0, 0x0, 0x0, 0x0, 0x1, 0xff, 0xf8, 0x0,
    0x0, 0x0, 0x0, 0x7, 0xff, 0xf0, 0x0, 0x0,
    0x0, 0x0, 0xf, 0xff, 0xe0, 0x0, 0x0, 0x0,
    0x0, 0x3f, 0xff, 0xc0, 0x0, 0x0, 0x0, 0x1,
    0xff, 0xff, 0x0, 0x0, 0x0, 0x1, 0xff, 0xff,
    0xfe, 0x0, 0x0, 0x0, 0x3, 0xff, 0xff, 0xfc,
    0x0, 0x0, 0x0, 0x7, 0xff, 0xff, 0xf0, 0x0,
    0x0, 0x0, 0xf, 0xff, 0xff, 0xe0, 0x0, 0x0,
    0x0, 0x1f, 0xff, 0xff, 0x80, 0x0, 0x0, 0x0,
    0x3f, 0xff, 0xff, 0x0, 0x0, 0x0, 0x0, 0x7f,
    0xff, 0xfe, 0x0, 0x0, 0x0, 0x0, 0xff, 0xff,
    0xf8, 0x0, 0x0, 0x0, 0x1, 0xff, 0xff, 0xf0,
    0x0, 0x0, 0x0, 0x3, 0xff, 0xff, 0xc0, 0x0,
    0x0, 0x0, 0x7, 0xff, 0xff, 0x0, 0x0, 0x0,
    0x0, 0xf, 0xff, 0xfc, 0x0, 0x0, 0x0, 0x0,
    0x1f, 0xff, 0xf0, 0x0, 0x0, 0x0, 0x0, 0x3f,
    0xff, 0xc0, 0x0, 0x0, 0x0, 0x0, 0x7f, 0xfc,
    0x0, 0x0, 0x0, 0x0,

    /* U+007A "z" */
    0x3f, 0xff, 0xff, 0xff, 0xff, 0xfe, 0x3f, 0xff,
    0xff, 0xff, 0xff, 0xfe, 0x3f, 0xff, 0xff, 0xff,
    0xff, 0xfe, 0x3f, 0xff, 0xff, 0xff, 0xff, 0xfe,
    0x3f, 0xff, 0xff, 0xff, 0xff, 0xfe, 0x3f, 0xff,
    0xff, 0xff, 0xff, 0xfe, 0x3f, 0xff, 0xff, 0xff,
    0xff, 0xfe, 0x3f, 0xff, 0xff, 0xff, 0xff, 0xfe,
    0x3f, 0xff, 0xff, 0xff, 0xff, 0xfe, 0x3f, 0xff,
    0xff, 0xff, 0xff, 0xfe, 0x3f, 0xff, 0xff, 0xff,
    0xff, 0xfe, 0x3f, 0xff, 0xff, 0xff, 0xff, 0xfe,
    0x3f, 0xff, 0xff, 0xff, 0xff, 0xfe, 0x3f, 0xff,
    0xff, 0xff, 0xff, 0xfe, 0x3f, 0xff, 0xff, 0xff,
    0xff, 0xfe, 0x0, 0x0, 0x0, 0xf, 0xff, 0xfe,
    0x0, 0x0, 0x0, 0x1f, 0xff, 0xfc, 0x0, 0x0,
    0x0, 0x1f, 0xff, 0xf8, 0x0, 0x0, 0x0, 0x3f,
    0xff, 0xf8, 0x0, 0x0, 0x0, 0x7f, 0xff, 0xf0,
    0x0, 0x0, 0x0, 0xff, 0xff, 0xe0, 0x0, 0x0,
    0x0, 0xff, 0xff, 0xe0, 0x0, 0x0, 0x1, 0xff,
    0xff, 0xc0, 0x0, 0x0, 0x3, 0xff, 0xff, 0x80,
    0x0, 0x0, 0x3, 0xff, 0xff, 0x0, 0x0, 0x0,
    0x7, 0xff, 0xff, 0x0, 0x0, 0x0, 0xf, 0xff,
    0xfe, 0x0, 0x0, 0x0, 0x1f, 0xff, 0xfc, 0x0,
    0x0, 0x0, 0x1f, 0xff, 0xf8, 0x0, 0x0, 0x0,
    0x3f, 0xff, 0xf8, 0x0, 0x0, 0x0, 0x7f, 0xff,
    0xf0, 0x0, 0x0, 0x0, 0x7f, 0xff, 0xe0, 0x0,
    0x0, 0x0, 0xff, 0xff, 0xe0, 0x0, 0x0, 0x1,
    0xff, 0xff, 0xc0, 0x0, 0x0, 0x3, 0xff, 0xff,
    0x80, 0x0, 0x0, 0x3, 0xff, 0xff, 0x0, 0x0,
    0x0, 0x7, 0xff, 0xff, 0x0, 0x0, 0x0, 0xf,
    0xff, 0xfe, 0x0, 0x0, 0x0, 0xf, 0xff, 0xfc,
    0x0, 0x0, 0x0, 0x1f, 0xff, 0xf8, 0x0, 0x0,
    0x0, 0x3f, 0xff, 0xf8, 0x0, 0x0, 0x0, 0x7f,
    0xff, 0xf0, 0x0, 0x0, 0x0, 0x7f, 0xff, 0xe0,
    0x0, 0x0, 0x0, 0xff, 0xff, 0xe0, 0x0, 0x0,
    0x1, 0xff, 0xff, 0xc0, 0x0, 0x0, 0x1, 0xff,
    0xff, 0x80, 0x0, 0x0, 0x3, 0xff, 0xff, 0x0,
    0x0, 0x0, 0x7, 0xff, 0xff, 0x0, 0x0, 0x0,
    0xf, 0xff, 0xfe, 0x0, 0x0, 0x0, 0xf, 0xff,
    0xfc, 0x0, 0x0, 0x0, 0x1f, 0xff, 0xf8, 0x0,
    0x0, 0x0, 0x3f, 0xff, 0xf8, 0x0, 0x0, 0x0,
    0x3f, 0xff, 0xf0, 0x0, 0x0, 0x0, 0x7f, 0xff,
    0xe0, 0x0, 0x0, 0x0, 0xff, 0xff, 0xff, 0xff,
    0xff, 0xff, 0xff, 0xff, 0xff, 0xff, 0xff, 0xff,
    0xff, 0xff, 0xff, 0xff, 0xff, 0xff, 0xff, 0xff,
    0xff, 0xff, 0xff, 0xff, 0xff, 0xff, 0xff, 0xff,
    0xff, 0xff, 0xff, 0xff, 0xff, 0xff, 0xff, 0xff,
    0xff, 0xff, 0xff, 0xff, 0xff, 0xff, 0xff, 0xff,
    0xff, 0xff, 0xff, 0xff, 0xff, 0xff, 0xff, 0xff,
    0xff, 0xff, 0xff, 0xff, 0xff, 0xff, 0xff, 0xff,
    0xff, 0xff, 0xff, 0xff, 0xff, 0xff, 0xff, 0xff,
    0xff, 0xff, 0xff, 0xff, 0xff, 0xff, 0xff, 0xff,
    0xff, 0xff, 0xff, 0xff, 0xff, 0xff, 0xff, 0xff,
    0xff, 0xff, 0xff, 0xff, 0xff, 0xff
};


/*---------------------
 *  GLYPH DESCRIPTION
 *--------------------*/

static const lv_font_fmt_txt_glyph_dsc_t glyph_dsc[] = {
    {.bitmap_index = 0, .adv_w = 0, .box_w = 0, .box_h = 0, .ofs_x = 0, .ofs_y = 0} /* id = 0 reserved */,
    {.bitmap_index = 0, .adv_w = 467, .box_w = 1, .box_h = 1, .ofs_x = 0, .ofs_y = 0},
    {.bitmap_index = 1, .adv_w = 1493, .box_w = 88, .box_h = 93, .ofs_x = 3, .ofs_y = -3},
    {.bitmap_index = 1024, .adv_w = 559, .box_w = 29, .box_h = 16, .ofs_x = 3, .ofs_y = 28},
    {.bitmap_index = 1082, .adv_w = 467, .box_w = 16, .box_h = 18, .ofs_x = 7, .ofs_y = 0},
    {.bitmap_index = 1118, .adv_w = 934, .box_w = 52, .box_h = 94, .ofs_x = 3, .ofs_y = -2},
    {.bitmap_index = 1729, .adv_w = 934, .box_w = 33, .box_h = 91, .ofs_x = 7, .ofs_y = 0},
    {.bitmap_index = 2105, .adv_w = 934, .box_w = 51, .box_h = 91, .ofs_x = 3, .ofs_y = 0},
    {.bitmap_index = 2686, .adv_w = 934, .box_w = 51, .box_h = 94, .ofs_x = 3, .ofs_y = -2},
    {.bitmap_index = 3286, .adv_w = 934, .box_w = 53, .box_h = 91, .ofs_x = 2, .ofs_y = 0},
    {.bitmap_index = 3889, .adv_w = 934, .box_w = 51, .box_h = 92, .ofs_x = 3, .ofs_y = -2},
    {.bitmap_index = 4476, .adv_w = 934, .box_w = 51, .box_h = 94, .ofs_x = 3, .ofs_y = -2},
    {.bitmap_index = 5076, .adv_w = 934, .box_w = 53, .box_h = 90, .ofs_x = 3, .ofs_y = 0},
    {.bitmap_index = 5673, .adv_w = 934, .box_w = 52, .box_h = 94, .ofs_x = 3, .ofs_y = -2},
    {.bitmap_index = 6284, .adv_w = 934, .box_w = 52, .box_h = 94, .ofs_x = 3, .ofs_y = -2},
    {.bitmap_index = 6895, .adv_w = 1026, .box_w = 52, .box_h = 93, .ofs_x = 6, .ofs_y = 0},
    {.bitmap_index = 7500, .adv_w = 1212, .box_w = 72, .box_h = 92, .ofs_x = 2, .ofs_y = 0},
    {.bitmap_index = 8328, .adv_w = 1212, .box_w = 62, .box_h = 92, .ofs_x = 8, .ofs_y = 0},
    {.bitmap_index = 9041, .adv_w = 1212, .box_w = 67, .box_h = 97, .ofs_x = 5, .ofs_y = -2},
    {.bitmap_index = 9854, .adv_w = 1212, .box_w = 64, .box_h = 92, .ofs_x = 8, .ofs_y = 0},
    {.bitmap_index = 10590, .adv_w = 1120, .box_w = 57, .box_h = 92, .ofs_x = 8, .ofs_y = 0},
    {.bitmap_index = 11246, .adv_w = 1026, .box_w = 54, .box_h = 92, .ofs_x = 8, .ofs_y = 0},
    {.bitmap_index = 11867, .adv_w = 1307, .box_w = 70, .box_h = 97, .ofs_x = 5, .ofs_y = -2},
    {.bitmap_index = 12716, .adv_w = 1212, .box_w = 61, .box_h = 92, .ofs_x = 7, .ofs_y = 0},
    {.bitmap_index = 13418, .adv_w = 467, .box_w = 16, .box_h = 92, .ofs_x = 7, .ofs_y = 0},
    {.bitmap_index = 13602, .adv_w = 934, .box_w = 48, .box_h = 95, .ofs_x = 3, .ofs_y = -2},
    {.bitmap_index = 14172, .adv_w = 1212, .box_w = 66, .box_h = 92, .ofs_x = 9, .ofs_y = 0},
    {.bitmap_index = 14931, .adv_w = 1026, .box_w = 54, .box_h = 92, .ofs_x = 8, .ofs_y = 0},
    {.bitmap_index = 15552, .adv_w = 1399, .box_w = 73, .box_h = 92, .ofs_x = 7, .ofs_y = 0},
    {.bitmap_index = 16392, .adv_w = 1212, .box_w = 62, .box_h = 92, .ofs_x = 7, .ofs_y = 0},
    {.bitmap_index = 17105, .adv_w = 1307, .box_w = 73, .box_h = 97, .ofs_x = 5, .ofs_y = -2},
    {.bitmap_index = 17991, .adv_w = 1120, .box_w = 58, .box_h = 92, .ofs_x = 8, .ofs_y = 0},
    {.bitmap_index = 18658, .adv_w = 1307, .box_w = 73, .box_h = 101, .ofs_x = 5, .ofs_y = -6},
    {.bitmap_index = 19580, .adv_w = 1212, .box_w = 63, .box_h = 92, .ofs_x = 8, .ofs_y = 0},
    {.bitmap_index = 20305, .adv_w = 1120, .box_w = 62, .box_h = 97, .ofs_x = 4, .ofs_y = -2},
    {.bitmap_index = 21057, .adv_w = 1026, .box_w = 61, .box_h = 92, .ofs_x = 2, .ofs_y = 0},
    {.bitmap_index = 21759, .adv_w = 1212, .box_w = 61, .box_h = 95, .ofs_x = 8, .ofs_y = -2},
    {.bitmap_index = 22484, .adv_w = 1120, .box_w = 66, .box_h = 92, .ofs_x = 2, .ofs_y = 0},
    {.bitmap_index = 23243, .adv_w = 1585, .box_w = 96, .box_h = 92, .ofs_x = 2, .ofs_y = 0},
    {.bitmap_index = 24347, .adv_w = 1120, .box_w = 66, .box_h = 92, .ofs_x = 2, .ofs_y = 0},
    {.bitmap_index = 25106, .adv_w = 1120, .box_w = 67, .box_h = 92, .ofs_x = 2, .ofs_y = 0},
    {.bitmap_index = 25877, .adv_w = 1026, .box_w = 59, .box_h = 92, .ofs_x = 3, .ofs_y = 0},
    {.bitmap_index = 26556, .adv_w = 934, .box_w = 52, .box_h = 73, .ofs_x = 3, .ofs_y = -2},
    {.bitmap_index = 27031, .adv_w = 1026, .box_w = 54, .box_h = 94, .ofs_x = 6, .ofs_y = -2},
    {.bitmap_index = 27666, .adv_w = 1026, .box_w = 54, .box_h = 94, .ofs_x = 4, .ofs_y = -2},
    {.bitmap_index = 28301, .adv_w = 934, .box_w = 53, .box_h = 72, .ofs_x = 2, .ofs_y = -2},
    {.bitmap_index = 28778, .adv_w = 559, .box_w = 32, .box_h = 94, .ofs_x = 1, .ofs_y = -1},
    {.bitmap_index = 29154, .adv_w = 1026, .box_w = 54, .box_h = 98, .ofs_x = 4, .ofs_y = -28},
    {.bitmap_index = 29816, .adv_w = 1026, .box_w = 51, .box_h = 92, .ofs_x = 7, .ofs_y = 0},
    {.bitmap_index = 30403, .adv_w = 467, .box_w = 15, .box_h = 93, .ofs_x = 7, .ofs_y = 0},
    {.bitmap_index = 30578, .adv_w = 467, .box_w = 22, .box_h = 121, .ofs_x = 1, .ofs_y = -27},
    {.bitmap_index = 30911, .adv_w = 934, .box_w = 52, .box_h = 92, .ofs_x = 7, .ofs_y = 0},
    {.bitmap_index = 31509, .adv_w = 467, .box_w = 15, .box_h = 92, .ofs_x = 7, .ofs_y = 0},
    {.bitmap_index = 31682, .adv_w = 1493, .box_w = 80, .box_h = 70, .ofs_x = 7, .ofs_y = 0},
    {.bitmap_index = 32382, .adv_w = 1026, .box_w = 51, .box_h = 70, .ofs_x = 7, .ofs_y = 0},
    {.bitmap_index = 32829, .adv_w = 1026, .box_w = 57, .box_h = 72, .ofs_x = 4, .ofs_y = -2},
    {.bitmap_index = 33342, .adv_w = 1026, .box_w = 54, .box_h = 96, .ofs_x = 7, .ofs_y = -27},
    {.bitmap_index = 33990, .adv_w = 1026, .box_w = 55, .box_h = 96, .ofs_x = 4, .ofs_y = -27},
    {.bitmap_index = 34650, .adv_w = 653, .box_w = 32, .box_h = 70, .ofs_x = 7, .ofs_y = 0},
    {.bitmap_index = 34930, .adv_w = 934, .box_w = 52, .box_h = 72, .ofs_x = 3, .ofs_y = -2},
    {.bitmap_index = 35398, .adv_w = 559, .box_w = 31, .box_h = 88, .ofs_x = 1, .ofs_y = -1},
    {.bitmap_index = 35739, .adv_w = 1026, .box_w = 50, .box_h = 70, .ofs_x = 7, .ofs_y = -2},
    {.bitmap_index = 36177, .adv_w = 934, .box_w = 56, .box_h = 68, .ofs_x = 1, .ofs_y = 0},
    {.bitmap_index = 36653, .adv_w = 1307, .box_w = 80, .box_h = 68, .ofs_x = 1, .ofs_y = 0},
    {.bitmap_index = 37333, .adv_w = 934, .box_w = 55, .box_h = 68, .ofs_x = 2, .ofs_y = 0},
    {.bitmap_index = 37801, .adv_w = 934, .box_w = 55, .box_h = 96, .ofs_x = 1, .ofs_y = -27},
    {.bitmap_index = 38461, .adv_w = 840, .box_w = 48, .box_h = 69, .ofs_x = 2, .ofs_y = 0}
};

/*---------------------
 *  CHARACTER MAPPING
 *--------------------*/

static const uint16_t unicode_list_0[] = {
    0x0, 0x5, 0xd, 0xe, 0x10, 0x11, 0x12, 0x13,
    0x14, 0x15, 0x16, 0x17, 0x18, 0x19, 0x1f
};

/*Collect the unicode lists and glyph_id offsets*/
static const lv_font_fmt_txt_cmap_t cmaps[] =
{
    {
        .range_start = 32, .range_length = 32, .glyph_id_start = 1,
        .unicode_list = unicode_list_0, .glyph_id_ofs_list = NULL, .list_length = 15, .type = LV_FONT_FMT_TXT_CMAP_SPARSE_TINY
    },
    {
        .range_start = 65, .range_length = 26, .glyph_id_start = 16,
        .unicode_list = NULL, .glyph_id_ofs_list = NULL, .list_length = 0, .type = LV_FONT_FMT_TXT_CMAP_FORMAT0_TINY
    },
    {
        .range_start = 97, .range_length = 2, .glyph_id_start = 42,
        .unicode_list = NULL, .glyph_id_ofs_list = NULL, .list_length = 0, .type = LV_FONT_FMT_TXT_CMAP_FORMAT0_TINY
    },
    {
        .range_start = 100, .range_length = 23, .glyph_id_start = 44,
        .unicode_list = NULL, .glyph_id_ofs_list = NULL, .list_length = 0, .type = LV_FONT_FMT_TXT_CMAP_FORMAT0_TINY
    }
};

/*-----------------
 *    KERNING
 *----------------*/


/*Pair left and right glyphs for kerning*/
static const uint8_t kern_pair_glyph_ids[] =
{
    1, 35,
    1, 37,
    1, 38,
    1, 40,
    4, 1,
    16, 18,
    16, 22,
    16, 30,
    16, 32,
    16, 35,
    16, 36,
    16, 37,
    16, 38,
    16, 40,
    16, 61,
    16, 62,
    16, 63,
    16, 65,
    17, 16,
    17, 36,
    19, 4,
    19, 16,
    19, 37,
    19, 38,
    19, 40,
    21, 4,
    21, 16,
    21, 42,
    25, 4,
    25, 16,
    25, 61,
    26, 30,
    26, 45,
    26, 55,
    26, 61,
    26, 65,
    27, 35,
    27, 37,
    27, 38,
    27, 40,
    27, 65,
    30, 4,
    30, 16,
    30, 35,
    30, 37,
    30, 38,
    30, 39,
    30, 40,
    31, 4,
    31, 16,
    31, 42,
    31, 45,
    31, 55,
    32, 4,
    32, 36,
    33, 30,
    33, 35,
    33, 36,
    33, 37,
    33, 38,
    33, 40,
    35, 3,
    35, 4,
    35, 16,
    35, 30,
    35, 42,
    35, 45,
    35, 55,
    35, 58,
    35, 61,
    35, 63,
    35, 65,
    36, 4,
    36, 16,
    37, 3,
    37, 4,
    37, 16,
    37, 22,
    37, 30,
    37, 42,
    37, 45,
    37, 55,
    37, 61,
    38, 3,
    38, 4,
    38, 16,
    38, 30,
    38, 42,
    38, 45,
    38, 55,
    38, 61,
    38, 65,
    40, 4,
    40, 16,
    40, 30,
    40, 42,
    40, 45,
    40, 55,
    40, 61,
    42, 47,
    42, 62,
    42, 63,
    42, 65,
    43, 52,
    43, 61,
    43, 62,
    43, 65,
    44, 44,
    44, 62,
    44, 63,
    44, 65,
    45, 4,
    45, 62,
    45, 63,
    45, 64,
    45, 65,
    46, 4,
    46, 45,
    46, 55,
    47, 45,
    47, 47,
    48, 65,
    51, 55,
    52, 63,
    52, 65,
    53, 61,
    53, 65,
    54, 61,
    54, 62,
    54, 65,
    55, 62,
    55, 63,
    55, 64,
    55, 65,
    56, 65,
    58, 3,
    58, 4,
    58, 44,
    58, 47,
    58, 55,
    58, 57,
    58, 59,
    58, 60,
    58, 62,
    58, 65,
    59, 63,
    62, 4,
    62, 42,
    62, 55,
    63, 4,
    63, 55,
    64, 45,
    65, 4,
    65, 42,
    65, 45,
    65, 55,
    66, 45
};

/* Kerning between the respective left and right glyphs
 * 4.4 format which needs to scaled with `kern_scale`*/
static const int8_t kern_pair_values[] =
{
    -99, -79, -79, -119, -40, -40, -50, -40,
    -40, -89, -50, -79, -60, -109, -30, -40,
    -30, -30, -30, -10, -30, -40, -40, -40,
    -70, -99, -79, -20, -20, -20, -20, -30,
    -15, -35, -30, -40, -89, -109, -79, -119,
    -30, -40, -50, -40, -50, -50, -50, -70,
    -119, -99, -30, -30, -40, 20, -10, -20,
    -20, -20, -50, -40, -50, -119, -79, -89,
    -40, -79, -60, -79, -79, -89, -60, -60,
    -30, -50, -79, -119, -79, -50, -50, -60,
    -50, -89, -60, -40, -79, -60, -20, -40,
    -35, -60, -45, -20, -99, -109, -70, -89,
    -79, -99, -99, -10, -15, -15, -20, -10,
    -20, -20, -20, -10, -15, -15, -15, 20,
    -15, -15, -15, -15, -10, -10, -20, 10,
    -10, -20, -15, -15, -15, -20, -30, -10,
    -40, -20, -20, -15, -30, -20, -15, -20,
    -60, -20, -15, -20, -20, -15, 20, 10,
    10, -15, -79, -20, -30, -40, -20, -10,
    -79, -30, -10, -25, 10
};

/*Collect the kern pair's data in one place*/
static const lv_font_fmt_txt_kern_pair_t kern_pairs =
{
    .glyph_ids = kern_pair_glyph_ids,
    .values = kern_pair_values,
    .pair_cnt = 157,
    .glyph_ids_size = 0
};

/*--------------------
 *  ALL CUSTOM DATA
 *--------------------*/

#if LVGL_VERSION_MAJOR == 8
/*Store all the custom data of the font*/
static  lv_font_fmt_txt_glyph_cache_t cache;
#endif

#if LVGL_VERSION_MAJOR >= 8
static const lv_font_fmt_txt_dsc_t font_dsc = {
#else
static lv_font_fmt_txt_dsc_t font_dsc = {
#endif
    .glyph_bitmap = glyph_bitmap,
    .glyph_dsc = glyph_dsc,
    .cmaps = cmaps,
    .kern_dsc = &kern_pairs,
    .kern_scale = 33,
    .cmap_num = 4,
    .bpp = 1,
    .kern_classes = 0,
    .bitmap_format = 0,
#if LVGL_VERSION_MAJOR == 8
    .cache = &cache
#endif
};



/*-----------------
 *  PUBLIC FONT
 *----------------*/

/*Initialize a public general font descriptor*/
#if LVGL_VERSION_MAJOR >= 8
const lv_font_t big_fault_font = {
#else
lv_font_t big_fault_font = {
#endif
    .get_glyph_dsc = lv_font_get_glyph_dsc_fmt_txt,    /*Function pointer to get glyph's data*/
    .get_glyph_bitmap = lv_font_get_bitmap_fmt_txt,    /*Function pointer to get glyph's bitmap*/
    .line_height = 123,          /*The maximum line height required by the font*/
    .base_line = 28,             /*Baseline measured from the bottom of the line*/
#if !(LVGL_VERSION_MAJOR == 6 && LVGL_VERSION_MINOR == 0)
    .subpx = LV_FONT_SUBPX_NONE,
#endif
#if LV_VERSION_CHECK(7, 4, 0) || LVGL_VERSION_MAJOR >= 8
    .underline_position = -12,
    .underline_thickness = 6,
#endif
    .dsc = &font_dsc,          /*The custom font data. Will be accessed by `get_glyph_bitmap/dsc` */
#if LV_VERSION_CHECK(8, 2, 0) || LVGL_VERSION_MAJOR >= 9
    .fallback = NULL,
#endif
    .user_data = NULL,
};



#endif /*#if BIG_FAULT_FONT*/

